{
  "task_id": "DF-05-01",
  "run_id": "df_05_01_lora_onestepce_libero10_seed42_best_step10000",
  "model_variant": "DF-04-02 LoRA Batch12",
  "checkpoint_step": 10000,
  "total_tasks": 10,
  "total_rollouts": 500,
  "successful_rollouts": 3,
  "failed_rollouts": 497,
  "overall_success_rate": 0.006,
  "timeout_count": 497,
  "overall_timeout_rate": 0.994,
  "macro_average_task_success_rate": 0.006,
  "avg_success_steps": 275.6666666666667,
  "avg_all_steps": 518.534,
  "avg_episode_time_seconds": 82.06944457399999,
  "total_inference_calls": 259267,
  "avg_inference_latency_ms": 123.73829890435911,
  "p95_inference_latency_ms": 125.00429451465607,
  "avg_amortized_inference_ms_per_action": 123.73829890435911,
  "avg_end_to_end_latency_ms": 152.55958249419785,
  "p95_end_to_end_latency_ms": 157.4246410280466,
  "avg_control_frequency_hz": 6.554816050561963,
  "peak_vram_allocated_gb": 14.857380390167236,
  "peak_vram_reserved_gb": 15.126953125,
  "total_runtime_hours": 11.398533968611094,
  "current_invocation_runtime_hours": 11.406449477590828,
  "completed": true
}
