rollout_id,run_id,model_variant,quantization_backend,quantization_method,language_model_loaded_in_4bit,task_index,task_name,task_instruction,trial_index,initial_state_id,rollout_seed,success,timeout,termination_reason,episode_steps,steps_to_success,episode_time_seconds,inference_calls,actions_generated,actions_executed,replan_count,avg_inference_latency_ms,p95_inference_latency_ms,avg_amortized_inference_ms_per_action,avg_environment_step_latency_ms,p95_environment_step_latency_ms,avg_end_to_end_latency_ms,p95_end_to_end_latency_ms,avg_amortized_end_to_end_ms_per_action,control_frequency_hz,peak_vram_allocated_gb,peak_vram_reserved_gb,invalid_action_count,zero_equivalent_arm_action_count,zero_equivalent_full_noop_count,repeated_action_count,repeated_chunk_count,max_consecutive_zero_equivalent_actions,max_consecutive_repeated_chunks,collapse_warning_count,automatic_failure_reason,failure_detail,manual_failure_reason,manual_failure_note,video_path,started_at,finished_at
task_00_trial_000,df_06_02_lora_oft_nf4_libero10_seed42_best_step100000,DF-04-03 LoRA+OFT 4-bit NF4 Language Model,bitsandbytes,bnb_4bit_nf4,True,0,LIVING_ROOM_SCENE2_put_both_the_alphabet_soup_and_the_tomato_sauce_in_the_basket,put both the alphabet soup and the tomato sauce in the basket,0,0,42,True,False,success,283,283,14.736966,36,288,283,35,170.47997419204978,157.73695800453424,21.686498483794317,20.240599355354327,25.38058739155531,364.235114875353,395.15769854187965,46.33379553184703,21.58251851637453,6.27640962600708,6.908203125,0,0,0,0,0,0,0,0,,,,,/root/autodl-tmp/openvla_efficiency_project/scripts/Simulation/DF-06-02 LoRA+OFT INT4/output/videos/task_00_trial_000.mp4,2026-07-29T00:55:28.404263+00:00,2026-07-29T00:55:43.141967+00:00
task_00_trial_001,df_06_02_lora_oft_nf4_libero10_seed42_best_step100000,DF-04-03 LoRA+OFT 4-bit NF4 Language Model,bitsandbytes,bnb_4bit_nf4,True,0,LIVING_ROOM_SCENE2_put_both_the_alphabet_soup_and_the_tomato_sauce_in_the_basket,put both the alphabet soup and the tomato sauce in the basket,1,1,43,True,False,success,247,247,12.20789,31,248,247,30,155.7857416450016,162.5296240672469,19.552056643704653,19.583930257662587,25.678345747292035,344.4135615662221,385.83709858357906,43.225993556894274,23.134228220429332,6.27640962600708,6.908203125,0,0,0,0,0,0,0,0,,,,,/root/autodl-tmp/openvla_efficiency_project/scripts/Simulation/DF-06-02 LoRA+OFT INT4/output/videos/task_00_trial_001.mp4,2026-07-29T00:55:43.146822+00:00,2026-07-29T00:55:55.355471+00:00
task_00_trial_002,df_06_02_lora_oft_nf4_libero10_seed42_best_step100000,DF-04-03 LoRA+OFT 4-bit NF4 Language Model,bitsandbytes,bnb_4bit_nf4,True,0,LIVING_ROOM_SCENE2_put_both_the_alphabet_soup_and_the_tomato_sauce_in_the_basket,put both the alphabet soup and the tomato sauce in the basket,2,2,44,True,False,success,248,248,12.198137,31,248,248,30,157.02917288628316,160.53957026451826,19.628646610785395,19.659305960240385,24.997818935662504,346.51128707393525,380.8317054063082,43.313910884241906,23.08727103106756,6.27640962600708,6.908203125,0,0,0,0,0,0,0,0,,,,,/root/autodl-tmp/openvla_efficiency_project/scripts/Simulation/DF-06-02 LoRA+OFT INT4/output/videos/task_00_trial_002.mp4,2026-07-29T00:55:55.358697+00:00,2026-07-29T00:56:07.557627+00:00
task_00_trial_003,df_06_02_lora_oft_nf4_libero10_seed42_best_step100000,DF-04-03 LoRA+OFT 4-bit NF4 Language Model,bitsandbytes,bnb_4bit_nf4,True,0,LIVING_ROOM_SCENE2_put_both_the_alphabet_soup_and_the_tomato_sauce_in_the_basket,put both the alphabet soup and the tomato sauce in the basket,3,3,45,True,False,success,264,264,12.531114,33,264,264,32,155.1123790330056,159.4021588563919,19.3890473791257,18.548261063794296,22.72218894213438,336.411380124363,361.56812123954296,42.051422515545376,23.780408370973053,6.27640962600708,6.908203125,0,0,0,0,0,0,0,0,,,,,/root/autodl-tmp/openvla_efficiency_project/scripts/Simulation/DF-06-02 LoRA+OFT INT4/output/videos/task_00_trial_003.mp4,2026-07-29T00:56:07.560051+00:00,2026-07-29T00:56:20.091866+00:00
task_00_trial_004,df_06_02_lora_oft_nf4_libero10_seed42_best_step100000,DF-04-03 LoRA+OFT 4-bit NF4 Language Model,bitsandbytes,bnb_4bit_nf4,True,0,LIVING_ROOM_SCENE2_put_both_the_alphabet_soup_and_the_tomato_sauce_in_the_basket,put both the alphabet soup and the tomato sauce in the basket,4,4,46,True,False,success,308,308,14.584617,39,312,308,38,154.28912376937194,158.0125231295824,19.53660982793995,19.14764531319598,23.220178112387657,337.4724220484495,367.60175693780184,42.73189759704393,23.40172227851583,6.27640962600708,6.908203125,0,0,0,0,0,0,0,0,,,,,/root/autodl-tmp/openvla_efficiency_project/scripts/Simulation/DF-06-02 LoRA+OFT INT4/output/videos/task_00_trial_004.mp4,2026-07-29T00:56:20.094019+00:00,2026-07-29T00:56:34.679400+00:00
task_00_trial_005,df_06_02_lora_oft_nf4_libero10_seed42_best_step100000,DF-04-03 LoRA+OFT 4-bit NF4 Language Model,bitsandbytes,bnb_4bit_nf4,True,0,LIVING_ROOM_SCENE2_put_both_the_alphabet_soup_and_the_tomato_sauce_in_the_basket,put both the alphabet soup and the tomato sauce in the basket,5,5,47,True,False,success,266,266,13.318022,34,272,266,33,155.06306098883644,158.74887574464083,19.820090502332476,20.734443476325588,26.90040459856391,350.246731630143,401.4003982767463,44.76837923092053,22.337194626633302,6.27640962600708,6.908203125,0,0,0,0,0,0,0,0,,,,,/root/autodl-tmp/openvla_efficiency_project/scripts/Simulation/DF-06-02 LoRA+OFT INT4/output/videos/task_00_trial_005.mp4,2026-07-29T00:56:34.682091+00:00,2026-07-29T00:56:48.000981+00:00
task_00_trial_006,df_06_02_lora_oft_nf4_libero10_seed42_best_step100000,DF-04-03 LoRA+OFT 4-bit NF4 Language Model,bitsandbytes,bnb_4bit_nf4,True,0,LIVING_ROOM_SCENE2_put_both_the_alphabet_soup_and_the_tomato_sauce_in_the_basket,put both the alphabet soup and the tomato sauce in the basket,6,6,48,True,False,success,285,285,13.519473,36,288,285,35,154.40643940948777,155.99737269803882,19.503971293830034,18.10094573649398,20.576611533761024,330.02823249747354,346.9824162311852,41.68777673652298,23.987846757102123,6.27640962600708,6.908203125,0,0,0,0,0,0,0,0,,,,,/root/autodl-tmp/openvla_efficiency_project/scripts/Simulation/DF-06-02 LoRA+OFT INT4/output/videos/task_00_trial_006.mp4,2026-07-29T00:56:48.002920+00:00,2026-07-29T00:57:01.523297+00:00
task_00_trial_007,df_06_02_lora_oft_nf4_libero10_seed42_best_step100000,DF-04-03 LoRA+OFT 4-bit NF4 Language Model,bitsandbytes,bnb_4bit_nf4,True,0,LIVING_ROOM_SCENE2_put_both_the_alphabet_soup_and_the_tomato_sauce_in_the_basket,put both the alphabet soup and the tomato sauce in the basket,7,7,49,True,False,success,241,241,11.646108,31,248,241,30,153.7007699690519,154.90971226245165,19.770638460749414,17.79147187301974,20.457357168197632,323.9790487193292,346.0749704390764,41.67365356970625,23.995976218579695,6.27640962600708,6.908203125,0,0,0,0,0,0,0,0,,,,,/root/autodl-tmp/openvla_efficiency_project/scripts/Simulation/DF-06-02 LoRA+OFT INT4/output/videos/task_00_trial_007.mp4,2026-07-29T00:57:01.525601+00:00,2026-07-29T00:57:13.172378+00:00
task_00_trial_008,df_06_02_lora_oft_nf4_libero10_seed42_best_step100000,DF-04-03 LoRA+OFT 4-bit NF4 Language Model,bitsandbytes,bnb_4bit_nf4,True,0,LIVING_ROOM_SCENE2_put_both_the_alphabet_soup_and_the_tomato_sauce_in_the_basket,put both the alphabet soup and the tomato sauce in the basket,8,8,50,True,False,success,339,339,16.509731,43,344,339,42,154.02609369782513,155.4811753332615,19.537233123912923,20.02418672001116,27.61453054845331,343.771796370315,403.3406730741262,43.605272105969156,22.93300676050842,6.27640962600708,6.908203125,0,0,0,0,0,0,0,0,,,,,/root/autodl-tmp/openvla_efficiency_project/scripts/Simulation/DF-06-02 LoRA+OFT INT4/output/videos/task_00_trial_008.mp4,2026-07-29T00:57:13.174442+00:00,2026-07-29T00:57:29.684835+00:00
task_00_trial_009,df_06_02_lora_oft_nf4_libero10_seed42_best_step100000,DF-04-03 LoRA+OFT 4-bit NF4 Language Model,bitsandbytes,bnb_4bit_nf4,True,0,LIVING_ROOM_SCENE2_put_both_the_alphabet_soup_and_the_tomato_sauce_in_the_basket,put both the alphabet soup and the tomato sauce in the basket,9,9,51,True,False,success,266,266,12.953461,34,272,266,33,155.1437500097296,157.54858553409576,19.830404136581976,19.21676735820851,23.830951657146215,337.7740991247051,372.48699394986033,43.17413297082697,23.16201695760066,6.27640962600708,6.908203125,0,0,0,0,0,0,0,0,,,,,/root/autodl-tmp/openvla_efficiency_project/scripts/Simulation/DF-06-02 LoRA+OFT INT4/output/videos/task_00_trial_009.mp4,2026-07-29T00:57:29.687170+00:00,2026-07-29T00:57:42.641425+00:00
task_00_trial_010,df_06_02_lora_oft_nf4_libero10_seed42_best_step100000,DF-04-03 LoRA+OFT 4-bit NF4 Language Model,bitsandbytes,bnb_4bit_nf4,True,0,LIVING_ROOM_SCENE2_put_both_the_alphabet_soup_and_the_tomato_sauce_in_the_basket,put both the alphabet soup and the tomato sauce in the basket,10,10,52,True,False,success,303,303,14.70009,38,304,303,37,157.1306826938924,163.90472995117307,19.70615822563667,19.569037752625572,25.143622234463667,346.7985816594017,374.6318591758609,43.492891429231896,22.99226303744645,6.27640962600708,6.908203125,0,0,0,0,0,0,0,0,,,,,/root/autodl-tmp/openvla_efficiency_project/scripts/Simulation/DF-06-02 LoRA+OFT INT4/output/videos/task_00_trial_010.mp4,2026-07-29T00:57:42.644462+00:00,2026-07-29T00:57:57.345269+00:00
task_00_trial_011,df_06_02_lora_oft_nf4_libero10_seed42_best_step100000,DF-04-03 LoRA+OFT 4-bit NF4 Language Model,bitsandbytes,bnb_4bit_nf4,True,0,LIVING_ROOM_SCENE2_put_both_the_alphabet_soup_and_the_tomato_sauce_in_the_basket,put both the alphabet soup and the tomato sauce in the basket,11,11,53,True,False,success,289,289,14.419805,37,296,289,36,159.61051354738507,177.87388525903225,20.434564018177326,18.998369394082925,23.993362113833413,341.45385001760883,367.411708459258,43.715544811943,22.875158122856153,6.27640962600708,6.908203125,0,0,0,0,0,0,0,0,,,,,/root/autodl-tmp/openvla_efficiency_project/scripts/Simulation/DF-06-02 LoRA+OFT INT4/output/videos/task_00_trial_011.mp4,2026-07-29T00:57:57.347735+00:00,2026-07-29T00:58:11.768338+00:00
task_00_trial_012,df_06_02_lora_oft_nf4_libero10_seed42_best_step100000,DF-04-03 LoRA+OFT 4-bit NF4 Language Model,bitsandbytes,bnb_4bit_nf4,True,0,LIVING_ROOM_SCENE2_put_both_the_alphabet_soup_and_the_tomato_sauce_in_the_basket,put both the alphabet soup and the tomato sauce in the basket,12,12,54,True,False,success,263,263,12.920662,33,264,263,32,155.48021097977957,160.01614816486835,19.508923811151046,19.633766122077354,24.8369364067912,344.6491637803388,375.8466459810734,43.24495210932008,23.12408619327576,6.27640962600708,6.908203125,0,0,0,0,0,0,0,0,,,,,/root/autodl-tmp/openvla_efficiency_project/scripts/Simulation/DF-06-02 LoRA+OFT INT4/output/videos/task_00_trial_012.mp4,2026-07-29T00:58:11.774421+00:00,2026-07-29T00:58:24.695903+00:00
task_00_trial_013,df_06_02_lora_oft_nf4_libero10_seed42_best_step100000,DF-04-03 LoRA+OFT 4-bit NF4 Language Model,bitsandbytes,bnb_4bit_nf4,True,0,LIVING_ROOM_SCENE2_put_both_the_alphabet_soup_and_the_tomato_sauce_in_the_basket,put both the alphabet soup and the tomato sauce in the basket,13,13,55,True,False,success,286,286,13.881521,36,288,286,35,154.84613868304424,157.95869287103415,19.491122351711862,19.13831924199016,23.356587626039982,339.6946036049889,364.1733368858695,42.75876129293567,23.38701987059699,6.27640962600708,6.908203125,0,0,0,0,0,0,0,0,,,,,/root/autodl-tmp/openvla_efficiency_project/scripts/Simulation/DF-06-02 LoRA+OFT INT4/output/videos/task_00_trial_013.mp4,2026-07-29T00:58:24.698272+00:00,2026-07-29T00:58:38.580533+00:00
task_00_trial_014,df_06_02_lora_oft_nf4_libero10_seed42_best_step100000,DF-04-03 LoRA+OFT 4-bit NF4 Language Model,bitsandbytes,bnb_4bit_nf4,True,0,LIVING_ROOM_SCENE2_put_both_the_alphabet_soup_and_the_tomato_sauce_in_the_basket,put both the alphabet soup and the tomato sauce in the basket,14,14,56,True,False,success,260,260,12.586741,33,264,260,32,154.68712670333457,159.21716019511223,19.63336608157708,18.48114697405925,22.485884837806225,333.2116393880411,357.98197500407696,42.292246537712906,23.644995994910758,6.27640962600708,6.908203125,0,0,0,0,0,0,0,0,,,,,/root/autodl-tmp/openvla_efficiency_project/scripts/Simulation/DF-06-02 LoRA+OFT INT4/output/videos/task_00_trial_014.mp4,2026-07-29T00:58:38.582997+00:00,2026-07-29T00:58:51.170441+00:00
task_00_trial_015,df_06_02_lora_oft_nf4_libero10_seed42_best_step100000,DF-04-03 LoRA+OFT 4-bit NF4 Language Model,bitsandbytes,bnb_4bit_nf4,True,0,LIVING_ROOM_SCENE2_put_both_the_alphabet_soup_and_the_tomato_sauce_in_the_basket,put both the alphabet soup and the tomato sauce in the basket,15,15,57,True,False,success,269,269,13.026682,34,272,269,33,154.81971226194327,156.8294926546514,19.56829076916755,19.311288247044203,23.62181656062603,340.0587357361527,371.4583749882877,42.98140154285945,23.26587696315201,6.27640962600708,6.908203125,0,0,0,0,0,0,0,0,,,,,/root/autodl-tmp/openvla_efficiency_project/scripts/Simulation/DF-06-02 LoRA+OFT INT4/output/videos/task_00_trial_015.mp4,2026-07-29T00:58:51.172418+00:00,2026-07-29T00:59:04.199925+00:00
task_00_trial_016,df_06_02_lora_oft_nf4_libero10_seed42_best_step100000,DF-04-03 LoRA+OFT 4-bit NF4 Language Model,bitsandbytes,bnb_4bit_nf4,True,0,LIVING_ROOM_SCENE2_put_both_the_alphabet_soup_and_the_tomato_sauce_in_the_basket,put both the alphabet soup and the tomato sauce in the basket,16,16,58,True,False,success,242,242,11.754346,31,248,242,30,154.21398536812873,156.76724072545767,19.754684076082608,18.254050299956287,20.718659833073616,328.992405425637,345.6063102930784,42.14365524047416,23.728364193707012,6.27640962600708,6.908203125,0,0,0,0,0,0,0,0,,,,,/root/autodl-tmp/openvla_efficiency_project/scripts/Simulation/DF-06-02 LoRA+OFT INT4/output/videos/task_00_trial_016.mp4,2026-07-29T00:59:04.202400+00:00,2026-07-29T00:59:15.957393+00:00
task_00_trial_017,df_06_02_lora_oft_nf4_libero10_seed42_best_step100000,DF-04-03 LoRA+OFT 4-bit NF4 Language Model,bitsandbytes,bnb_4bit_nf4,True,0,LIVING_ROOM_SCENE2_put_both_the_alphabet_soup_and_the_tomato_sauce_in_the_basket,put both the alphabet soup and the tomato sauce in the basket,17,17,59,True,False,success,279,279,13.155037,35,280,279,34,154.31815428393227,156.84842560440302,19.35890824350405,18.227682545727728,21.876276656985283,331.95406273007393,356.11464809626335,41.64298277975838,24.013649677517222,6.27640962600708,6.908203125,0,0,0,0,0,0,0,0,,,,,/root/autodl-tmp/openvla_efficiency_project/scripts/Simulation/DF-06-02 LoRA+OFT INT4/output/videos/task_00_trial_017.mp4,2026-07-29T00:59:15.959696+00:00,2026-07-29T00:59:29.115420+00:00
task_00_trial_018,df_06_02_lora_oft_nf4_libero10_seed42_best_step100000,DF-04-03 LoRA+OFT 4-bit NF4 Language Model,bitsandbytes,bnb_4bit_nf4,True,0,LIVING_ROOM_SCENE2_put_both_the_alphabet_soup_and_the_tomato_sauce_in_the_basket,put both the alphabet soup and the tomato sauce in the basket,18,18,60,True,False,success,478,478,22.221221,60,480,478,59,156.76644587268433,162.18928964808583,19.67779655305661,19.138434391359656,21.907903999090195,341.50038740287226,358.7567249312997,42.866157414586475,23.32842643972843,6.27640962600708,6.908203125,0,0,0,0,0,0,0,0,,,,,/root/autodl-tmp/openvla_efficiency_project/scripts/Simulation/DF-06-02 LoRA+OFT INT4/output/videos/task_00_trial_018.mp4,2026-07-29T00:59:29.117461+00:00,2026-07-29T00:59:51.339520+00:00
task_00_trial_019,df_06_02_lora_oft_nf4_libero10_seed42_best_step100000,DF-04-03 LoRA+OFT 4-bit NF4 Language Model,bitsandbytes,bnb_4bit_nf4,True,0,LIVING_ROOM_SCENE2_put_both_the_alphabet_soup_and_the_tomato_sauce_in_the_basket,put both the alphabet soup and the tomato sauce in the basket,19,19,61,True,False,success,245,245,12.055036,31,248,245,30,155.50420685641228,159.48847122490406,19.676042500199102,19.141197675953105,23.387501016259186,339.0170594136561,368.5617297887802,42.896036089074855,23.312177328540827,6.27640962600708,6.908203125,0,0,0,0,0,0,0,0,,,,,/root/autodl-tmp/openvla_efficiency_project/scripts/Simulation/DF-06-02 LoRA+OFT INT4/output/videos/task_00_trial_019.mp4,2026-07-29T00:59:51.341410+00:00,2026-07-29T01:00:03.397278+00:00
task_00_trial_020,df_06_02_lora_oft_nf4_libero10_seed42_best_step100000,DF-04-03 LoRA+OFT 4-bit NF4 Language Model,bitsandbytes,bnb_4bit_nf4,True,0,LIVING_ROOM_SCENE2_put_both_the_alphabet_soup_and_the_tomato_sauce_in_the_basket,put both the alphabet soup and the tomato sauce in the basket,20,20,62,True,False,success,282,282,13.63879,36,288,282,35,155.47126319466366,158.43764506280422,19.847395301446426,18.67631180806363,21.902733389288187,334.213777910918,359.6025281585753,42.66558866947889,23.438092176502806,6.27640962600708,6.908203125,0,0,0,0,0,0,0,0,,,,,/root/autodl-tmp/openvla_efficiency_project/scripts/Simulation/DF-06-02 LoRA+OFT INT4/output/videos/task_00_trial_020.mp4,2026-07-29T01:00:03.400512+00:00,2026-07-29T01:00:17.039986+00:00
task_00_trial_021,df_06_02_lora_oft_nf4_libero10_seed42_best_step100000,DF-04-03 LoRA+OFT 4-bit NF4 Language Model,bitsandbytes,bnb_4bit_nf4,True,0,LIVING_ROOM_SCENE2_put_both_the_alphabet_soup_and_the_tomato_sauce_in_the_basket,put both the alphabet soup and the tomato sauce in the basket,21,21,63,True,False,success,330,330,15.490173,42,336,330,41,154.76052879932382,157.3974127881229,19.696794574459393,18.173479937920064,20.30462371185422,329.83075982580584,344.7882332839072,41.978460341466196,23.82174076575655,6.27640962600708,6.908203125,0,0,0,0,0,0,0,0,,,,,/root/autodl-tmp/openvla_efficiency_project/scripts/Simulation/DF-06-02 LoRA+OFT INT4/output/videos/task_00_trial_021.mp4,2026-07-29T01:00:17.042185+00:00,2026-07-29T01:00:32.533176+00:00
task_00_trial_022,df_06_02_lora_oft_nf4_libero10_seed42_best_step100000,DF-04-03 LoRA+OFT 4-bit NF4 Language Model,bitsandbytes,bnb_4bit_nf4,True,0,LIVING_ROOM_SCENE2_put_both_the_alphabet_soup_and_the_tomato_sauce_in_the_basket,put both the alphabet soup and the tomato sauce in the basket,22,22,64,True,False,success,241,241,12.017122,31,248,241,30,155.8929229936292,162.49680425971746,20.052616650632803,18.92816027263141,25.455424562096596,335.3145687330154,371.7522071674466,43.13174950507666,23.184777141541606,6.27640962600708,6.908203125,0,0,0,0,0,0,0,0,,,,,/root/autodl-tmp/openvla_efficiency_project/scripts/Simulation/DF-06-02 LoRA+OFT INT4/output/videos/task_00_trial_022.mp4,2026-07-29T01:00:32.536336+00:00,2026-07-29T01:00:44.554131+00:00
task_00_trial_023,df_06_02_lora_oft_nf4_libero10_seed42_best_step100000,DF-04-03 LoRA+OFT 4-bit NF4 Language Model,bitsandbytes,bnb_4bit_nf4,True,0,LIVING_ROOM_SCENE2_put_both_the_alphabet_soup_and_the_tomato_sauce_in_the_basket,put both the alphabet soup and the tomato sauce in the basket,23,23,65,True,False,success,263,263,12.526055,33,264,263,32,155.12365232588667,158.2632251083851,19.464184512373613,17.97022310726543,20.4656932502985,331.346216922005,348.01227413117886,41.57576105865462,24.05247611917942,6.27640962600708,6.908203125,0,0,0,0,0,0,0,0,,,,,/root/autodl-tmp/openvla_efficiency_project/scripts/Simulation/DF-06-02 LoRA+OFT INT4/output/videos/task_00_trial_023.mp4,2026-07-29T01:00:44.556780+00:00,2026-07-29T01:00:57.083585+00:00
task_00_trial_024,df_06_02_lora_oft_nf4_libero10_seed42_best_step100000,DF-04-03 LoRA+OFT 4-bit NF4 Language Model,bitsandbytes,bnb_4bit_nf4,True,0,LIVING_ROOM_SCENE2_put_both_the_alphabet_soup_and_the_tomato_sauce_in_the_basket,put both the alphabet soup and the tomato sauce in the basket,24,24,66,True,False,success,320,320,15.596088,40,320,320,39,156.05561966076493,157.21071437001228,19.506952457595617,20.140583656029776,24.584306497126818,350.6421570200473,379.75375540554523,43.83026962750591,22.815282874108647,6.27640962600708,6.908203125,0,0,0,0,0,0,0,0,,,,,/root/autodl-tmp/openvla_efficiency_project/scripts/Simulation/DF-06-02 LoRA+OFT INT4/output/videos/task_00_trial_024.mp4,2026-07-29T01:00:57.139468+00:00,2026-07-29T01:01:12.736559+00:00
task_00_trial_025,df_06_02_lora_oft_nf4_libero10_seed42_best_step100000,DF-04-03 LoRA+OFT 4-bit NF4 Language Model,bitsandbytes,bnb_4bit_nf4,True,0,LIVING_ROOM_SCENE2_put_both_the_alphabet_soup_and_the_tomato_sauce_in_the_basket,put both the alphabet soup and the tomato sauce in the basket,25,25,67,True,False,success,267,267,13.460822,34,272,267,33,155.47541939817808,158.8637674227357,19.79836801325114,20.163494688964516,25.069794058799744,346.5707959497676,387.66149589791894,44.132610720195125,22.658981276682074,6.27640962600708,6.908203125,0,0,0,0,0,0,0,0,,,,,/root/autodl-tmp/openvla_efficiency_project/scripts/Simulation/DF-06-02 LoRA+OFT INT4/output/videos/task_00_trial_025.mp4,2026-07-29T01:01:12.738816+00:00,2026-07-29T01:01:26.200523+00:00
task_00_trial_026,df_06_02_lora_oft_nf4_libero10_seed42_best_step100000,DF-04-03 LoRA+OFT 4-bit NF4 Language Model,bitsandbytes,bnb_4bit_nf4,True,0,LIVING_ROOM_SCENE2_put_both_the_alphabet_soup_and_the_tomato_sauce_in_the_basket,put both the alphabet soup and the tomato sauce in the basket,26,26,68,True,False,success,247,247,12.05049,31,248,247,30,155.2331258332537,158.2417832687497,19.482700003363824,18.418671962944604,21.702716127038002,334.97937263980987,357.97244030982256,42.041945553984235,23.785768874942846,6.27640962600708,6.908203125,0,0,0,0,0,0,0,0,,,,,/root/autodl-tmp/openvla_efficiency_project/scripts/Simulation/DF-06-02 LoRA+OFT INT4/output/videos/task_00_trial_026.mp4,2026-07-29T01:01:26.202979+00:00,2026-07-29T01:01:38.254275+00:00
task_00_trial_027,df_06_02_lora_oft_nf4_libero10_seed42_best_step100000,DF-04-03 LoRA+OFT 4-bit NF4 Language Model,bitsandbytes,bnb_4bit_nf4,True,0,LIVING_ROOM_SCENE2_put_both_the_alphabet_soup_and_the_tomato_sauce_in_the_basket,put both the alphabet soup and the tomato sauce in the basket,27,27,69,True,False,success,263,263,12.900972,33,264,263,32,155.82834754252073,161.44435666501522,19.552606345639482,19.436238772685538,24.344490654766556,343.9404319858912,373.6500971019268,43.15602378530194,23.171736232580805,6.27640962600708,6.908203125,0,0,0,0,0,0,0,0,,,,,/root/autodl-tmp/openvla_efficiency_project/scripts/Simulation/DF-06-02 LoRA+OFT INT4/output/videos/task_00_trial_027.mp4,2026-07-29T01:01:38.256505+00:00,2026-07-29T01:01:51.158353+00:00
task_00_trial_028,df_06_02_lora_oft_nf4_libero10_seed42_best_step100000,DF-04-03 LoRA+OFT 4-bit NF4 Language Model,bitsandbytes,bnb_4bit_nf4,True,0,LIVING_ROOM_SCENE2_put_both_the_alphabet_soup_and_the_tomato_sauce_in_the_basket,put both the alphabet soup and the tomato sauce in the basket,28,28,70,True,False,success,249,249,12.577559,32,256,249,31,157.54999709315598,162.33274340629578,20.247389184662616,19.89038949869723,26.334616914391518,346.35581518523395,392.50133177265525,44.51159070653609,22.46605848335049,6.27640962600708,6.908203125,0,0,0,0,0,0,0,0,,,,,/root/autodl-tmp/openvla_efficiency_project/scripts/Simulation/DF-06-02 LoRA+OFT INT4/output/videos/task_00_trial_028.mp4,2026-07-29T01:01:51.160533+00:00,2026-07-29T01:02:03.738986+00:00
task_00_trial_029,df_06_02_lora_oft_nf4_libero10_seed42_best_step100000,DF-04-03 LoRA+OFT 4-bit NF4 Language Model,bitsandbytes,bnb_4bit_nf4,True,0,LIVING_ROOM_SCENE2_put_both_the_alphabet_soup_and_the_tomato_sauce_in_the_basket,put both the alphabet soup and the tomato sauce in the basket,29,29,71,True,False,success,274,274,13.493937,35,280,274,34,156.344651643719,160.7803724706173,19.971032144270673,18.584422841940047,22.70612297579646,334.94392803737094,372.1201295033097,42.78480832594155,23.372782048755234,6.27640962600708,6.908203125,0,0,0,0,0,0,0,0,,,,,/root/autodl-tmp/openvla_efficiency_project/scripts/Simulation/DF-06-02 LoRA+OFT INT4/output/videos/task_00_trial_029.mp4,2026-07-29T01:02:03.741814+00:00,2026-07-29T01:02:17.236572+00:00
task_00_trial_030,df_06_02_lora_oft_nf4_libero10_seed42_best_step100000,DF-04-03 LoRA+OFT 4-bit NF4 Language Model,bitsandbytes,bnb_4bit_nf4,True,0,LIVING_ROOM_SCENE2_put_both_the_alphabet_soup_and_the_tomato_sauce_in_the_basket,put both the alphabet soup and the tomato sauce in the basket,30,30,72,True,False,success,242,242,12.336528,31,248,242,30,156.368124328794,160.97599361091852,20.030627496663698,19.99876605854793,24.89712219685316,345.56126925012757,381.1958506703377,44.266113003115514,22.59064399735343,6.27640962600708,6.908203125,0,0,0,0,0,0,0,0,,,,,/root/autodl-tmp/openvla_efficiency_project/scripts/Simulation/DF-06-02 LoRA+OFT INT4/output/videos/task_00_trial_030.mp4,2026-07-29T01:02:17.239929+00:00,2026-07-29T01:02:29.577140+00:00
task_00_trial_031,df_06_02_lora_oft_nf4_libero10_seed42_best_step100000,DF-04-03 LoRA+OFT 4-bit NF4 Language Model,bitsandbytes,bnb_4bit_nf4,True,0,LIVING_ROOM_SCENE2_put_both_the_alphabet_soup_and_the_tomato_sauce_in_the_basket,put both the alphabet soup and the tomato sauce in the basket,31,31,73,True,False,success,237,237,11.787889,30,240,237,29,157.20580636213222,160.70163631811738,19.899469159763573,19.041963691827114,23.40269200503826,341.75044434765977,368.2010275311768,43.25954991742528,23.116283038284507,6.27640962600708,6.908203125,0,0,0,0,0,0,0,0,,,,,/root/autodl-tmp/openvla_efficiency_project/scripts/Simulation/DF-06-02 LoRA+OFT INT4/output/videos/task_00_trial_031.mp4,2026-07-29T01:02:29.579603+00:00,2026-07-29T01:02:41.368374+00:00
task_00_trial_032,df_06_02_lora_oft_nf4_libero10_seed42_best_step100000,DF-04-03 LoRA+OFT 4-bit NF4 Language Model,bitsandbytes,bnb_4bit_nf4,True,0,LIVING_ROOM_SCENE2_put_both_the_alphabet_soup_and_the_tomato_sauce_in_the_basket,put both the alphabet soup and the tomato sauce in the basket,32,32,74,True,False,success,256,256,12.572184,32,256,256,31,154.4630242860876,155.8753096498549,19.30787803576095,18.552521607489325,21.88622811809182,335.35295637557283,362.2873017564416,41.919119546946604,23.85546287249824,6.27640962600708,6.908203125,0,0,0,0,0,0,0,0,,,,,/root/autodl-tmp/openvla_efficiency_project/scripts/Simulation/DF-06-02 LoRA+OFT INT4/output/videos/task_00_trial_032.mp4,2026-07-29T01:02:41.370831+00:00,2026-07-29T01:02:53.943731+00:00
task_00_trial_033,df_06_02_lora_oft_nf4_libero10_seed42_best_step100000,DF-04-03 LoRA+OFT 4-bit NF4 Language Model,bitsandbytes,bnb_4bit_nf4,True,0,LIVING_ROOM_SCENE2_put_both_the_alphabet_soup_and_the_tomato_sauce_in_the_basket,put both the alphabet soup and the tomato sauce in the basket,33,33,75,True,False,success,239,239,11.602049,30,240,239,29,154.14844925204912,156.16103820502758,19.349177730382735,18.695943462798784,22.972370870411396,335.69818524022895,364.59817634895444,42.13784751969401,23.731634596015585,6.27640962600708,6.908203125,0,0,0,0,0,0,0,0,,,,,/root/autodl-tmp/openvla_efficiency_project/scripts/Simulation/DF-06-02 LoRA+OFT INT4/output/videos/task_00_trial_033.mp4,2026-07-29T01:02:53.946110+00:00,2026-07-29T01:03:05.549084+00:00
task_00_trial_034,df_06_02_lora_oft_nf4_libero10_seed42_best_step100000,DF-04-03 LoRA+OFT 4-bit NF4 Language Model,bitsandbytes,bnb_4bit_nf4,True,0,LIVING_ROOM_SCENE2_put_both_the_alphabet_soup_and_the_tomato_sauce_in_the_basket,put both the alphabet soup and the tomato sauce in the basket,34,34,76,True,False,success,261,261,12.66685,33,264,261,32,154.0984662080353,154.76380586624146,19.483714118257335,18.449716655344798,22.27049507200718,331.64098864477694,355.35243414342403,41.93161925393731,23.8483516208619,6.27640962600708,6.908203125,0,0,0,0,0,0,0,0,,,,,/root/autodl-tmp/openvla_efficiency_project/scripts/Simulation/DF-06-02 LoRA+OFT INT4/output/videos/task_00_trial_034.mp4,2026-07-29T01:03:05.551658+00:00,2026-07-29T01:03:18.219280+00:00
task_00_trial_035,df_06_02_lora_oft_nf4_libero10_seed42_best_step100000,DF-04-03 LoRA+OFT 4-bit NF4 Language Model,bitsandbytes,bnb_4bit_nf4,True,0,LIVING_ROOM_SCENE2_put_both_the_alphabet_soup_and_the_tomato_sauce_in_the_basket,put both the alphabet soup and the tomato sauce in the basket,35,35,77,True,False,success,233,233,11.40148,30,240,233,29,154.00342450787625,155.10512636974454,19.8287671040184,18.270967704096066,20.686260238289833,327.68035996705294,345.52459260448813,42.190604287603385,23.701959639715902,6.27640962600708,6.908203125,0,0,0,0,0,0,0,0,,,,,/root/autodl-tmp/openvla_efficiency_project/scripts/Simulation/DF-06-02 LoRA+OFT INT4/output/videos/task_00_trial_035.mp4,2026-07-29T01:03:18.221541+00:00,2026-07-29T01:03:29.623689+00:00
task_00_trial_036,df_06_02_lora_oft_nf4_libero10_seed42_best_step100000,DF-04-03 LoRA+OFT 4-bit NF4 Language Model,bitsandbytes,bnb_4bit_nf4,True,0,LIVING_ROOM_SCENE2_put_both_the_alphabet_soup_and_the_tomato_sauce_in_the_basket,put both the alphabet soup and the tomato sauce in the basket,36,36,78,True,False,success,284,284,13.290144,36,288,284,35,154.3560070503089,155.7591650635004,19.566254414827892,18.03775313375911,21.360503789037466,328.6440084274444,349.7319323942065,41.6590996598169,24.004359387645852,6.27640962600708,6.908203125,0,0,0,0,0,0,0,0,,,,,/root/autodl-tmp/openvla_efficiency_project/scripts/Simulation/DF-06-02 LoRA+OFT INT4/output/videos/task_00_trial_036.mp4,2026-07-29T01:03:29.625740+00:00,2026-07-29T01:03:42.916664+00:00
task_00_trial_037,df_06_02_lora_oft_nf4_libero10_seed42_best_step100000,DF-04-03 LoRA+OFT 4-bit NF4 Language Model,bitsandbytes,bnb_4bit_nf4,True,0,LIVING_ROOM_SCENE2_put_both_the_alphabet_soup_and_the_tomato_sauce_in_the_basket,put both the alphabet soup and the tomato sauce in the basket,37,37,79,True,False,success,250,250,12.159246,32,256,250,31,154.70727009233087,156.62658363580704,19.80253057181835,18.778519742190838,22.296709567308426,333.79843313014135,358.69817789644003,42.72619944065809,23.404843236499143,6.27640962600708,6.908203125,0,0,0,0,0,0,0,0,,,,,/root/autodl-tmp/openvla_efficiency_project/scripts/Simulation/DF-06-02 LoRA+OFT INT4/output/videos/task_00_trial_037.mp4,2026-07-29T01:03:42.918796+00:00,2026-07-29T01:03:55.078840+00:00
task_00_trial_038,df_06_02_lora_oft_nf4_libero10_seed42_best_step100000,DF-04-03 LoRA+OFT 4-bit NF4 Language Model,bitsandbytes,bnb_4bit_nf4,True,0,LIVING_ROOM_SCENE2_put_both_the_alphabet_soup_and_the_tomato_sauce_in_the_basket,put both the alphabet soup and the tomato sauce in the basket,38,38,80,True,False,success,273,273,13.484495,35,280,273,34,154.5239046216011,156.8706827238202,19.81075700276937,19.20563638919876,23.51351641118526,335.8750612608024,371.87903821468353,43.06090528984646,23.222920959717836,6.27640962600708,6.908203125,0,0,0,0,0,0,0,0,,,,,/root/autodl-tmp/openvla_efficiency_project/scripts/Simulation/DF-06-02 LoRA+OFT INT4/output/videos/task_00_trial_038.mp4,2026-07-29T01:03:55.080935+00:00,2026-07-29T01:04:08.566295+00:00
task_00_trial_039,df_06_02_lora_oft_nf4_libero10_seed42_best_step100000,DF-04-03 LoRA+OFT 4-bit NF4 Language Model,bitsandbytes,bnb_4bit_nf4,True,0,LIVING_ROOM_SCENE2_put_both_the_alphabet_soup_and_the_tomato_sauce_in_the_basket,put both the alphabet soup and the tomato sauce in the basket,39,39,81,True,False,success,296,296,14.312022,37,296,296,36,157.15142168306016,165.5175536870956,19.64392771038252,18.915019910530866,23.269358091056347,342.9167322008996,359.3280777335167,42.86459152511245,23.329278652151498,6.27640962600708,6.908203125,0,0,0,0,0,0,0,0,,,,,/root/autodl-tmp/openvla_efficiency_project/scripts/Simulation/DF-06-02 LoRA+OFT INT4/output/videos/task_00_trial_039.mp4,2026-07-29T01:04:08.717393+00:00,2026-07-29T01:04:23.030253+00:00
task_00_trial_040,df_06_02_lora_oft_nf4_libero10_seed42_best_step100000,DF-04-03 LoRA+OFT 4-bit NF4 Language Model,bitsandbytes,bnb_4bit_nf4,True,0,LIVING_ROOM_SCENE2_put_both_the_alphabet_soup_and_the_tomato_sauce_in_the_basket,put both the alphabet soup and the tomato sauce in the basket,40,40,82,True,False,success,297,297,14.841985,38,304,297,37,157.6083492683737,163.15017146989703,20.165378020869362,19.368003746526007,24.639732018113133,341.9841046101953,366.9852800667286,43.75554200399805,22.854247809537533,6.27640962600708,6.908203125,0,0,0,0,0,0,0,0,,,,,/root/autodl-tmp/openvla_efficiency_project/scripts/Simulation/DF-06-02 LoRA+OFT INT4/output/videos/task_00_trial_040.mp4,2026-07-29T01:04:23.032689+00:00,2026-07-29T01:04:37.875555+00:00
task_00_trial_041,df_06_02_lora_oft_nf4_libero10_seed42_best_step100000,DF-04-03 LoRA+OFT 4-bit NF4 Language Model,bitsandbytes,bnb_4bit_nf4,True,0,LIVING_ROOM_SCENE2_put_both_the_alphabet_soup_and_the_tomato_sauce_in_the_basket,put both the alphabet soup and the tomato sauce in the basket,41,41,83,True,False,success,259,259,13.085583,33,264,259,32,156.87267945119828,160.83806939423084,19.98763869455422,19.47970677555528,25.983527302742004,343.5053244571794,380.34397438168526,43.767087672150275,22.84821890573991,6.27640962600708,6.908203125,0,0,0,0,0,0,0,0,,,,,/root/autodl-tmp/openvla_efficiency_project/scripts/Simulation/DF-06-02 LoRA+OFT INT4/output/videos/task_00_trial_041.mp4,2026-07-29T01:04:37.878033+00:00,2026-07-29T01:04:50.964428+00:00
task_00_trial_042,df_06_02_lora_oft_nf4_libero10_seed42_best_step100000,DF-04-03 LoRA+OFT 4-bit NF4 Language Model,bitsandbytes,bnb_4bit_nf4,True,0,LIVING_ROOM_SCENE2_put_both_the_alphabet_soup_and_the_tomato_sauce_in_the_basket,put both the alphabet soup and the tomato sauce in the basket,42,42,84,True,False,success,252,252,12.714603,32,256,252,31,154.45981931407005,156.216580606997,19.61394530972318,19.909450281707066,27.54293791949749,343.98505167337134,401.94217851385474,43.68064148233287,22.89343668188713,6.27640962600708,6.908203125,0,0,0,0,0,0,0,0,,,,,/root/autodl-tmp/openvla_efficiency_project/scripts/Simulation/DF-06-02 LoRA+OFT INT4/output/videos/task_00_trial_042.mp4,2026-07-29T01:04:50.966893+00:00,2026-07-29T01:05:03.682236+00:00
task_00_trial_043,df_06_02_lora_oft_nf4_libero10_seed42_best_step100000,DF-04-03 LoRA+OFT 4-bit NF4 Language Model,bitsandbytes,bnb_4bit_nf4,True,0,LIVING_ROOM_SCENE2_put_both_the_alphabet_soup_and_the_tomato_sauce_in_the_basket,put both the alphabet soup and the tomato sauce in the basket,43,43,85,True,False,success,248,248,12.044689,31,248,248,30,154.14023044849597,155.6889694184065,19.267528806061996,18.159110985335804,20.222307741641995,331.67511705429325,345.90190928429365,41.45938963178666,24.119988472606607,6.27640962600708,6.908203125,0,0,0,0,0,0,0,0,,,,,/root/autodl-tmp/openvla_efficiency_project/scripts/Simulation/DF-06-02 LoRA+OFT INT4/output/videos/task_00_trial_043.mp4,2026-07-29T01:05:03.684687+00:00,2026-07-29T01:05:15.730178+00:00
task_00_trial_044,df_06_02_lora_oft_nf4_libero10_seed42_best_step100000,DF-04-03 LoRA+OFT 4-bit NF4 Language Model,bitsandbytes,bnb_4bit_nf4,True,0,LIVING_ROOM_SCENE2_put_both_the_alphabet_soup_and_the_tomato_sauce_in_the_basket,put both the alphabet soup and the tomato sauce in the basket,44,44,86,True,False,success,277,277,13.174655,35,280,277,34,154.80021759867668,156.1597302556038,19.55959428142124,18.565162532166024,22.71055281162262,333.95075675632273,359.6967834979295,42.19594399448121,23.698960263355872,6.27640962600708,6.908203125,0,0,0,0,0,0,0,0,,,,,/root/autodl-tmp/openvla_efficiency_project/scripts/Simulation/DF-06-02 LoRA+OFT INT4/output/videos/task_00_trial_044.mp4,2026-07-29T01:05:15.733811+00:00,2026-07-29T01:05:28.909385+00:00
task_00_trial_045,df_06_02_lora_oft_nf4_libero10_seed42_best_step100000,DF-04-03 LoRA+OFT 4-bit NF4 Language Model,bitsandbytes,bnb_4bit_nf4,True,0,LIVING_ROOM_SCENE2_put_both_the_alphabet_soup_and_the_tomato_sauce_in_the_basket,put both the alphabet soup and the tomato sauce in the basket,45,45,87,True,False,success,271,271,12.948524,34,272,271,33,154.1570359840989,155.42723191902041,19.34073514191647,18.64862270185868,22.018913179636,334.86508665715945,353.3006330020726,42.0125938979462,23.802386551735506,6.27640962600708,6.908203125,0,0,0,0,0,0,0,0,,,,,/root/autodl-tmp/openvla_efficiency_project/scripts/Simulation/DF-06-02 LoRA+OFT INT4/output/videos/task_00_trial_045.mp4,2026-07-29T01:05:28.911345+00:00,2026-07-29T01:05:41.860724+00:00
task_00_trial_046,df_06_02_lora_oft_nf4_libero10_seed42_best_step100000,DF-04-03 LoRA+OFT 4-bit NF4 Language Model,bitsandbytes,bnb_4bit_nf4,True,0,LIVING_ROOM_SCENE2_put_both_the_alphabet_soup_and_the_tomato_sauce_in_the_basket,put both the alphabet soup and the tomato sauce in the basket,46,46,88,True,False,success,249,249,12.539407,32,256,249,31,154.2407349916175,155.549025721848,19.82210248888257,19.948872524392176,24.838586896657944,341.43847454106435,381.4273623749614,43.8796433145143,22.789610955411412,6.27640962600708,6.908203125,0,0,0,0,0,0,0,0,,,,,/root/autodl-tmp/openvla_efficiency_project/scripts/Simulation/DF-06-02 LoRA+OFT INT4/output/videos/task_00_trial_046.mp4,2026-07-29T01:05:41.863332+00:00,2026-07-29T01:05:54.403567+00:00
task_00_trial_047,df_06_02_lora_oft_nf4_libero10_seed42_best_step100000,DF-04-03 LoRA+OFT 4-bit NF4 Language Model,bitsandbytes,bnb_4bit_nf4,True,0,LIVING_ROOM_SCENE2_put_both_the_alphabet_soup_and_the_tomato_sauce_in_the_basket,put both the alphabet soup and the tomato sauce in the basket,47,47,89,True,False,success,267,267,13.161066,34,272,267,33,154.36596741132877,155.7363947853446,19.657089483090555,19.337757284777442,24.10480547696352,338.095967164811,369.4268678314983,43.05341903971376,23.226959026821312,6.27640962600708,6.908203125,0,0,0,0,0,0,0,0,,,,,/root/autodl-tmp/openvla_efficiency_project/scripts/Simulation/DF-06-02 LoRA+OFT INT4/output/videos/task_00_trial_047.mp4,2026-07-29T01:05:54.406649+00:00,2026-07-29T01:06:07.568612+00:00
task_00_trial_048,df_06_02_lora_oft_nf4_libero10_seed42_best_step100000,DF-04-03 LoRA+OFT 4-bit NF4 Language Model,bitsandbytes,bnb_4bit_nf4,True,0,LIVING_ROOM_SCENE2_put_both_the_alphabet_soup_and_the_tomato_sauce_in_the_basket,put both the alphabet soup and the tomato sauce in the basket,48,48,90,True,False,success,320,320,15.438166,40,320,320,39,154.30220472626388,155.85147151723504,19.287775590782985,19.968434871407226,25.380152463912967,346.3294552639127,384.53670470044017,43.291181907989085,23.099392438058086,6.27640962600708,6.908203125,0,0,0,0,0,0,0,0,,,,,/root/autodl-tmp/openvla_efficiency_project/scripts/Simulation/DF-06-02 LoRA+OFT INT4/output/videos/task_00_trial_048.mp4,2026-07-29T01:06:07.571078+00:00,2026-07-29T01:06:23.010030+00:00
task_00_trial_049,df_06_02_lora_oft_nf4_libero10_seed42_best_step100000,DF-04-03 LoRA+OFT 4-bit NF4 Language Model,bitsandbytes,bnb_4bit_nf4,True,0,LIVING_ROOM_SCENE2_put_both_the_alphabet_soup_and_the_tomato_sauce_in_the_basket,put both the alphabet soup and the tomato sauce in the basket,49,49,91,True,False,success,424,424,19.557252,53,424,424,52,154.90973368287086,156.6272832453251,19.363716710358858,18.705639570846028,21.463835332542654,337.23923725620756,358.45245085656643,42.154904657025945,23.72203206568824,6.27640962600708,6.908203125,0,0,0,0,0,0,0,0,,,,,/root/autodl-tmp/openvla_efficiency_project/scripts/Simulation/DF-06-02 LoRA+OFT INT4/output/videos/task_00_trial_049.mp4,2026-07-29T01:06:23.012342+00:00,2026-07-29T01:06:42.570566+00:00
task_01_trial_000,df_06_02_lora_oft_nf4_libero10_seed42_best_step100000,DF-04-03 LoRA+OFT 4-bit NF4 Language Model,bitsandbytes,bnb_4bit_nf4,True,1,LIVING_ROOM_SCENE2_put_both_the_cream_cheese_box_and_the_butter_in_the_basket,put both the cream cheese box and the butter in the basket,0,0,1042,True,False,success,231,231,11.362574,29,232,231,28,156.36906259018798,161.61687187850475,19.630748117382907,18.716480244289745,23.60361348837614,338.95575422151336,364.14929293096066,42.5528868936099,23.50016821420801,6.277223587036133,6.908203125,0,0,0,0,0,0,0,0,,,,,/root/autodl-tmp/openvla_efficiency_project/scripts/Simulation/DF-06-02 LoRA+OFT INT4/output/videos/task_01_trial_000.mp4,2026-07-29T01:06:44.113762+00:00,2026-07-29T01:06:55.477188+00:00
task_01_trial_001,df_06_02_lora_oft_nf4_libero10_seed42_best_step100000,DF-04-03 LoRA+OFT 4-bit NF4 Language Model,bitsandbytes,bnb_4bit_nf4,True,1,LIVING_ROOM_SCENE2_put_both_the_cream_cheese_box_and_the_butter_in_the_basket,put both the cream cheese box and the butter in the basket,1,1,1043,True,False,success,251,251,12.285444,32,256,251,31,155.20584082696587,159.98851880431175,19.787198830529512,18.371606653786277,21.174673922359943,331.5570716513321,348.62278075888753,42.27022427427341,23.657314745041983,6.277223587036133,6.908203125,0,0,0,0,0,0,0,0,,,,,/root/autodl-tmp/openvla_efficiency_project/scripts/Simulation/DF-06-02 LoRA+OFT INT4/output/videos/task_01_trial_001.mp4,2026-07-29T01:06:55.545791+00:00,2026-07-29T01:07:07.831909+00:00
task_01_trial_002,df_06_02_lora_oft_nf4_libero10_seed42_best_step100000,DF-04-03 LoRA+OFT 4-bit NF4 Language Model,bitsandbytes,bnb_4bit_nf4,True,1,LIVING_ROOM_SCENE2_put_both_the_cream_cheese_box_and_the_butter_in_the_basket,put both the cream cheese box and the butter in the basket,2,2,1044,True,False,success,244,244,11.800518,31,248,244,30,154.89587962867753,159.58693996071815,19.67939454298772,18.11417230389646,20.293161179870367,330.28163316269075,348.6525071784854,41.96201077066973,23.831079150739175,6.277223587036133,6.908203125,0,0,0,0,0,0,0,0,,,,,/root/autodl-tmp/openvla_efficiency_project/scripts/Simulation/DF-06-02 LoRA+OFT INT4/output/videos/task_01_trial_002.mp4,2026-07-29T01:07:07.834299+00:00,2026-07-29T01:07:19.635746+00:00
task_01_trial_003,df_06_02_lora_oft_nf4_libero10_seed42_best_step100000,DF-04-03 LoRA+OFT 4-bit NF4 Language Model,bitsandbytes,bnb_4bit_nf4,True,1,LIVING_ROOM_SCENE2_put_both_the_cream_cheese_box_and_the_butter_in_the_basket,put both the cream cheese box and the butter in the basket,3,3,1045,True,False,success,241,241,11.709038,31,248,241,30,154.13290881101162,155.6614674627781,19.826224784818923,17.93264354969456,19.718308001756668,325.82191233673404,344.69760954380035,41.91070241675832,23.860253881121835,6.277223587036133,6.908203125,0,0,0,0,0,0,0,0,,,,,/root/autodl-tmp/openvla_efficiency_project/scripts/Simulation/DF-06-02 LoRA+OFT INT4/output/videos/task_01_trial_003.mp4,2026-07-29T01:07:19.638494+00:00,2026-07-29T01:07:31.348332+00:00
task_01_trial_004,df_06_02_lora_oft_nf4_libero10_seed42_best_step100000,DF-04-03 LoRA+OFT 4-bit NF4 Language Model,bitsandbytes,bnb_4bit_nf4,True,1,LIVING_ROOM_SCENE2_put_both_the_cream_cheese_box_and_the_butter_in_the_basket,put both the cream cheese box and the butter in the basket,4,4,1046,True,False,success,257,257,12.585734,33,264,257,32,154.28234941580078,155.85352145135403,19.810574049499714,18.523762582399037,20.69140262901783,330.50226307276523,349.13412369787693,42.43803377977141,23.56376841560133,6.277223587036133,6.908203125,0,0,0,0,0,0,0,0,,,,,/root/autodl-tmp/openvla_efficiency_project/scripts/Simulation/DF-06-02 LoRA+OFT INT4/output/videos/task_01_trial_004.mp4,2026-07-29T01:07:31.350377+00:00,2026-07-29T01:07:43.936912+00:00
task_01_trial_005,df_06_02_lora_oft_nf4_libero10_seed42_best_step100000,DF-04-03 LoRA+OFT 4-bit NF4 Language Model,bitsandbytes,bnb_4bit_nf4,True,1,LIVING_ROOM_SCENE2_put_both_the_cream_cheese_box_and_the_butter_in_the_basket,put both the cream cheese box and the butter in the basket,5,5,1047,True,False,success,258,258,12.432412,33,264,258,32,154.00974074322167,155.02601265907288,19.698920327621376,18.22104551937691,20.448266714811325,328.94904115660626,350.54571107029915,42.07487735724033,23.767151868546513,6.277223587036133,6.908203125,0,0,0,0,0,0,0,0,,,,,/root/autodl-tmp/openvla_efficiency_project/scripts/Simulation/DF-06-02 LoRA+OFT INT4/output/videos/task_01_trial_005.mp4,2026-07-29T01:07:43.939350+00:00,2026-07-29T01:07:56.372604+00:00
task_01_trial_006,df_06_02_lora_oft_nf4_libero10_seed42_best_step100000,DF-04-03 LoRA+OFT 4-bit NF4 Language Model,bitsandbytes,bnb_4bit_nf4,True,1,LIVING_ROOM_SCENE2_put_both_the_cream_cheese_box_and_the_butter_in_the_basket,put both the cream cheese box and the butter in the basket,6,6,1048,True,False,success,250,250,12.150747,32,256,250,31,153.7272649584338,154.9963729456067,19.677089914679527,18.08138233423233,20.537394285202023,326.96116337319836,347.35853374004364,41.85102891176939,23.894275146931427,6.277223587036133,6.908203125,0,0,0,0,0,0,0,0,,,,,/root/autodl-tmp/openvla_efficiency_project/scripts/Simulation/DF-06-02 LoRA+OFT INT4/output/videos/task_01_trial_006.mp4,2026-07-29T01:07:56.374707+00:00,2026-07-29T01:08:08.526218+00:00
task_01_trial_007,df_06_02_lora_oft_nf4_libero10_seed42_best_step100000,DF-04-03 LoRA+OFT 4-bit NF4 Language Model,bitsandbytes,bnb_4bit_nf4,True,1,LIVING_ROOM_SCENE2_put_both_the_cream_cheese_box_and_the_butter_in_the_basket,put both the cream cheese box and the butter in the basket,7,7,1049,True,False,success,241,241,11.696192,31,248,241,30,154.48861328824873,158.3170248195529,19.871979302637804,18.063482623624605,20.504245534539223,327.0251569488356,346.0758365690708,42.0654766199747,23.772463320316977,6.277223587036133,6.908203125,0,0,0,0,0,0,0,0,,,,,/root/autodl-tmp/openvla_efficiency_project/scripts/Simulation/DF-06-02 LoRA+OFT INT4/output/videos/task_01_trial_007.mp4,2026-07-29T01:08:08.528117+00:00,2026-07-29T01:08:20.225010+00:00
task_01_trial_008,df_06_02_lora_oft_nf4_libero10_seed42_best_step100000,DF-04-03 LoRA+OFT 4-bit NF4 Language Model,bitsandbytes,bnb_4bit_nf4,True,1,LIVING_ROOM_SCENE2_put_both_the_cream_cheese_box_and_the_butter_in_the_basket,put both the cream cheese box and the butter in the basket,8,8,1050,True,False,success,255,255,12.110671,32,256,255,31,156.0458493186161,160.21824963390827,19.58222422821849,18.015424213280866,20.318162627518177,332.13623869232833,350.28441874310374,41.679841718252966,23.992413569125127,6.277223587036133,6.908203125,0,0,0,0,0,0,0,0,,,,,/root/autodl-tmp/openvla_efficiency_project/scripts/Simulation/DF-06-02 LoRA+OFT INT4/output/videos/task_01_trial_008.mp4,2026-07-29T01:08:20.228769+00:00,2026-07-29T01:08:32.340310+00:00
task_01_trial_009,df_06_02_lora_oft_nf4_libero10_seed42_best_step100000,DF-04-03 LoRA+OFT 4-bit NF4 Language Model,bitsandbytes,bnb_4bit_nf4,True,1,LIVING_ROOM_SCENE2_put_both_the_cream_cheese_box_and_the_butter_in_the_basket,put both the cream cheese box and the butter in the basket,9,9,1051,True,False,success,252,252,12.219067,32,256,252,31,155.23994009708986,158.7671721354127,19.713008266297123,18.42921526570405,21.252274606376886,333.10339704621583,348.01288191229105,42.29884406936074,23.641307983741147,6.277223587036133,6.908203125,0,0,0,0,0,0,0,0,,,,,/root/autodl-tmp/openvla_efficiency_project/scripts/Simulation/DF-06-02 LoRA+OFT INT4/output/videos/task_01_trial_009.mp4,2026-07-29T01:08:32.342507+00:00,2026-07-29T01:08:44.562344+00:00
task_01_trial_010,df_06_02_lora_oft_nf4_libero10_seed42_best_step100000,DF-04-03 LoRA+OFT 4-bit NF4 Language Model,bitsandbytes,bnb_4bit_nf4,True,1,LIVING_ROOM_SCENE2_put_both_the_cream_cheese_box_and_the_butter_in_the_basket,put both the cream cheese box and the butter in the basket,10,10,1052,True,False,success,258,258,12.564506,33,264,258,32,154.86657856540248,158.46554934978485,19.808515863016595,18.143574627794962,21.155420225113627,328.8970434981765,347.82956317067146,42.06822649395281,23.770909385584563,6.277223587036133,6.908203125,0,0,0,0,0,0,0,0,,,,,/root/autodl-tmp/openvla_efficiency_project/scripts/Simulation/DF-06-02 LoRA+OFT INT4/output/videos/task_01_trial_010.mp4,2026-07-29T01:08:44.564638+00:00,2026-07-29T01:08:57.129945+00:00
task_01_trial_011,df_06_02_lora_oft_nf4_libero10_seed42_best_step100000,DF-04-03 LoRA+OFT 4-bit NF4 Language Model,bitsandbytes,bnb_4bit_nf4,True,1,LIVING_ROOM_SCENE2_put_both_the_cream_cheese_box_and_the_butter_in_the_basket,put both the cream cheese box and the butter in the basket,11,11,1053,True,False,success,239,239,11.624284,30,240,239,29,155.58744482696056,159.20013738796115,19.52980478999505,18.50424770842536,21.019606478512287,336.1845371623834,351.7532848753035,42.19889587812344,23.697302481281636,6.277223587036133,6.908203125,0,0,0,0,0,0,0,0,,,,,/root/autodl-tmp/openvla_efficiency_project/scripts/Simulation/DF-06-02 LoRA+OFT INT4/output/videos/task_01_trial_011.mp4,2026-07-29T01:08:57.132010+00:00,2026-07-29T01:09:08.757097+00:00
task_01_trial_012,df_06_02_lora_oft_nf4_libero10_seed42_best_step100000,DF-04-03 LoRA+OFT 4-bit NF4 Language Model,bitsandbytes,bnb_4bit_nf4,True,1,LIVING_ROOM_SCENE2_put_both_the_cream_cheese_box_and_the_butter_in_the_basket,put both the cream cheese box and the butter in the basket,12,12,1054,True,False,success,232,232,11.211489,29,232,232,28,155.24752605064162,158.12987200915813,19.405940756330203,18.286775018827154,21.195058524608612,334.18581910945215,350.3838587552309,41.77322738868152,23.93877759780061,6.277223587036133,6.908203125,0,0,0,0,0,0,0,0,,,,,/root/autodl-tmp/openvla_efficiency_project/scripts/Simulation/DF-06-02 LoRA+OFT INT4/output/videos/task_01_trial_012.mp4,2026-07-29T01:09:08.759494+00:00,2026-07-29T01:09:19.971778+00:00
task_01_trial_013,df_06_02_lora_oft_nf4_libero10_seed42_best_step100000,DF-04-03 LoRA+OFT 4-bit NF4 Language Model,bitsandbytes,bnb_4bit_nf4,True,1,LIVING_ROOM_SCENE2_put_both_the_cream_cheese_box_and_the_butter_in_the_basket,put both the cream cheese box and the butter in the basket,13,13,1055,True,False,success,230,230,11.350321,29,232,230,28,156.76254387302646,165.60207419097424,19.76571205355551,18.470371052946735,21.19300132617354,337.0794243468293,355.89607022702694,42.50131872199152,23.528681699059106,6.277223587036133,6.908203125,0,0,0,0,0,0,0,0,,,,,/root/autodl-tmp/openvla_efficiency_project/scripts/Simulation/DF-06-02 LoRA+OFT INT4/output/videos/task_01_trial_013.mp4,2026-07-29T01:09:19.973838+00:00,2026-07-29T01:09:31.324891+00:00
task_01_trial_014,df_06_02_lora_oft_nf4_libero10_seed42_best_step100000,DF-04-03 LoRA+OFT 4-bit NF4 Language Model,bitsandbytes,bnb_4bit_nf4,True,1,LIVING_ROOM_SCENE2_put_both_the_cream_cheese_box_and_the_butter_in_the_basket,put both the cream cheese box and the butter in the basket,14,14,1056,True,False,success,250,250,12.239931,32,256,250,31,154.88257631659508,158.52087894454598,19.82496976852417,18.382271640002728,21.250563394278288,331.31547120865434,351.48414289578795,42.408380314707756,23.580245050131932,6.277223587036133,6.908203125,0,0,0,0,0,0,0,0,,,,,/root/autodl-tmp/openvla_efficiency_project/scripts/Simulation/DF-06-02 LoRA+OFT INT4/output/videos/task_01_trial_014.mp4,2026-07-29T01:09:31.418894+00:00,2026-07-29T01:09:43.659565+00:00
task_01_trial_015,df_06_02_lora_oft_nf4_libero10_seed42_best_step100000,DF-04-03 LoRA+OFT 4-bit NF4 Language Model,bitsandbytes,bnb_4bit_nf4,True,1,LIVING_ROOM_SCENE2_put_both_the_cream_cheese_box_and_the_butter_in_the_basket,put both the cream cheese box and the butter in the basket,15,15,1057,True,False,success,248,248,11.973407,31,248,248,30,155.42448642513443,160.08709371089935,19.428060803141804,18.114975691142103,20.42751256376505,333.23109720743474,349.7947584837675,41.65388715092934,24.00736325943806,6.277223587036133,6.908203125,0,0,0,0,0,0,0,0,,,,,/root/autodl-tmp/openvla_efficiency_project/scripts/Simulation/DF-06-02 LoRA+OFT INT4/output/videos/task_01_trial_015.mp4,2026-07-29T01:09:43.661862+00:00,2026-07-29T01:09:55.636205+00:00
task_01_trial_016,df_06_02_lora_oft_nf4_libero10_seed42_best_step100000,DF-04-03 LoRA+OFT 4-bit NF4 Language Model,bitsandbytes,bnb_4bit_nf4,True,1,LIVING_ROOM_SCENE2_put_both_the_cream_cheese_box_and_the_butter_in_the_basket,put both the cream cheese box and the butter in the basket,16,16,1058,True,False,success,249,249,12.093391,32,256,249,31,154.73981312243268,156.5232221968472,19.88624104384677,18.244349401459157,20.489150285720825,329.1516157332808,346.57134525477886,42.300609250863396,23.640321444769476,6.277223587036133,6.908203125,0,0,0,0,0,0,0,0,,,,,/root/autodl-tmp/openvla_efficiency_project/scripts/Simulation/DF-06-02 LoRA+OFT INT4/output/videos/task_01_trial_016.mp4,2026-07-29T01:09:55.639114+00:00,2026-07-29T01:10:07.733372+00:00
task_01_trial_017,df_06_02_lora_oft_nf4_libero10_seed42_best_step100000,DF-04-03 LoRA+OFT 4-bit NF4 Language Model,bitsandbytes,bnb_4bit_nf4,True,1,LIVING_ROOM_SCENE2_put_both_the_cream_cheese_box_and_the_butter_in_the_basket,put both the cream cheese box and the butter in the basket,17,17,1059,True,False,success,239,239,11.69123,30,240,239,29,155.88767180840173,161.30017954856157,19.56749018515503,18.012480397229414,19.8987053707242,332.2937090570728,355.3605812601745,41.71050741302169,23.974774272053278,6.277223587036133,6.908203125,0,0,0,0,0,0,0,0,,,,,/root/autodl-tmp/openvla_efficiency_project/scripts/Simulation/DF-06-02 LoRA+OFT INT4/output/videos/task_01_trial_017.mp4,2026-07-29T01:10:07.735899+00:00,2026-07-29T01:10:19.427964+00:00
task_01_trial_018,df_06_02_lora_oft_nf4_libero10_seed42_best_step100000,DF-04-03 LoRA+OFT 4-bit NF4 Language Model,bitsandbytes,bnb_4bit_nf4,True,1,LIVING_ROOM_SCENE2_put_both_the_cream_cheese_box_and_the_butter_in_the_basket,put both the cream cheese box and the butter in the basket,18,18,1060,True,False,success,242,242,11.790148,31,248,242,30,155.78988224508302,159.4782993197441,19.956555163626337,18.248486809801957,21.12023690715432,330.90941169329227,350.3983533009887,42.3892221590581,23.590902334741504,6.277223587036133,6.908203125,0,0,0,0,0,0,0,0,,,,,/root/autodl-tmp/openvla_efficiency_project/scripts/Simulation/DF-06-02 LoRA+OFT INT4/output/videos/task_01_trial_018.mp4,2026-07-29T01:10:19.430121+00:00,2026-07-29T01:10:31.221104+00:00
task_01_trial_019,df_06_02_lora_oft_nf4_libero10_seed42_best_step100000,DF-04-03 LoRA+OFT 4-bit NF4 Language Model,bitsandbytes,bnb_4bit_nf4,True,1,LIVING_ROOM_SCENE2_put_both_the_cream_cheese_box_and_the_butter_in_the_basket,put both the cream cheese box and the butter in the basket,19,19,1061,True,False,success,265,265,12.803364,34,272,265,33,154.88546555313994,158.55264868587255,19.872097467195314,18.340708926882385,20.85539363324642,330.52769122535693,350.33746156841516,42.40732642136655,23.580831058855882,6.277223587036133,6.908203125,0,0,0,0,0,0,0,0,,,,,/root/autodl-tmp/openvla_efficiency_project/scripts/Simulation/DF-06-02 LoRA+OFT INT4/output/videos/task_01_trial_019.mp4,2026-07-29T01:10:31.223299+00:00,2026-07-29T01:10:44.027550+00:00
task_01_trial_020,df_06_02_lora_oft_nf4_libero10_seed42_best_step100000,DF-04-03 LoRA+OFT 4-bit NF4 Language Model,bitsandbytes,bnb_4bit_nf4,True,1,LIVING_ROOM_SCENE2_put_both_the_cream_cheese_box_and_the_butter_in_the_basket,put both the cream cheese box and the butter in the basket,20,20,1062,True,False,success,258,258,12.783892,33,264,258,32,155.14973505879894,158.51406902074814,19.844733554032423,18.363196373909943,20.28591427952051,331.2933197188558,348.43824803829193,42.37472694078388,23.598972127830805,6.277223587036133,6.908203125,0,0,0,0,0,0,0,0,,,,,/root/autodl-tmp/openvla_efficiency_project/scripts/Simulation/DF-06-02 LoRA+OFT INT4/output/videos/task_01_trial_020.mp4,2026-07-29T01:10:44.030388+00:00,2026-07-29T01:10:56.815140+00:00
task_01_trial_021,df_06_02_lora_oft_nf4_libero10_seed42_best_step100000,DF-04-03 LoRA+OFT 4-bit NF4 Language Model,bitsandbytes,bnb_4bit_nf4,True,1,LIVING_ROOM_SCENE2_put_both_the_cream_cheese_box_and_the_butter_in_the_basket,put both the cream cheese box and the butter in the basket,21,21,1063,True,False,success,266,266,12.762985,34,272,266,33,154.79806728441926,155.89111149311066,19.786219126579905,18.326096768890107,20.42614482343197,330.4646108299494,348.28799441456795,42.23983747450481,23.67433351521728,6.277223587036133,6.908203125,0,0,0,0,0,0,0,0,,,,,/root/autodl-tmp/openvla_efficiency_project/scripts/Simulation/DF-06-02 LoRA+OFT INT4/output/videos/task_01_trial_021.mp4,2026-07-29T01:10:56.817544+00:00,2026-07-29T01:11:09.581260+00:00
task_01_trial_022,df_06_02_lora_oft_nf4_libero10_seed42_best_step100000,DF-04-03 LoRA+OFT 4-bit NF4 Language Model,bitsandbytes,bnb_4bit_nf4,True,1,LIVING_ROOM_SCENE2_put_both_the_cream_cheese_box_and_the_butter_in_the_basket,put both the cream cheese box and the butter in the basket,22,22,1064,True,False,success,274,274,13.222112,35,280,274,34,154.84157550547803,156.1451055109501,19.779033367488072,18.769454469319676,20.94426089897751,334.20331440865993,352.7979660779238,42.69020439526678,23.42457746842912,6.277223587036133,6.908203125,0,0,0,0,0,0,0,0,,,,,/root/autodl-tmp/openvla_efficiency_project/scripts/Simulation/DF-06-02 LoRA+OFT INT4/output/videos/task_01_trial_022.mp4,2026-07-29T01:11:09.583855+00:00,2026-07-29T01:11:22.806909+00:00
task_01_trial_023,df_06_02_lora_oft_nf4_libero10_seed42_best_step100000,DF-04-03 LoRA+OFT 4-bit NF4 Language Model,bitsandbytes,bnb_4bit_nf4,True,1,LIVING_ROOM_SCENE2_put_both_the_cream_cheese_box_and_the_butter_in_the_basket,put both the cream cheese box and the butter in the basket,23,23,1065,True,False,success,239,239,11.579817,30,240,239,29,154.95851002633572,156.41719521954656,19.45085899912164,18.292972171156975,20.412952825427055,333.4429547811548,347.4154402501881,41.854764198471315,23.8921427261684,6.277223587036133,6.908203125,0,0,0,0,0,0,0,0,,,,,/root/autodl-tmp/openvla_efficiency_project/scripts/Simulation/DF-06-02 LoRA+OFT INT4/output/videos/task_01_trial_023.mp4,2026-07-29T01:11:22.809274+00:00,2026-07-29T01:11:34.389857+00:00
task_01_trial_024,df_06_02_lora_oft_nf4_libero10_seed42_best_step100000,DF-04-03 LoRA+OFT 4-bit NF4 Language Model,bitsandbytes,bnb_4bit_nf4,True,1,LIVING_ROOM_SCENE2_put_both_the_cream_cheese_box_and_the_butter_in_the_basket,put both the cream cheese box and the butter in the basket,24,24,1066,True,False,success,243,243,11.890759,31,248,243,30,154.65172260038315,155.67317511886358,19.729232101283447,18.415069529487763,20.697658322751522,331.702240832871,348.49876444786787,42.31592372765021,23.63176582026441,6.277223587036133,6.908203125,0,0,0,0,0,0,0,0,,,,,/root/autodl-tmp/openvla_efficiency_project/scripts/Simulation/DF-06-02 LoRA+OFT INT4/output/videos/task_01_trial_024.mp4,2026-07-29T01:11:34.403157+00:00,2026-07-29T01:11:46.294625+00:00
task_01_trial_025,df_06_02_lora_oft_nf4_libero10_seed42_best_step100000,DF-04-03 LoRA+OFT 4-bit NF4 Language Model,bitsandbytes,bnb_4bit_nf4,True,1,LIVING_ROOM_SCENE2_put_both_the_cream_cheese_box_and_the_butter_in_the_basket,put both the cream cheese box and the butter in the basket,25,25,1067,True,False,success,249,249,12.186709,32,256,249,31,154.96026253094897,156.40924852341413,19.91457189152758,18.29606228803535,20.592772588133812,329.4863229384646,349.7389907948673,42.343623831449264,23.616306530129446,6.277223587036133,6.908203125,0,0,0,0,0,0,0,0,,,,,/root/autodl-tmp/openvla_efficiency_project/scripts/Simulation/DF-06-02 LoRA+OFT INT4/output/videos/task_01_trial_025.mp4,2026-07-29T01:11:46.296977+00:00,2026-07-29T01:11:58.484420+00:00
task_01_trial_026,df_06_02_lora_oft_nf4_libero10_seed42_best_step100000,DF-04-03 LoRA+OFT 4-bit NF4 Language Model,bitsandbytes,bnb_4bit_nf4,True,1,LIVING_ROOM_SCENE2_put_both_the_cream_cheese_box_and_the_butter_in_the_basket,put both the cream cheese box and the butter in the basket,26,26,1068,True,False,success,249,249,12.168103,32,256,249,31,154.88607779843733,158.42775562778115,19.905038110642547,18.775189624553224,21.102837473154068,333.100761694368,352.3654656484723,42.80813001694689,23.360048654405595,6.277223587036133,6.908203125,0,0,0,0,0,0,0,0,,,,,/root/autodl-tmp/openvla_efficiency_project/scripts/Simulation/DF-06-02 LoRA+OFT INT4/output/videos/task_01_trial_026.mp4,2026-07-29T01:11:58.486665+00:00,2026-07-29T01:12:10.655740+00:00
task_01_trial_027,df_06_02_lora_oft_nf4_libero10_seed42_best_step100000,DF-04-03 LoRA+OFT 4-bit NF4 Language Model,bitsandbytes,bnb_4bit_nf4,True,1,LIVING_ROOM_SCENE2_put_both_the_cream_cheese_box_and_the_butter_in_the_basket,put both the cream cheese box and the butter in the basket,27,27,1069,True,False,success,281,281,13.509647,36,288,281,35,154.32447583104172,156.02210815995932,19.7711072239057,18.342156645931382,20.218905061483383,329.5709214483698,346.99186822399497,42.222609153527806,23.683993482350854,6.277223587036133,6.908203125,0,0,0,0,0,0,0,0,,,,,/root/autodl-tmp/openvla_efficiency_project/scripts/Simulation/DF-06-02 LoRA+OFT INT4/output/videos/task_01_trial_027.mp4,2026-07-29T01:12:10.658118+00:00,2026-07-29T01:12:24.168594+00:00
task_01_trial_028,df_06_02_lora_oft_nf4_libero10_seed42_best_step100000,DF-04-03 LoRA+OFT 4-bit NF4 Language Model,bitsandbytes,bnb_4bit_nf4,True,1,LIVING_ROOM_SCENE2_put_both_the_cream_cheese_box_and_the_butter_in_the_basket,put both the cream cheese box and the butter in the basket,28,28,1070,True,False,success,241,241,11.932854,31,248,241,30,154.24818419400722,156.77708387374878,19.841052738648234,18.477842536333686,20.630793645977974,329.93131996162475,351.5345687046647,42.43929841830028,23.5630662444879,6.277223587036133,6.908203125,0,0,0,0,0,0,0,0,,,,,/root/autodl-tmp/openvla_efficiency_project/scripts/Simulation/DF-06-02 LoRA+OFT INT4/output/videos/task_01_trial_028.mp4,2026-07-29T01:12:24.170795+00:00,2026-07-29T01:12:36.104435+00:00
task_01_trial_029,df_06_02_lora_oft_nf4_libero10_seed42_best_step100000,DF-04-03 LoRA+OFT 4-bit NF4 Language Model,bitsandbytes,bnb_4bit_nf4,True,1,LIVING_ROOM_SCENE2_put_both_the_cream_cheese_box_and_the_butter_in_the_basket,put both the cream cheese box and the butter in the basket,29,29,1071,True,False,success,310,310,14.447217,39,312,310,38,155.10570821471703,158.5274437442422,19.513298775399885,18.160294386888705,20.40501143783331,331.67261429704155,351.39587204903364,41.72655470188587,23.96555400139001,6.277223587036133,6.908203125,0,0,0,0,0,0,0,0,,,,,/root/autodl-tmp/openvla_efficiency_project/scripts/Simulation/DF-06-02 LoRA+OFT INT4/output/videos/task_01_trial_029.mp4,2026-07-29T01:12:36.106631+00:00,2026-07-29T01:12:50.554726+00:00
task_01_trial_030,df_06_02_lora_oft_nf4_libero10_seed42_best_step100000,DF-04-03 LoRA+OFT 4-bit NF4 Language Model,bitsandbytes,bnb_4bit_nf4,True,1,LIVING_ROOM_SCENE2_put_both_the_cream_cheese_box_and_the_butter_in_the_basket,put both the cream cheese box and the butter in the basket,30,30,1072,True,False,success,254,254,12.224442,32,256,254,31,155.63718718476593,159.48349805548787,19.607834605954764,18.503792825939616,21.094665490090847,335.71035967906937,352.246664557606,42.29421854224496,23.643893526515086,6.277223587036133,6.908203125,0,0,0,0,0,0,0,0,,,,,/root/autodl-tmp/openvla_efficiency_project/scripts/Simulation/DF-06-02 LoRA+OFT INT4/output/videos/task_01_trial_030.mp4,2026-07-29T01:12:50.556949+00:00,2026-07-29T01:13:02.782367+00:00
task_01_trial_031,df_06_02_lora_oft_nf4_libero10_seed42_best_step100000,DF-04-03 LoRA+OFT 4-bit NF4 Language Model,bitsandbytes,bnb_4bit_nf4,True,1,LIVING_ROOM_SCENE2_put_both_the_cream_cheese_box_and_the_butter_in_the_basket,put both the cream cheese box and the butter in the basket,31,31,1073,True,False,success,265,265,13.093319,34,272,265,33,157.43945758132372,174.4652545079589,20.19977946326418,18.686597056265146,23.3112160116434,336.4527040325543,371.59012248739594,43.167516743799425,23.165566968677666,6.277223587036133,6.908203125,0,0,0,0,0,0,0,0,,,,,/root/autodl-tmp/openvla_efficiency_project/scripts/Simulation/DF-06-02 LoRA+OFT INT4/output/videos/task_01_trial_031.mp4,2026-07-29T01:13:02.784828+00:00,2026-07-29T01:13:15.878839+00:00
task_01_trial_032,df_06_02_lora_oft_nf4_libero10_seed42_best_step100000,DF-04-03 LoRA+OFT 4-bit NF4 Language Model,bitsandbytes,bnb_4bit_nf4,True,1,LIVING_ROOM_SCENE2_put_both_the_cream_cheese_box_and_the_butter_in_the_basket,put both the cream cheese box and the butter in the basket,32,32,1074,True,False,success,250,250,12.330166,32,256,250,31,156.60724771441892,161.23960446566343,20.04572770744562,18.25843445211649,21.350017841905355,332.47557369759306,350.53786654025316,42.55687343329191,23.497966822386623,6.277223587036133,6.908203125,0,0,0,0,0,0,0,0,,,,,/root/autodl-tmp/openvla_efficiency_project/scripts/Simulation/DF-06-02 LoRA+OFT INT4/output/videos/task_01_trial_032.mp4,2026-07-29T01:13:15.881240+00:00,2026-07-29T01:13:28.212274+00:00
task_01_trial_033,df_06_02_lora_oft_nf4_libero10_seed42_best_step100000,DF-04-03 LoRA+OFT 4-bit NF4 Language Model,bitsandbytes,bnb_4bit_nf4,True,1,LIVING_ROOM_SCENE2_put_both_the_cream_cheese_box_and_the_butter_in_the_basket,put both the cream cheese box and the butter in the basket,33,33,1075,True,False,success,258,258,12.677745,33,264,258,32,155.27047109649038,160.09236462414265,19.860176535597606,18.41538688240125,22.980918921530243,331.9512475846392,358.1785760819912,42.45888050501199,23.55219893002023,6.277223587036133,6.908203125,0,0,0,0,0,0,0,0,,,,,/root/autodl-tmp/openvla_efficiency_project/scripts/Simulation/DF-06-02 LoRA+OFT INT4/output/videos/task_01_trial_033.mp4,2026-07-29T01:13:28.214437+00:00,2026-07-29T01:13:40.892903+00:00
task_01_trial_034,df_06_02_lora_oft_nf4_libero10_seed42_best_step100000,DF-04-03 LoRA+OFT 4-bit NF4 Language Model,bitsandbytes,bnb_4bit_nf4,True,1,LIVING_ROOM_SCENE2_put_both_the_cream_cheese_box_and_the_butter_in_the_basket,put both the cream cheese box and the butter in the basket,34,34,1076,True,False,success,336,336,15.836183,42,336,336,41,154.99572863891012,158.44815531745553,19.374466079863765,18.748004471750132,21.736357361078262,338.01757415667885,356.1460002325475,42.252196769584856,23.66740847708651,6.277223587036133,6.908203125,0,0,0,0,0,0,0,0,,,,,/root/autodl-tmp/openvla_efficiency_project/scripts/Simulation/DF-06-02 LoRA+OFT INT4/output/videos/task_01_trial_034.mp4,2026-07-29T01:13:40.895656+00:00,2026-07-29T01:13:56.732580+00:00
task_01_trial_035,df_06_02_lora_oft_nf4_libero10_seed42_best_step100000,DF-04-03 LoRA+OFT 4-bit NF4 Language Model,bitsandbytes,bnb_4bit_nf4,True,1,LIVING_ROOM_SCENE2_put_both_the_cream_cheese_box_and_the_butter_in_the_basket,put both the cream cheese box and the butter in the basket,35,35,1077,True,False,success,242,242,11.651759,31,248,242,30,154.49189274541794,158.59332866966724,19.790283781437836,18.07396488710622,20.594326127320524,328.13871669913493,345.9920324385166,42.03429842013712,23.79009612590408,6.277223587036133,6.908203125,0,0,0,0,0,0,0,0,,,,,/root/autodl-tmp/openvla_efficiency_project/scripts/Simulation/DF-06-02 LoRA+OFT INT4/output/videos/task_01_trial_035.mp4,2026-07-29T01:13:56.735663+00:00,2026-07-29T01:14:08.388370+00:00
task_01_trial_036,df_06_02_lora_oft_nf4_libero10_seed42_best_step100000,DF-04-03 LoRA+OFT 4-bit NF4 Language Model,bitsandbytes,bnb_4bit_nf4,True,1,LIVING_ROOM_SCENE2_put_both_the_cream_cheese_box_and_the_butter_in_the_basket,put both the cream cheese box and the butter in the basket,36,36,1078,True,False,success,256,256,12.273516,32,256,256,31,154.1230864240788,156.2773165293038,19.26538580300985,18.30745030019898,20.36586357280612,333.169013436418,346.53154108673334,41.64612667955225,24.011836867676532,6.277223587036133,6.908203125,0,0,0,0,0,0,0,0,,,,,/root/autodl-tmp/openvla_efficiency_project/scripts/Simulation/DF-06-02 LoRA+OFT INT4/output/videos/task_01_trial_036.mp4,2026-07-29T01:14:08.391057+00:00,2026-07-29T01:14:20.665480+00:00
task_01_trial_037,df_06_02_lora_oft_nf4_libero10_seed42_best_step100000,DF-04-03 LoRA+OFT 4-bit NF4 Language Model,bitsandbytes,bnb_4bit_nf4,True,1,LIVING_ROOM_SCENE2_put_both_the_cream_cheese_box_and_the_butter_in_the_basket,put both the cream cheese box and the butter in the basket,37,37,1079,True,False,success,238,238,11.644367,30,240,238,29,154.2457139119506,157.0553137920797,19.442737047724865,18.162125408524226,20.040122885257006,330.5089535191655,344.46812896057963,41.660792460399016,24.003384019892508,6.277223587036133,6.908203125,0,0,0,0,0,0,0,0,,,,,/root/autodl-tmp/openvla_efficiency_project/scripts/Simulation/DF-06-02 LoRA+OFT INT4/output/videos/task_01_trial_037.mp4,2026-07-29T01:14:20.667338+00:00,2026-07-29T01:14:32.312461+00:00
task_01_trial_038,df_06_02_lora_oft_nf4_libero10_seed42_best_step100000,DF-04-03 LoRA+OFT 4-bit NF4 Language Model,bitsandbytes,bnb_4bit_nf4,True,1,LIVING_ROOM_SCENE2_put_both_the_cream_cheese_box_and_the_butter_in_the_basket,put both the cream cheese box and the butter in the basket,38,38,1080,True,False,success,226,226,10.999838,29,232,226,28,154.81612118410652,157.3118571192026,19.865785461677387,18.10494358692549,20.025281235575676,328.40760154970764,345.5672822892666,42.140798428944784,23.729972788392665,6.277223587036133,6.908203125,0,0,0,0,0,0,0,0,,,,,/root/autodl-tmp/openvla_efficiency_project/scripts/Simulation/DF-06-02 LoRA+OFT INT4/output/videos/task_01_trial_038.mp4,2026-07-29T01:14:32.314825+00:00,2026-07-29T01:14:43.315483+00:00
task_01_trial_039,df_06_02_lora_oft_nf4_libero10_seed42_best_step100000,DF-04-03 LoRA+OFT 4-bit NF4 Language Model,bitsandbytes,bnb_4bit_nf4,True,1,LIVING_ROOM_SCENE2_put_both_the_cream_cheese_box_and_the_butter_in_the_basket,put both the cream cheese box and the butter in the basket,39,39,1081,True,False,success,272,272,12.930455,34,272,272,33,154.51417901717565,155.7926682755351,19.314272377146956,18.242464989752452,20.514049753546715,333.92906419056305,349.2281263694167,41.74113302382038,23.957183898897302,6.277223587036133,6.908203125,0,0,0,0,0,0,0,0,,,,,/root/autodl-tmp/openvla_efficiency_project/scripts/Simulation/DF-06-02 LoRA+OFT INT4/output/videos/task_01_trial_039.mp4,2026-07-29T01:14:43.317669+00:00,2026-07-29T01:14:56.248910+00:00
task_01_trial_040,df_06_02_lora_oft_nf4_libero10_seed42_best_step100000,DF-04-03 LoRA+OFT 4-bit NF4 Language Model,bitsandbytes,bnb_4bit_nf4,True,1,LIVING_ROOM_SCENE2_put_both_the_cream_cheese_box_and_the_butter_in_the_basket,put both the cream cheese box and the butter in the basket,40,40,1082,True,False,success,234,234,11.662079,30,240,234,29,155.44111697624126,158.3645612001419,19.928348330287342,18.212716278230022,20.618356578052044,330.10688063999015,352.6880537159741,42.321394953844894,23.628710752341355,6.277223587036133,6.908203125,0,0,0,0,0,0,0,0,,,,,/root/autodl-tmp/openvla_efficiency_project/scripts/Simulation/DF-06-02 LoRA+OFT INT4/output/videos/task_01_trial_040.mp4,2026-07-29T01:14:56.250969+00:00,2026-07-29T01:15:07.913845+00:00
task_01_trial_041,df_06_02_lora_oft_nf4_libero10_seed42_best_step100000,DF-04-03 LoRA+OFT 4-bit NF4 Language Model,bitsandbytes,bnb_4bit_nf4,True,1,LIVING_ROOM_SCENE2_put_both_the_cream_cheese_box_and_the_butter_in_the_basket,put both the cream cheese box and the butter in the basket,41,41,1083,False,True,timeout,520,,23.236955,65,520,520,64,155.54449916459046,159.91978123784065,19.443062395573808,18.060997386391346,20.61193371191621,333.37685626286725,347.8246085345745,41.672107032858406,23.996866758177145,6.277223587036133,6.908203125,0,0,0,0,0,0,0,0,timeout,"collapse_diagnostics={""zero_equivalent_arm_action_count"":0,""zero_equivalent_full_noop_count"":0,""repeated_action_count"":0,""repeated_chunk_count"":0,""max_consecutive_zero_equivalent_actions"":0,""max_consecutive_repeated_chunks"":0}",,,/root/autodl-tmp/openvla_efficiency_project/scripts/Simulation/DF-06-02 LoRA+OFT INT4/output/videos/task_01_trial_041.mp4,2026-07-29T01:15:07.916076+00:00,2026-07-29T01:15:31.153925+00:00
task_01_trial_042,df_06_02_lora_oft_nf4_libero10_seed42_best_step100000,DF-04-03 LoRA+OFT 4-bit NF4 Language Model,bitsandbytes,bnb_4bit_nf4,True,1,LIVING_ROOM_SCENE2_put_both_the_cream_cheese_box_and_the_butter_in_the_basket,put both the cream cheese box and the butter in the basket,42,42,1084,True,False,success,234,234,11.657573,30,240,234,29,156.3192741945386,166.19717832654715,20.04093258904341,18.753769680157177,21.40342863276601,335.6416327878833,365.53190145641565,43.03097856254914,23.23907178979014,6.277223587036133,6.908203125,0,0,0,0,0,0,0,0,,,,,/root/autodl-tmp/openvla_efficiency_project/scripts/Simulation/DF-06-02 LoRA+OFT INT4/output/videos/task_01_trial_042.mp4,2026-07-29T01:15:31.157029+00:00,2026-07-29T01:15:42.815482+00:00
task_01_trial_043,df_06_02_lora_oft_nf4_libero10_seed42_best_step100000,DF-04-03 LoRA+OFT 4-bit NF4 Language Model,bitsandbytes,bnb_4bit_nf4,True,1,LIVING_ROOM_SCENE2_put_both_the_cream_cheese_box_and_the_butter_in_the_basket,put both the cream cheese box and the butter in the basket,43,43,1085,True,False,success,258,258,13.021556,33,264,258,32,155.8695055092826,161.85606606304646,19.93679721630359,19.30368749439254,23.925148975104094,340.1980006672216,361.2560160458088,43.5136977597609,22.981269151635868,6.277223587036133,6.908203125,0,0,0,0,0,0,0,0,,,,,/root/autodl-tmp/openvla_efficiency_project/scripts/Simulation/DF-06-02 LoRA+OFT INT4/output/videos/task_01_trial_043.mp4,2026-07-29T01:15:42.819075+00:00,2026-07-29T01:15:55.841447+00:00
task_01_trial_044,df_06_02_lora_oft_nf4_libero10_seed42_best_step100000,DF-04-03 LoRA+OFT 4-bit NF4 Language Model,bitsandbytes,bnb_4bit_nf4,True,1,LIVING_ROOM_SCENE2_put_both_the_cream_cheese_box_and_the_butter_in_the_basket,put both the cream cheese box and the butter in the basket,44,44,1086,True,False,success,241,241,11.870147,31,248,241,30,156.4781933181709,160.18002852797508,20.127900385324885,18.499964886804833,22.101400420069695,332.92021229863167,353.9649387821555,42.82376174795677,23.35152165953082,6.277223587036133,6.908203125,0,0,0,0,0,0,0,0,,,,,/root/autodl-tmp/openvla_efficiency_project/scripts/Simulation/DF-06-02 LoRA+OFT INT4/output/videos/task_01_trial_044.mp4,2026-07-29T01:15:55.843841+00:00,2026-07-29T01:16:07.714952+00:00
task_01_trial_045,df_06_02_lora_oft_nf4_libero10_seed42_best_step100000,DF-04-03 LoRA+OFT 4-bit NF4 Language Model,bitsandbytes,bnb_4bit_nf4,True,1,LIVING_ROOM_SCENE2_put_both_the_cream_cheese_box_and_the_butter_in_the_basket,put both the cream cheese box and the butter in the basket,45,45,1087,True,False,success,234,234,11.689993,30,240,234,29,154.97913006693125,155.89208509773016,19.86911923935016,19.1777158035045,22.09476111456752,336.9901452213526,362.4029081314802,43.20386477196828,23.146077446497898,6.277223587036133,6.908203125,0,0,0,0,0,0,0,0,,,,,/root/autodl-tmp/openvla_efficiency_project/scripts/Simulation/DF-06-02 LoRA+OFT INT4/output/videos/task_01_trial_045.mp4,2026-07-29T01:16:07.717488+00:00,2026-07-29T01:16:19.408181+00:00
task_01_trial_046,df_06_02_lora_oft_nf4_libero10_seed42_best_step100000,DF-04-03 LoRA+OFT 4-bit NF4 Language Model,bitsandbytes,bnb_4bit_nf4,True,1,LIVING_ROOM_SCENE2_put_both_the_cream_cheese_box_and_the_butter_in_the_basket,put both the cream cheese box and the butter in the basket,46,46,1088,True,False,success,251,251,12.253327,32,256,251,31,154.69578275224194,157.83965522423387,19.72217150626192,18.510080406449706,21.12196944653988,332.44461158756167,350.0540974549949,42.38337677610348,23.594155918313195,6.277223587036133,6.908203125,0,0,0,0,0,0,0,0,,,,,/root/autodl-tmp/openvla_efficiency_project/scripts/Simulation/DF-06-02 LoRA+OFT INT4/output/videos/task_01_trial_046.mp4,2026-07-29T01:16:19.455423+00:00,2026-07-29T01:16:31.709501+00:00
task_01_trial_047,df_06_02_lora_oft_nf4_libero10_seed42_best_step100000,DF-04-03 LoRA+OFT 4-bit NF4 Language Model,bitsandbytes,bnb_4bit_nf4,True,1,LIVING_ROOM_SCENE2_put_both_the_cream_cheese_box_and_the_butter_in_the_basket,put both the cream cheese box and the butter in the basket,47,47,1089,True,False,success,341,341,16.005949,43,344,341,42,154.21000105697055,155.4886382073164,19.445835910409777,18.64304415379102,20.45544609427452,334.1794671534106,347.3625585436821,42.13993280820134,23.7304602394947,6.277223587036133,6.908203125,0,0,0,0,0,0,0,0,,,,,/root/autodl-tmp/openvla_efficiency_project/scripts/Simulation/DF-06-02 LoRA+OFT INT4/output/videos/task_01_trial_047.mp4,2026-07-29T01:16:31.711610+00:00,2026-07-29T01:16:47.718449+00:00
task_01_trial_048,df_06_02_lora_oft_nf4_libero10_seed42_best_step100000,DF-04-03 LoRA+OFT 4-bit NF4 Language Model,bitsandbytes,bnb_4bit_nf4,True,1,LIVING_ROOM_SCENE2_put_both_the_cream_cheese_box_and_the_butter_in_the_basket,put both the cream cheese box and the butter in the basket,48,48,1090,True,False,success,241,241,11.802882,31,248,241,30,154.2054376294536,158.0485962331295,19.835554217896522,18.166699922060076,19.997406750917435,328.0365460462147,346.612730063498,42.19557231299857,23.69916901664928,6.277223587036133,6.908203125,0,0,0,0,0,0,0,0,,,,,/root/autodl-tmp/openvla_efficiency_project/scripts/Simulation/DF-06-02 LoRA+OFT INT4/output/videos/task_01_trial_048.mp4,2026-07-29T01:16:47.720783+00:00,2026-07-29T01:16:59.524723+00:00
task_01_trial_049,df_06_02_lora_oft_nf4_libero10_seed42_best_step100000,DF-04-03 LoRA+OFT 4-bit NF4 Language Model,bitsandbytes,bnb_4bit_nf4,True,1,LIVING_ROOM_SCENE2_put_both_the_cream_cheese_box_and_the_butter_in_the_basket,put both the cream cheese box and the butter in the basket,49,49,1091,True,False,success,249,249,12.231226,32,256,249,31,154.3792404117994,158.3617115393281,19.83990238223928,18.37254480933808,20.47257050871849,329.5810883282684,346.2286012247205,42.35580251608268,23.609516066194132,6.277223587036133,6.908203125,0,0,0,0,0,0,0,0,,,,,/root/autodl-tmp/openvla_efficiency_project/scripts/Simulation/DF-06-02 LoRA+OFT INT4/output/videos/task_01_trial_049.mp4,2026-07-29T01:16:59.527104+00:00,2026-07-29T01:17:11.759141+00:00
task_02_trial_000,df_06_02_lora_oft_nf4_libero10_seed42_best_step100000,DF-04-03 LoRA+OFT 4-bit NF4 Language Model,bitsandbytes,bnb_4bit_nf4,True,2,KITCHEN_SCENE3_turn_on_the_stove_and_put_the_moka_pot_on_it,turn on the stove and put the moka pot on it,0,0,2042,True,False,success,232,232,9.086317,29,232,232,28,153.8813904827011,161.09216511249542,19.23517381033764,11.874317962290911,13.597381114959717,280.44139658068787,290.63138738274574,35.05517457258598,28.526458994787742,6.275595664978027,6.908203125,0,0,0,0,0,0,0,0,,,,,/root/autodl-tmp/openvla_efficiency_project/scripts/Simulation/DF-06-02 LoRA+OFT INT4/output/videos/task_02_trial_000.mp4,2026-07-29T01:17:13.564281+00:00,2026-07-29T01:17:22.651397+00:00
task_02_trial_001,df_06_02_lora_oft_nf4_libero10_seed42_best_step100000,DF-04-03 LoRA+OFT 4-bit NF4 Language Model,bitsandbytes,bnb_4bit_nf4,True,2,KITCHEN_SCENE3_turn_on_the_stove_and_put_the_moka_pot_on_it,turn on the stove and put the moka pot on it,1,1,2043,True,False,success,228,228,9.512426,29,232,228,28,156.31220509009114,161.5850944072008,19.881815559704577,12.62620541577538,17.679413501173258,288.4309080525719,329.86005730926985,36.686387427739405,27.258066823005784,6.275595664978027,6.908203125,0,0,0,0,0,0,0,0,,,,,/root/autodl-tmp/openvla_efficiency_project/scripts/Simulation/DF-06-02 LoRA+OFT INT4/output/videos/task_02_trial_001.mp4,2026-07-29T01:17:22.654426+00:00,2026-07-29T01:17:32.167549+00:00
task_02_trial_002,df_06_02_lora_oft_nf4_libero10_seed42_best_step100000,DF-04-03 LoRA+OFT 4-bit NF4 Language Model,bitsandbytes,bnb_4bit_nf4,True,2,KITCHEN_SCENE3_turn_on_the_stove_and_put_the_moka_pot_on_it,turn on the stove and put the moka pot on it,2,2,2044,True,False,success,243,243,9.769372,31,248,243,30,154.85928748403825,157.99448359757662,19.755711572037804,12.323015472955174,13.819046132266521,282.22608355985534,296.9547463580966,36.004150577594714,27.774575540807156,6.275595664978027,6.908203125,0,0,0,0,0,0,0,0,,,,,/root/autodl-tmp/openvla_efficiency_project/scripts/Simulation/DF-06-02 LoRA+OFT INT4/output/videos/task_02_trial_002.mp4,2026-07-29T01:17:32.169549+00:00,2026-07-29T01:17:41.939619+00:00
task_02_trial_003,df_06_02_lora_oft_nf4_libero10_seed42_best_step100000,DF-04-03 LoRA+OFT 4-bit NF4 Language Model,bitsandbytes,bnb_4bit_nf4,True,2,KITCHEN_SCENE3_turn_on_the_stove_and_put_the_moka_pot_on_it,turn on the stove and put the moka pot on it,3,3,2045,True,False,success,282,282,11.037573,36,288,282,35,154.18676969905695,156.38564061373472,19.68341740839025,12.063601840261027,14.118173439055681,279.68419462235437,295.19152780994773,35.70436527093886,28.007779788594593,6.275595664978027,6.908203125,0,0,0,0,0,0,0,0,,,,,/root/autodl-tmp/openvla_efficiency_project/scripts/Simulation/DF-06-02 LoRA+OFT INT4/output/videos/task_02_trial_003.mp4,2026-07-29T01:17:41.941969+00:00,2026-07-29T01:17:52.980410+00:00
task_02_trial_004,df_06_02_lora_oft_nf4_libero10_seed42_best_step100000,DF-04-03 LoRA+OFT 4-bit NF4 Language Model,bitsandbytes,bnb_4bit_nf4,True,2,KITCHEN_SCENE3_turn_on_the_stove_and_put_the_moka_pot_on_it,turn on the stove and put the moka pot on it,4,4,2046,True,False,success,220,220,8.879876,28,224,220,27,154.17644547830736,156.57276138663292,19.622456697239116,12.072577166625045,13.562719617038965,280.0826490856707,294.2612555809319,35.646882610903546,28.05294395348118,6.275595664978027,6.908203125,0,0,0,0,0,0,0,0,,,,,/root/autodl-tmp/openvla_efficiency_project/scripts/Simulation/DF-06-02 LoRA+OFT INT4/output/videos/task_02_trial_004.mp4,2026-07-29T01:17:52.982906+00:00,2026-07-29T01:18:01.863531+00:00
task_02_trial_005,df_06_02_lora_oft_nf4_libero10_seed42_best_step100000,DF-04-03 LoRA+OFT 4-bit NF4 Language Model,bitsandbytes,bnb_4bit_nf4,True,2,KITCHEN_SCENE3_turn_on_the_stove_and_put_the_moka_pot_on_it,turn on the stove and put the moka pot on it,5,5,2047,True,False,success,251,251,10.074995,32,256,251,31,153.768612886779,156.56295754015446,19.603966583175012,12.045289987171314,13.886412605643272,279.08538171323016,294.63142110034823,35.580606433559225,28.10519831547366,6.275595664978027,6.908203125,0,0,0,0,0,0,0,0,,,,,/root/autodl-tmp/openvla_efficiency_project/scripts/Simulation/DF-06-02 LoRA+OFT INT4/output/videos/task_02_trial_005.mp4,2026-07-29T01:18:01.865510+00:00,2026-07-29T01:18:11.941222+00:00
task_02_trial_006,df_06_02_lora_oft_nf4_libero10_seed42_best_step100000,DF-04-03 LoRA+OFT 4-bit NF4 Language Model,bitsandbytes,bnb_4bit_nf4,True,2,KITCHEN_SCENE3_turn_on_the_stove_and_put_the_moka_pot_on_it,turn on the stove and put the moka pot on it,6,6,2048,True,False,success,247,247,9.751523,31,248,247,30,154.0953008037421,156.6872438415885,19.339896052291518,12.160506846028783,13.653797470033169,282.0877686383263,294.7963625192642,35.40372804772516,28.245612966294782,6.275595664978027,6.908203125,0,0,0,0,0,0,0,0,,,,,/root/autodl-tmp/openvla_efficiency_project/scripts/Simulation/DF-06-02 LoRA+OFT INT4/output/videos/task_02_trial_006.mp4,2026-07-29T01:18:11.943277+00:00,2026-07-29T01:18:21.695523+00:00
task_02_trial_007,df_06_02_lora_oft_nf4_libero10_seed42_best_step100000,DF-04-03 LoRA+OFT 4-bit NF4 Language Model,bitsandbytes,bnb_4bit_nf4,True,2,KITCHEN_SCENE3_turn_on_the_stove_and_put_the_moka_pot_on_it,turn on the stove and put the moka pot on it,7,7,2049,False,True,timeout,520,,19.035632,65,520,520,64,154.99858371913433,157.85848945379257,19.37482296489179,11.402014599969753,13.352302927523851,277.9012280014845,291.2833917886019,34.737653500185566,28.787206366562963,6.275595664978027,6.908203125,0,0,0,0,0,0,0,0,timeout,"collapse_diagnostics={""zero_equivalent_arm_action_count"":0,""zero_equivalent_full_noop_count"":0,""repeated_action_count"":0,""repeated_chunk_count"":0,""max_consecutive_zero_equivalent_actions"":0,""max_consecutive_repeated_chunks"":0}",,,/root/autodl-tmp/openvla_efficiency_project/scripts/Simulation/DF-06-02 LoRA+OFT INT4/output/videos/task_02_trial_007.mp4,2026-07-29T01:18:21.697839+00:00,2026-07-29T01:18:40.734442+00:00
task_02_trial_008,df_06_02_lora_oft_nf4_libero10_seed42_best_step100000,DF-04-03 LoRA+OFT 4-bit NF4 Language Model,bitsandbytes,bnb_4bit_nf4,True,2,KITCHEN_SCENE3_turn_on_the_stove_and_put_the_moka_pot_on_it,turn on the stove and put the moka pot on it,8,8,2050,True,False,success,257,257,10.466072,33,264,257,32,154.08911872090715,157.0272110402584,19.78576232603088,12.358715359107066,14.231531694531439,281.222634694793,296.93161360919476,36.110299396607665,27.69293018085427,6.275595664978027,6.908203125,0,0,0,0,0,0,0,0,,,,,/root/autodl-tmp/openvla_efficiency_project/scripts/Simulation/DF-06-02 LoRA+OFT INT4/output/videos/task_02_trial_008.mp4,2026-07-29T01:18:40.737465+00:00,2026-07-29T01:18:51.204403+00:00
task_02_trial_009,df_06_02_lora_oft_nf4_libero10_seed42_best_step100000,DF-04-03 LoRA+OFT 4-bit NF4 Language Model,bitsandbytes,bnb_4bit_nf4,True,2,KITCHEN_SCENE3_turn_on_the_stove_and_put_the_moka_pot_on_it,turn on the stove and put the moka pot on it,9,9,2051,True,False,success,262,262,10.337256,33,264,262,32,153.94584134672627,156.69445134699345,19.390125055122013,12.075300705228143,13.736984319984913,281.11853789199483,292.0528572052717,35.408060116167285,28.24215720147292,6.275595664978027,6.908203125,0,0,0,0,0,0,0,0,,,,,/root/autodl-tmp/openvla_efficiency_project/scripts/Simulation/DF-06-02 LoRA+OFT INT4/output/videos/task_02_trial_009.mp4,2026-07-29T01:18:51.206709+00:00,2026-07-29T01:19:01.544726+00:00
task_02_trial_010,df_06_02_lora_oft_nf4_libero10_seed42_best_step100000,DF-04-03 LoRA+OFT 4-bit NF4 Language Model,bitsandbytes,bnb_4bit_nf4,True,2,KITCHEN_SCENE3_turn_on_the_stove_and_put_the_moka_pot_on_it,turn on the stove and put the moka pot on it,10,10,2052,True,False,success,240,240,9.515997,30,240,240,29,154.24180074284473,159.2804473824799,19.28022509285559,12.130476666303972,13.878926075994968,282.15702679008245,294.6205485612154,35.26962834876031,28.35300644825618,6.275595664978027,6.908203125,0,0,0,0,0,0,0,0,,,,,/root/autodl-tmp/openvla_efficiency_project/scripts/Simulation/DF-06-02 LoRA+OFT INT4/output/videos/task_02_trial_010.mp4,2026-07-29T01:19:01.563539+00:00,2026-07-29T01:19:11.080291+00:00
task_02_trial_011,df_06_02_lora_oft_nf4_libero10_seed42_best_step100000,DF-04-03 LoRA+OFT 4-bit NF4 Language Model,bitsandbytes,bnb_4bit_nf4,True,2,KITCHEN_SCENE3_turn_on_the_stove_and_put_the_moka_pot_on_it,turn on the stove and put the moka pot on it,11,11,2053,True,False,success,250,250,9.984264,32,256,250,31,153.37092004483566,154.24321899190545,19.631477765738964,12.093502946197987,14.068858046084642,278.89737114310265,297.1643654629588,35.69886350631714,28.012096234465382,6.275595664978027,6.908203125,0,0,0,0,0,0,0,0,,,,,/root/autodl-tmp/openvla_efficiency_project/scripts/Simulation/DF-06-02 LoRA+OFT INT4/output/videos/task_02_trial_011.mp4,2026-07-29T01:19:11.082513+00:00,2026-07-29T01:19:21.067480+00:00
task_02_trial_012,df_06_02_lora_oft_nf4_libero10_seed42_best_step100000,DF-04-03 LoRA+OFT 4-bit NF4 Language Model,bitsandbytes,bnb_4bit_nf4,True,2,KITCHEN_SCENE3_turn_on_the_stove_and_put_the_moka_pot_on_it,turn on the stove and put the moka pot on it,12,12,2054,True,False,success,251,251,9.946988,32,256,251,31,153.47053349250928,155.6730386801064,19.56596442932389,12.140488281727313,13.920314610004425,279.72511819098145,293.5705794021487,35.662166462595245,28.040921211246765,6.275595664978027,6.908203125,0,0,0,0,0,0,0,0,,,,,/root/autodl-tmp/openvla_efficiency_project/scripts/Simulation/DF-06-02 LoRA+OFT INT4/output/videos/task_02_trial_012.mp4,2026-07-29T01:19:21.069048+00:00,2026-07-29T01:19:31.016752+00:00
task_02_trial_013,df_06_02_lora_oft_nf4_libero10_seed42_best_step100000,DF-04-03 LoRA+OFT 4-bit NF4 Language Model,bitsandbytes,bnb_4bit_nf4,True,2,KITCHEN_SCENE3_turn_on_the_stove_and_put_the_moka_pot_on_it,turn on the stove and put the moka pot on it,13,13,2055,True,False,success,247,247,10.077183,31,248,247,30,157.6475359259113,166.3719667121768,19.785723132401824,12.887303939896073,16.63246005773544,293.8136689725422,331.5837662667036,36.875399749590315,27.118350086797633,6.275595664978027,6.908203125,0,0,0,0,0,0,0,0,,,,,/root/autodl-tmp/openvla_efficiency_project/scripts/Simulation/DF-06-02 LoRA+OFT INT4/output/videos/task_02_trial_013.mp4,2026-07-29T01:19:31.032221+00:00,2026-07-29T01:19:41.110378+00:00
task_02_trial_014,df_06_02_lora_oft_nf4_libero10_seed42_best_step100000,DF-04-03 LoRA+OFT 4-bit NF4 Language Model,bitsandbytes,bnb_4bit_nf4,True,2,KITCHEN_SCENE3_turn_on_the_stove_and_put_the_moka_pot_on_it,turn on the stove and put the moka pot on it,14,14,2056,True,False,success,218,218,8.910673,28,224,218,27,153.9875631486731,155.50567265599966,19.77821912001306,12.261711659097891,14.1676414757967,280.73225037327836,297.5366100668907,36.057353258953185,27.733594110979183,6.275595664978027,6.908203125,0,0,0,0,0,0,0,0,,,,,/root/autodl-tmp/openvla_efficiency_project/scripts/Simulation/DF-06-02 LoRA+OFT INT4/output/videos/task_02_trial_014.mp4,2026-07-29T01:19:41.112703+00:00,2026-07-29T01:19:50.024131+00:00
task_02_trial_015,df_06_02_lora_oft_nf4_libero10_seed42_best_step100000,DF-04-03 LoRA+OFT 4-bit NF4 Language Model,bitsandbytes,bnb_4bit_nf4,True,2,KITCHEN_SCENE3_turn_on_the_stove_and_put_the_moka_pot_on_it,turn on the stove and put the moka pot on it,15,15,2057,True,False,success,215,215,8.794257,27,216,215,26,154.73992936313152,159.63104330003262,19.432456245602562,12.19039095868898,13.878217339515686,283.88252426628713,295.512380823493,35.650363512510474,28.050204863944195,6.275595664978027,6.908203125,0,0,0,0,0,0,0,0,,,,,/root/autodl-tmp/openvla_efficiency_project/scripts/Simulation/DF-06-02 LoRA+OFT INT4/output/videos/task_02_trial_015.mp4,2026-07-29T01:19:50.026387+00:00,2026-07-29T01:19:58.821391+00:00
task_02_trial_016,df_06_02_lora_oft_nf4_libero10_seed42_best_step100000,DF-04-03 LoRA+OFT 4-bit NF4 Language Model,bitsandbytes,bnb_4bit_nf4,True,2,KITCHEN_SCENE3_turn_on_the_stove_and_put_the_moka_pot_on_it,turn on the stove and put the moka pot on it,16,16,2058,True,False,success,250,250,10.083853,32,256,250,31,154.0603867615573,155.97651917487383,19.719729505479336,12.476223014295101,14.240304846316574,282.7754361787811,298.4278954565525,36.19525583088398,27.62793015394961,6.275595664978027,6.908203125,0,0,0,0,0,0,0,0,,,,,/root/autodl-tmp/openvla_efficiency_project/scripts/Simulation/DF-06-02 LoRA+OFT INT4/output/videos/task_02_trial_016.mp4,2026-07-29T01:19:58.823929+00:00,2026-07-29T01:20:08.908497+00:00
task_02_trial_017,df_06_02_lora_oft_nf4_libero10_seed42_best_step100000,DF-04-03 LoRA+OFT 4-bit NF4 Language Model,bitsandbytes,bnb_4bit_nf4,True,2,KITCHEN_SCENE3_turn_on_the_stove_and_put_the_moka_pot_on_it,turn on the stove and put the moka pot on it,17,17,2059,True,False,success,261,261,10.354142,33,264,261,32,154.3616738283273,155.75161166489124,19.51699324266207,12.257608659993643,14.036914333701134,283.849636092782,298.0616632848978,35.88903444851267,27.8636640791946,6.275595664978027,6.908203125,0,0,0,0,0,0,0,0,,,,,/root/autodl-tmp/openvla_efficiency_project/scripts/Simulation/DF-06-02 LoRA+OFT INT4/output/videos/task_02_trial_017.mp4,2026-07-29T01:20:08.910506+00:00,2026-07-29T01:20:19.265451+00:00
task_02_trial_018,df_06_02_lora_oft_nf4_libero10_seed42_best_step100000,DF-04-03 LoRA+OFT 4-bit NF4 Language Model,bitsandbytes,bnb_4bit_nf4,True,2,KITCHEN_SCENE3_turn_on_the_stove_and_put_the_moka_pot_on_it,turn on the stove and put the moka pot on it,18,18,2060,True,False,success,278,278,10.982268,35,280,278,34,153.8532812680517,155.14394231140614,19.370017425833847,12.421831629312724,13.772140722721815,283.7951425462961,293.59395056962967,35.72960427741138,27.98799539552164,6.275595664978027,6.908203125,0,0,0,0,0,0,0,0,,,,,/root/autodl-tmp/openvla_efficiency_project/scripts/Simulation/DF-06-02 LoRA+OFT INT4/output/videos/task_02_trial_018.mp4,2026-07-29T01:20:19.267754+00:00,2026-07-29T01:20:30.251004+00:00
task_02_trial_019,df_06_02_lora_oft_nf4_libero10_seed42_best_step100000,DF-04-03 LoRA+OFT 4-bit NF4 Language Model,bitsandbytes,bnb_4bit_nf4,True,2,KITCHEN_SCENE3_turn_on_the_stove_and_put_the_moka_pot_on_it,turn on the stove and put the moka pot on it,19,19,2061,True,False,success,289,289,11.469763,37,296,289,36,153.4357237050662,154.90086302161217,19.644019989921972,12.276884690442712,13.62289711833,280.99122306180965,293.5269098728895,35.97465485566421,27.797347994363033,6.275595664978027,6.908203125,0,0,0,0,0,0,0,0,,,,,/root/autodl-tmp/openvla_efficiency_project/scripts/Simulation/DF-06-02 LoRA+OFT INT4/output/videos/task_02_trial_019.mp4,2026-07-29T01:20:30.254056+00:00,2026-07-29T01:20:41.724780+00:00
task_02_trial_020,df_06_02_lora_oft_nf4_libero10_seed42_best_step100000,DF-04-03 LoRA+OFT 4-bit NF4 Language Model,bitsandbytes,bnb_4bit_nf4,True,2,KITCHEN_SCENE3_turn_on_the_stove_and_put_the_moka_pot_on_it,turn on the stove and put the moka pot on it,20,20,2062,True,False,success,256,256,10.189405,32,256,256,31,153.33712700521573,154.9897139891982,19.167140875651967,12.25703614181839,14.07644571736455,282.6441493816674,297.3853496834636,35.33051867270842,28.30414150620621,6.275595664978027,6.908203125,0,0,0,0,0,0,0,0,,,,,/root/autodl-tmp/openvla_efficiency_project/scripts/Simulation/DF-06-02 LoRA+OFT INT4/output/videos/task_02_trial_020.mp4,2026-07-29T01:20:41.726750+00:00,2026-07-29T01:20:51.917009+00:00
task_02_trial_021,df_06_02_lora_oft_nf4_libero10_seed42_best_step100000,DF-04-03 LoRA+OFT 4-bit NF4 Language Model,bitsandbytes,bnb_4bit_nf4,True,2,KITCHEN_SCENE3_turn_on_the_stove_and_put_the_moka_pot_on_it,turn on the stove and put the moka pot on it,21,21,2063,True,False,success,247,247,9.917871,31,248,247,30,153.94623841970198,157.16799814254045,19.321187817857332,12.362624379063424,13.647300936281681,283.73633012656245,293.0573793128133,35.61063252600581,28.08150063803887,6.275595664978027,6.908203125,0,0,0,0,0,0,0,0,,,,,/root/autodl-tmp/openvla_efficiency_project/scripts/Simulation/DF-06-02 LoRA+OFT INT4/output/videos/task_02_trial_021.mp4,2026-07-29T01:20:51.919279+00:00,2026-07-29T01:21:01.837892+00:00
task_02_trial_022,df_06_02_lora_oft_nf4_libero10_seed42_best_step100000,DF-04-03 LoRA+OFT 4-bit NF4 Language Model,bitsandbytes,bnb_4bit_nf4,True,2,KITCHEN_SCENE3_turn_on_the_stove_and_put_the_moka_pot_on_it,turn on the stove and put the moka pot on it,22,22,2064,True,False,success,235,235,9.483393,30,240,235,29,153.62278011937937,154.85581010580063,19.611418738644172,12.326107927142306,13.89501541852951,281.5106875573595,294.3713266402483,35.93753458179058,27.82606018017431,6.275595664978027,6.908203125,0,0,0,0,0,0,0,0,,,,,/root/autodl-tmp/openvla_efficiency_project/scripts/Simulation/DF-06-02 LoRA+OFT INT4/output/videos/task_02_trial_022.mp4,2026-07-29T01:21:01.840342+00:00,2026-07-29T01:21:11.324484+00:00
task_02_trial_023,df_06_02_lora_oft_nf4_libero10_seed42_best_step100000,DF-04-03 LoRA+OFT 4-bit NF4 Language Model,bitsandbytes,bnb_4bit_nf4,True,2,KITCHEN_SCENE3_turn_on_the_stove_and_put_the_moka_pot_on_it,turn on the stove and put the moka pot on it,23,23,2065,True,False,success,260,260,10.324249,33,264,260,32,153.87817810882223,155.87382800877094,19.530691836888973,12.260241985607605,14.23346670344472,282.11531043052673,298.329384252429,35.80694324695147,27.92754447379805,6.275595664978027,6.908203125,0,0,0,0,0,0,0,0,,,,,/root/autodl-tmp/openvla_efficiency_project/scripts/Simulation/DF-06-02 LoRA+OFT INT4/output/videos/task_02_trial_023.mp4,2026-07-29T01:21:11.326580+00:00,2026-07-29T01:21:21.651637+00:00
task_02_trial_024,df_06_02_lora_oft_nf4_libero10_seed42_best_step100000,DF-04-03 LoRA+OFT 4-bit NF4 Language Model,bitsandbytes,bnb_4bit_nf4,True,2,KITCHEN_SCENE3_turn_on_the_stove_and_put_the_moka_pot_on_it,turn on the stove and put the moka pot on it,24,24,2066,True,False,success,246,246,9.765993,31,248,246,30,153.00393098544689,153.60461920499802,19.28098317296282,12.350337337551078,14.064328745007515,282.62342452522245,293.41807402670383,35.61514699301584,28.077941112979286,6.275595664978027,6.908203125,0,0,0,0,0,0,0,0,,,,,/root/autodl-tmp/openvla_efficiency_project/scripts/Simulation/DF-06-02 LoRA+OFT INT4/output/videos/task_02_trial_024.mp4,2026-07-29T01:21:21.653963+00:00,2026-07-29T01:21:31.420751+00:00
task_02_trial_025,df_06_02_lora_oft_nf4_libero10_seed42_best_step100000,DF-04-03 LoRA+OFT 4-bit NF4 Language Model,bitsandbytes,bnb_4bit_nf4,True,2,KITCHEN_SCENE3_turn_on_the_stove_and_put_the_moka_pot_on_it,turn on the stove and put the moka pot on it,25,25,2067,True,False,success,235,235,9.616076,30,240,235,29,154.04166697214046,156.88550909981132,19.66489365601793,12.318387540413978,14.038142375648018,282.58655089884996,297.9856659658253,36.07487883815106,27.720120821097478,6.275595664978027,6.908203125,0,0,0,0,0,0,0,0,,,,,/root/autodl-tmp/openvla_efficiency_project/scripts/Simulation/DF-06-02 LoRA+OFT INT4/output/videos/task_02_trial_025.mp4,2026-07-29T01:21:31.422992+00:00,2026-07-29T01:21:41.039882+00:00
task_02_trial_026,df_06_02_lora_oft_nf4_libero10_seed42_best_step100000,DF-04-03 LoRA+OFT 4-bit NF4 Language Model,bitsandbytes,bnb_4bit_nf4,True,2,KITCHEN_SCENE3_turn_on_the_stove_and_put_the_moka_pot_on_it,turn on the stove and put the moka pot on it,26,26,2068,True,False,success,237,237,9.608319,30,240,237,29,154.3069800361991,157.95409986749289,19.532529118506215,12.283291573388667,14.063599333167076,283.1026401370764,300.11697970330715,35.83577723254131,27.905073566869152,6.275595664978027,6.908203125,0,0,0,0,0,0,0,0,,,,,/root/autodl-tmp/openvla_efficiency_project/scripts/Simulation/DF-06-02 LoRA+OFT INT4/output/videos/task_02_trial_026.mp4,2026-07-29T01:21:41.042083+00:00,2026-07-29T01:21:50.651136+00:00
task_02_trial_027,df_06_02_lora_oft_nf4_libero10_seed42_best_step100000,DF-04-03 LoRA+OFT 4-bit NF4 Language Model,bitsandbytes,bnb_4bit_nf4,True,2,KITCHEN_SCENE3_turn_on_the_stove_and_put_the_moka_pot_on_it,turn on the stove and put the moka pot on it,27,27,2069,True,False,success,231,231,9.265003,29,232,231,28,153.21734984373225,154.10817824304104,19.235078551810542,12.318439160784086,13.874417170882225,282.8642314235712,293.4912156313658,35.51109398824054,28.160213828702346,6.275595664978027,6.908203125,0,0,0,0,0,0,0,0,,,,,/root/autodl-tmp/openvla_efficiency_project/scripts/Simulation/DF-06-02 LoRA+OFT INT4/output/videos/task_02_trial_027.mp4,2026-07-29T01:21:50.654620+00:00,2026-07-29T01:21:59.920375+00:00
task_02_trial_028,df_06_02_lora_oft_nf4_libero10_seed42_best_step100000,DF-04-03 LoRA+OFT 4-bit NF4 Language Model,bitsandbytes,bnb_4bit_nf4,True,2,KITCHEN_SCENE3_turn_on_the_stove_and_put_the_moka_pot_on_it,turn on the stove and put the moka pot on it,28,28,2070,True,False,success,232,232,9.359963,29,232,232,28,154.00888122104365,155.2194580435753,19.251110152630456,12.43803290457561,14.662138745188713,285.4861258047408,302.9328014701605,35.6857657255926,28.022377540937406,6.275595664978027,6.908203125,0,0,0,0,0,0,0,0,,,,,/root/autodl-tmp/openvla_efficiency_project/scripts/Simulation/DF-06-02 LoRA+OFT INT4/output/videos/task_02_trial_028.mp4,2026-07-29T01:21:59.922627+00:00,2026-07-29T01:22:09.283296+00:00
task_02_trial_029,df_06_02_lora_oft_nf4_libero10_seed42_best_step100000,DF-04-03 LoRA+OFT 4-bit NF4 Language Model,bitsandbytes,bnb_4bit_nf4,True,2,KITCHEN_SCENE3_turn_on_the_stove_and_put_the_moka_pot_on_it,turn on the stove and put the moka pot on it,29,29,2071,True,False,success,252,252,10.256296,32,256,252,31,156.9584018434398,160.27607265859842,19.931225630912987,12.667959600332237,15.479487273842096,289.41108036087826,313.3310339413583,36.75061337915914,27.21043019562467,6.275595664978027,6.908203125,0,0,0,0,0,0,0,0,,,,,/root/autodl-tmp/openvla_efficiency_project/scripts/Simulation/DF-06-02 LoRA+OFT INT4/output/videos/task_02_trial_029.mp4,2026-07-29T01:22:09.285247+00:00,2026-07-29T01:22:19.542443+00:00
task_02_trial_030,df_06_02_lora_oft_nf4_libero10_seed42_best_step100000,DF-04-03 LoRA+OFT 4-bit NF4 Language Model,bitsandbytes,bnb_4bit_nf4,True,2,KITCHEN_SCENE3_turn_on_the_stove_and_put_the_moka_pot_on_it,turn on the stove and put the moka pot on it,30,30,2072,True,False,success,237,237,9.479932,30,240,237,29,153.23976321766773,154.0827733464539,19.397438381983257,12.04337967158873,13.546869903802872,279.6516514693697,292.2840867191553,35.39894322397085,28.249430884785202,6.275595664978027,6.908203125,0,0,0,0,0,0,0,0,,,,,/root/autodl-tmp/openvla_efficiency_project/scripts/Simulation/DF-06-02 LoRA+OFT INT4/output/videos/task_02_trial_030.mp4,2026-07-29T01:22:19.545016+00:00,2026-07-29T01:22:29.025685+00:00
task_02_trial_031,df_06_02_lora_oft_nf4_libero10_seed42_best_step100000,DF-04-03 LoRA+OFT 4-bit NF4 Language Model,bitsandbytes,bnb_4bit_nf4,True,2,KITCHEN_SCENE3_turn_on_the_stove_and_put_the_moka_pot_on_it,turn on the stove and put the moka pot on it,31,31,2073,True,False,success,237,237,9.491696,30,240,237,29,153.7299344316125,156.11804546788335,19.45948537109019,12.009060639054967,13.83458822965622,280.5575321118037,293.02786011248827,35.51361165972199,28.158217462690708,6.275595664978027,6.908203125,0,0,0,0,0,0,0,0,,,,,/root/autodl-tmp/openvla_efficiency_project/scripts/Simulation/DF-06-02 LoRA+OFT INT4/output/videos/task_02_trial_031.mp4,2026-07-29T01:22:29.027824+00:00,2026-07-29T01:22:38.520369+00:00
task_02_trial_032,df_06_02_lora_oft_nf4_libero10_seed42_best_step100000,DF-04-03 LoRA+OFT 4-bit NF4 Language Model,bitsandbytes,bnb_4bit_nf4,True,2,KITCHEN_SCENE3_turn_on_the_stove_and_put_the_moka_pot_on_it,turn on the stove and put the moka pot on it,32,32,2074,True,False,success,227,227,9.174226,29,232,227,28,152.51937694847584,153.72531823813915,19.484854323814094,12.309765976562375,13.820560835301876,279.898968364658,291.6777588427067,35.75801798491226,27.965755831935095,6.275595664978027,6.908203125,0,0,0,0,0,0,0,0,,,,,/root/autodl-tmp/openvla_efficiency_project/scripts/Simulation/DF-06-02 LoRA+OFT INT4/output/videos/task_02_trial_032.mp4,2026-07-29T01:22:38.522759+00:00,2026-07-29T01:22:47.697761+00:00
task_02_trial_033,df_06_02_lora_oft_nf4_libero10_seed42_best_step100000,DF-04-03 LoRA+OFT 4-bit NF4 Language Model,bitsandbytes,bnb_4bit_nf4,True,2,KITCHEN_SCENE3_turn_on_the_stove_and_put_the_moka_pot_on_it,turn on the stove and put the moka pot on it,33,33,2075,True,False,success,217,217,8.828989,28,224,217,27,152.71738590672612,154.4568033888936,19.705469149254984,12.197060716523003,13.738393038511276,277.935525868088,292.6349038258195,35.86264849910813,27.884164774524923,6.275595664978027,6.908203125,0,0,0,0,0,0,0,0,,,,,/root/autodl-tmp/openvla_efficiency_project/scripts/Simulation/DF-06-02 LoRA+OFT INT4/output/videos/task_02_trial_033.mp4,2026-07-29T01:22:47.701181+00:00,2026-07-29T01:22:56.530931+00:00
task_02_trial_034,df_06_02_lora_oft_nf4_libero10_seed42_best_step100000,DF-04-03 LoRA+OFT 4-bit NF4 Language Model,bitsandbytes,bnb_4bit_nf4,True,2,KITCHEN_SCENE3_turn_on_the_stove_and_put_the_moka_pot_on_it,turn on the stove and put the moka pot on it,34,34,2076,True,False,success,223,223,8.969169,28,224,223,27,153.94380788451858,155.4340885952115,19.3292673576974,12.22404154360027,14.005356840789318,282.5646164960095,296.9327760860324,35.478965299947376,28.185714874877796,6.275595664978027,6.908203125,0,0,0,0,0,0,0,0,,,,,/root/autodl-tmp/openvla_efficiency_project/scripts/Simulation/DF-06-02 LoRA+OFT INT4/output/videos/task_02_trial_034.mp4,2026-07-29T01:22:56.533247+00:00,2026-07-29T01:23:05.503228+00:00
task_02_trial_035,df_06_02_lora_oft_nf4_libero10_seed42_best_step100000,DF-04-03 LoRA+OFT 4-bit NF4 Language Model,bitsandbytes,bnb_4bit_nf4,True,2,KITCHEN_SCENE3_turn_on_the_stove_and_put_the_moka_pot_on_it,turn on the stove and put the moka pot on it,35,35,2077,True,False,success,259,259,10.300471,33,264,259,32,152.98321967323622,154.307871311903,19.492070460296507,12.189962250327971,13.95198218524456,280.560449781743,294.4453313946724,35.74708433512555,27.974309474448155,6.275595664978027,6.908203125,0,0,0,0,0,0,0,0,,,,,/root/autodl-tmp/openvla_efficiency_project/scripts/Simulation/DF-06-02 LoRA+OFT INT4/output/videos/task_02_trial_035.mp4,2026-07-29T01:23:05.505246+00:00,2026-07-29T01:23:15.806468+00:00
task_02_trial_036,df_06_02_lora_oft_nf4_libero10_seed42_best_step100000,DF-04-03 LoRA+OFT 4-bit NF4 Language Model,bitsandbytes,bnb_4bit_nf4,True,2,KITCHEN_SCENE3_turn_on_the_stove_and_put_the_moka_pot_on_it,turn on the stove and put the moka pot on it,36,36,2078,True,False,success,223,223,8.917711,28,224,223,27,152.94871752017312,154.0085050277412,19.20432327607555,12.261694790001942,13.732271455228327,281.7777047332908,291.6780862957239,35.38016023557015,28.26442823723082,6.275595664978027,6.908203125,0,0,0,0,0,0,0,0,,,,,/root/autodl-tmp/openvla_efficiency_project/scripts/Simulation/DF-06-02 LoRA+OFT INT4/output/videos/task_02_trial_036.mp4,2026-07-29T01:23:15.808821+00:00,2026-07-29T01:23:24.727297+00:00
task_02_trial_037,df_06_02_lora_oft_nf4_libero10_seed42_best_step100000,DF-04-03 LoRA+OFT 4-bit NF4 Language Model,bitsandbytes,bnb_4bit_nf4,True,2,KITCHEN_SCENE3_turn_on_the_stove_and_put_the_moka_pot_on_it,turn on the stove and put the moka pot on it,37,37,2079,True,False,success,229,229,9.205964,29,232,229,28,153.3497735087214,155.6700449436903,19.41984031333153,12.104964070835488,13.752437382936476,280.28640478592496,293.31600554287434,35.49478488555381,28.173152851167007,6.275595664978027,6.908203125,0,0,0,0,0,0,0,0,,,,,/root/autodl-tmp/openvla_efficiency_project/scripts/Simulation/DF-06-02 LoRA+OFT INT4/output/videos/task_02_trial_037.mp4,2026-07-29T01:23:24.729727+00:00,2026-07-29T01:23:33.936515+00:00
task_02_trial_038,df_06_02_lora_oft_nf4_libero10_seed42_best_step100000,DF-04-03 LoRA+OFT 4-bit NF4 Language Model,bitsandbytes,bnb_4bit_nf4,True,2,KITCHEN_SCENE3_turn_on_the_stove_and_put_the_moka_pot_on_it,turn on the stove and put the moka pot on it,38,38,2080,True,False,success,247,247,9.833522,31,248,247,30,153.88916673198824,157.2334486991167,19.31402497446006,12.289608410193853,14.295293390750885,283.39678109172854,298.68741426616907,35.568017060095485,28.115146208752844,6.275595664978027,6.908203125,0,0,0,0,0,0,0,0,,,,,/root/autodl-tmp/openvla_efficiency_project/scripts/Simulation/DF-06-02 LoRA+OFT INT4/output/videos/task_02_trial_038.mp4,2026-07-29T01:23:33.938524+00:00,2026-07-29T01:23:43.772931+00:00
task_02_trial_039,df_06_02_lora_oft_nf4_libero10_seed42_best_step100000,DF-04-03 LoRA+OFT 4-bit NF4 Language Model,bitsandbytes,bnb_4bit_nf4,True,2,KITCHEN_SCENE3_turn_on_the_stove_and_put_the_moka_pot_on_it,turn on the stove and put the moka pot on it,39,39,2081,True,False,success,237,237,9.587809,30,240,237,29,154.10165128608546,160.07551299408078,19.506538137479172,12.173883954872561,14.215021952986717,281.3841812312603,295.98583709448576,35.61825078876713,28.07549438433873,6.275595664978027,6.908203125,0,0,0,0,0,0,0,0,,,,,/root/autodl-tmp/openvla_efficiency_project/scripts/Simulation/DF-06-02 LoRA+OFT INT4/output/videos/task_02_trial_039.mp4,2026-07-29T01:23:43.775380+00:00,2026-07-29T01:23:53.363879+00:00
task_02_trial_040,df_06_02_lora_oft_nf4_libero10_seed42_best_step100000,DF-04-03 LoRA+OFT 4-bit NF4 Language Model,bitsandbytes,bnb_4bit_nf4,True,2,KITCHEN_SCENE3_turn_on_the_stove_and_put_the_moka_pot_on_it,turn on the stove and put the moka pot on it,40,40,2082,True,False,success,255,255,10.047201,32,256,255,31,154.47487944038585,159.3937468715012,19.385082910166066,12.244835021156891,14.053924567997456,283.2886421238072,294.719513412565,35.54994724690914,28.12943695962711,6.275595664978027,6.908203125,0,0,0,0,0,0,0,0,,,,,/root/autodl-tmp/openvla_efficiency_project/scripts/Simulation/DF-06-02 LoRA+OFT INT4/output/videos/task_02_trial_040.mp4,2026-07-29T01:23:53.366068+00:00,2026-07-29T01:24:03.414004+00:00
task_02_trial_041,df_06_02_lora_oft_nf4_libero10_seed42_best_step100000,DF-04-03 LoRA+OFT 4-bit NF4 Language Model,bitsandbytes,bnb_4bit_nf4,True,2,KITCHEN_SCENE3_turn_on_the_stove_and_put_the_moka_pot_on_it,turn on the stove and put the moka pot on it,41,41,2083,True,False,success,240,240,9.452469,30,240,240,29,154.32940243432918,158.80092596635222,19.291175304291148,12.055888283066452,14.023921359330416,282.4749653538068,294.10578422248363,35.30937066922585,28.321093835624705,6.275595664978027,6.908203125,0,0,0,0,0,0,0,0,,,,,/root/autodl-tmp/openvla_efficiency_project/scripts/Simulation/DF-06-02 LoRA+OFT INT4/output/videos/task_02_trial_041.mp4,2026-07-29T01:24:03.416119+00:00,2026-07-29T01:24:12.869449+00:00
task_02_trial_042,df_06_02_lora_oft_nf4_libero10_seed42_best_step100000,DF-04-03 LoRA+OFT 4-bit NF4 Language Model,bitsandbytes,bnb_4bit_nf4,True,2,KITCHEN_SCENE3_turn_on_the_stove_and_put_the_moka_pot_on_it,turn on the stove and put the moka pot on it,42,42,2084,True,False,success,244,244,9.960758,31,248,244,30,154.9190484107502,159.25606433302164,19.682338117759247,12.653160397512991,15.116034634411335,286.2443758114692,299.14013389497995,36.367113320309606,27.49737080290998,6.275595664978027,6.908203125,0,0,0,0,0,0,0,0,,,,,/root/autodl-tmp/openvla_efficiency_project/scripts/Simulation/DF-06-02 LoRA+OFT INT4/output/videos/task_02_trial_042.mp4,2026-07-29T01:24:12.872324+00:00,2026-07-29T01:24:22.833893+00:00
task_02_trial_043,df_06_02_lora_oft_nf4_libero10_seed42_best_step100000,DF-04-03 LoRA+OFT 4-bit NF4 Language Model,bitsandbytes,bnb_4bit_nf4,True,2,KITCHEN_SCENE3_turn_on_the_stove_and_put_the_moka_pot_on_it,turn on the stove and put the moka pot on it,43,43,2085,True,False,success,242,242,9.822224,31,248,242,30,153.62486874143923,156.55513014644384,19.679218723076925,12.439481244414798,14.536036737263203,282.204516292099,300.11405795812607,36.150165310144914,27.662390791871907,6.275595664978027,6.908203125,0,0,0,0,0,0,0,0,,,,,/root/autodl-tmp/openvla_efficiency_project/scripts/Simulation/DF-06-02 LoRA+OFT INT4/output/videos/task_02_trial_043.mp4,2026-07-29T01:24:22.835996+00:00,2026-07-29T01:24:32.658958+00:00
task_02_trial_044,df_06_02_lora_oft_nf4_libero10_seed42_best_step100000,DF-04-03 LoRA+OFT 4-bit NF4 Language Model,bitsandbytes,bnb_4bit_nf4,True,2,KITCHEN_SCENE3_turn_on_the_stove_and_put_the_moka_pot_on_it,turn on the stove and put the moka pot on it,44,44,2086,True,False,success,249,249,10.037905,32,256,249,31,153.5268285078928,154.3007731437683,19.73035547089385,12.394069061880131,14.178239926695824,281.3125613029115,298.32262909039855,36.15261832005288,27.660513856760602,6.275595664978027,6.908203125,0,0,0,0,0,0,0,0,,,,,/root/autodl-tmp/openvla_efficiency_project/scripts/Simulation/DF-06-02 LoRA+OFT INT4/output/videos/task_02_trial_044.mp4,2026-07-29T01:24:32.691741+00:00,2026-07-29T01:24:42.730370+00:00
task_02_trial_045,df_06_02_lora_oft_nf4_libero10_seed42_best_step100000,DF-04-03 LoRA+OFT 4-bit NF4 Language Model,bitsandbytes,bnb_4bit_nf4,True,2,KITCHEN_SCENE3_turn_on_the_stove_and_put_the_moka_pot_on_it,turn on the stove and put the moka pot on it,45,45,2087,True,False,success,233,233,9.548435,30,240,233,29,156.2440595900019,165.31501486897469,20.117260891416553,12.442124391957925,14.406394958496094,285.04358045756817,308.65204771980643,36.70089018766972,27.247295498460872,6.275595664978027,6.908203125,0,0,0,0,0,0,0,0,,,,,/root/autodl-tmp/openvla_efficiency_project/scripts/Simulation/DF-06-02 LoRA+OFT INT4/output/videos/task_02_trial_045.mp4,2026-07-29T01:24:42.732683+00:00,2026-07-29T01:24:52.281860+00:00
task_02_trial_046,df_06_02_lora_oft_nf4_libero10_seed42_best_step100000,DF-04-03 LoRA+OFT 4-bit NF4 Language Model,bitsandbytes,bnb_4bit_nf4,True,2,KITCHEN_SCENE3_turn_on_the_stove_and_put_the_moka_pot_on_it,turn on the stove and put the moka pot on it,46,46,2088,True,False,success,257,257,10.393936,33,264,257,32,154.65461259538478,157.145918533206,19.85837437995213,12.521419543700459,14.844290167093275,284.6437575803562,306.97370506823063,36.54958754922861,27.360089868404145,6.275595664978027,6.908203125,0,0,0,0,0,0,0,0,,,,,/root/autodl-tmp/openvla_efficiency_project/scripts/Simulation/DF-06-02 LoRA+OFT INT4/output/videos/task_02_trial_046.mp4,2026-07-29T01:24:52.284120+00:00,2026-07-29T01:25:02.678962+00:00
task_02_trial_047,df_06_02_lora_oft_nf4_libero10_seed42_best_step100000,DF-04-03 LoRA+OFT 4-bit NF4 Language Model,bitsandbytes,bnb_4bit_nf4,True,2,KITCHEN_SCENE3_turn_on_the_stove_and_put_the_moka_pot_on_it,turn on the stove and put the moka pot on it,47,47,2089,True,False,success,250,250,10.11817,32,256,250,31,154.45374773116782,155.81059660762548,19.77007970958948,12.313587233424187,14.199093822389841,282.0855248137377,297.048042435199,36.10694717615843,27.69550123197079,6.275595664978027,6.908203125,0,0,0,0,0,0,0,0,,,,,/root/autodl-tmp/openvla_efficiency_project/scripts/Simulation/DF-06-02 LoRA+OFT INT4/output/videos/task_02_trial_047.mp4,2026-07-29T01:25:02.681386+00:00,2026-07-29T01:25:12.800405+00:00
task_02_trial_048,df_06_02_lora_oft_nf4_libero10_seed42_best_step100000,DF-04-03 LoRA+OFT 4-bit NF4 Language Model,bitsandbytes,bnb_4bit_nf4,True,2,KITCHEN_SCENE3_turn_on_the_stove_and_put_the_moka_pot_on_it,turn on the stove and put the moka pot on it,48,48,2090,True,False,success,252,252,10.106247,32,256,252,31,153.15973974065855,154.5300217345357,19.448855840083624,12.281274282565665,13.966684788465498,280.65925650298595,296.65903402492404,35.639270667045835,28.058935586598825,6.275595664978027,6.908203125,0,0,0,0,0,0,0,0,,,,,/root/autodl-tmp/openvla_efficiency_project/scripts/Simulation/DF-06-02 LoRA+OFT INT4/output/videos/task_02_trial_048.mp4,2026-07-29T01:25:12.802371+00:00,2026-07-29T01:25:22.909347+00:00
task_02_trial_049,df_06_02_lora_oft_nf4_libero10_seed42_best_step100000,DF-04-03 LoRA+OFT 4-bit NF4 Language Model,bitsandbytes,bnb_4bit_nf4,True,2,KITCHEN_SCENE3_turn_on_the_stove_and_put_the_moka_pot_on_it,turn on the stove and put the moka pot on it,49,49,2091,True,False,success,254,254,10.072544,32,256,254,31,153.8412447553128,155.3059688769281,19.38157414240161,12.345486921881596,14.169838186353445,283.5328603978269,297.7835150435567,35.720675325710474,27.99499144071992,6.275595664978027,6.908203125,0,0,0,0,0,0,0,0,,,,,/root/autodl-tmp/openvla_efficiency_project/scripts/Simulation/DF-06-02 LoRA+OFT INT4/output/videos/task_02_trial_049.mp4,2026-07-29T01:25:22.911294+00:00,2026-07-29T01:25:32.984664+00:00
task_03_trial_000,df_06_02_lora_oft_nf4_libero10_seed42_best_step100000,DF-04-03 LoRA+OFT 4-bit NF4 Language Model,bitsandbytes,bnb_4bit_nf4,True,3,KITCHEN_SCENE4_put_the_black_bowl_in_the_bottom_drawer_of_the_cabinet_and_close_it,put the black bowl in the bottom drawer of the cabinet and close it,0,0,3042,True,False,success,220,220,9.781413,28,224,220,27,154.94330719645535,157.7993900515139,19.72005727954886,13.003759357062252,16.327050141990185,289.1611279254513,310.2565471082926,36.802325372330166,27.172196046933767,6.278037071228027,6.953125,0,0,0,0,0,0,0,0,,,,,/root/autodl-tmp/openvla_efficiency_project/scripts/Simulation/DF-06-02 LoRA+OFT INT4/output/videos/task_03_trial_000.mp4,2026-07-29T01:25:34.575366+00:00,2026-07-29T01:25:44.357587+00:00
task_03_trial_001,df_06_02_lora_oft_nf4_libero10_seed42_best_step100000,DF-04-03 LoRA+OFT 4-bit NF4 Language Model,bitsandbytes,bnb_4bit_nf4,True,3,KITCHEN_SCENE4_put_the_black_bowl_in_the_bottom_drawer_of_the_cabinet_and_close_it,put the black bowl in the bottom drawer of the cabinet and close it,1,1,3043,True,False,success,234,234,10.468145,30,240,234,29,154.7282467285792,156.3445066101849,19.836954708792206,13.072119667552984,17.408015858381987,288.1029572958748,324.73240345716476,36.9362765763942,27.07365475596139,6.278037071228027,6.953125,0,0,0,0,0,0,0,0,,,,,/root/autodl-tmp/openvla_efficiency_project/scripts/Simulation/DF-06-02 LoRA+OFT INT4/output/videos/task_03_trial_001.mp4,2026-07-29T01:25:44.359577+00:00,2026-07-29T01:25:54.828468+00:00
task_03_trial_002,df_06_02_lora_oft_nf4_libero10_seed42_best_step100000,DF-04-03 LoRA+OFT 4-bit NF4 Language Model,bitsandbytes,bnb_4bit_nf4,True,3,KITCHEN_SCENE4_put_the_black_bowl_in_the_bottom_drawer_of_the_cabinet_and_close_it,put the black bowl in the bottom drawer of the cabinet and close it,2,2,3044,True,False,success,287,287,12.476365,36,288,287,35,155.38476459268065,159.97077384963632,19.490771865283985,13.862429063390772,18.013295717537403,297.4020997579727,325.02324506640434,37.30479300100006,26.806206912157165,6.278037071228027,6.953125,0,0,0,0,0,0,0,0,,,,,/root/autodl-tmp/openvla_efficiency_project/scripts/Simulation/DF-06-02 LoRA+OFT INT4/output/videos/task_03_trial_002.mp4,2026-07-29T01:25:54.830433+00:00,2026-07-29T01:26:07.307788+00:00
task_03_trial_003,df_06_02_lora_oft_nf4_libero10_seed42_best_step100000,DF-04-03 LoRA+OFT 4-bit NF4 Language Model,bitsandbytes,bnb_4bit_nf4,True,3,KITCHEN_SCENE4_put_the_black_bowl_in_the_bottom_drawer_of_the_cabinet_and_close_it,put the black bowl in the bottom drawer of the cabinet and close it,3,3,3045,True,False,success,202,202,9.088807,26,208,202,25,154.19557590324146,155.85062373429537,19.846955314278603,12.624320546441739,15.298438724130389,283.55340301417385,304.40795700997114,36.4969726651907,27.399532809847504,6.278037071228027,6.953125,0,0,0,0,0,0,0,0,,,,,/root/autodl-tmp/openvla_efficiency_project/scripts/Simulation/DF-06-02 LoRA+OFT INT4/output/videos/task_03_trial_003.mp4,2026-07-29T01:26:07.310507+00:00,2026-07-29T01:26:16.400143+00:00
task_03_trial_004,df_06_02_lora_oft_nf4_libero10_seed42_best_step100000,DF-04-03 LoRA+OFT 4-bit NF4 Language Model,bitsandbytes,bnb_4bit_nf4,True,3,KITCHEN_SCENE4_put_the_black_bowl_in_the_bottom_drawer_of_the_cabinet_and_close_it,put the black bowl in the bottom drawer of the cabinet and close it,4,4,3046,True,False,success,230,230,10.120357,29,232,230,28,154.53580779762103,156.32872208952904,19.48494967883048,12.518902479306512,15.444065071642399,286.41867515598904,310.10390259325504,36.11365904140732,27.690353914385046,6.278037071228027,6.953125,0,0,0,0,0,0,0,0,,,,,/root/autodl-tmp/openvla_efficiency_project/scripts/Simulation/DF-06-02 LoRA+OFT INT4/output/videos/task_03_trial_004.mp4,2026-07-29T01:26:16.402190+00:00,2026-07-29T01:26:26.523424+00:00
task_03_trial_005,df_06_02_lora_oft_nf4_libero10_seed42_best_step100000,DF-04-03 LoRA+OFT 4-bit NF4 Language Model,bitsandbytes,bnb_4bit_nf4,True,3,KITCHEN_SCENE4_put_the_black_bowl_in_the_bottom_drawer_of_the_cabinet_and_close_it,put the black bowl in the bottom drawer of the cabinet and close it,5,5,3047,True,False,success,206,206,9.331581,26,208,206,25,154.54696756429396,156.0666859149933,19.505927945007976,13.06960746211913,15.729561913758516,290.2580712420436,305.64300110563636,36.63451384608317,27.296663583456187,6.278037071228027,6.953125,0,0,0,0,0,0,0,0,,,,,/root/autodl-tmp/openvla_efficiency_project/scripts/Simulation/DF-06-02 LoRA+OFT INT4/output/videos/task_03_trial_005.mp4,2026-07-29T01:26:26.525402+00:00,2026-07-29T01:26:35.857832+00:00
task_03_trial_006,df_06_02_lora_oft_nf4_libero10_seed42_best_step100000,DF-04-03 LoRA+OFT 4-bit NF4 Language Model,bitsandbytes,bnb_4bit_nf4,True,3,KITCHEN_SCENE4_put_the_black_bowl_in_the_bottom_drawer_of_the_cabinet_and_close_it,put the black bowl in the bottom drawer of the cabinet and close it,6,6,3048,True,False,success,219,219,9.786063,28,224,219,27,154.91918427869678,156.45500281825662,19.807018994536573,12.688559926535985,15.515794046223164,285.7969552943749,306.2472701072693,36.540249991974875,27.36708151202097,6.278037071228027,6.953125,0,0,0,0,0,0,0,0,,,,,/root/autodl-tmp/openvla_efficiency_project/scripts/Simulation/DF-06-02 LoRA+OFT INT4/output/videos/task_03_trial_006.mp4,2026-07-29T01:26:35.860615+00:00,2026-07-29T01:26:45.647517+00:00
task_03_trial_007,df_06_02_lora_oft_nf4_libero10_seed42_best_step100000,DF-04-03 LoRA+OFT 4-bit NF4 Language Model,bitsandbytes,bnb_4bit_nf4,True,3,KITCHEN_SCENE4_put_the_black_bowl_in_the_bottom_drawer_of_the_cabinet_and_close_it,put the black bowl in the bottom drawer of the cabinet and close it,7,7,3049,True,False,success,210,210,9.465696,27,216,210,26,155.39145766309014,156.9333467632532,19.97890169954016,12.623618073051883,14.735224377363917,285.31058332710353,299.648211337626,36.68278928491331,27.260740513297723,6.278037071228027,6.953125,0,0,0,0,0,0,0,0,,,,,/root/autodl-tmp/openvla_efficiency_project/scripts/Simulation/DF-06-02 LoRA+OFT INT4/output/videos/task_03_trial_007.mp4,2026-07-29T01:26:45.649888+00:00,2026-07-29T01:26:55.116429+00:00
task_03_trial_008,df_06_02_lora_oft_nf4_libero10_seed42_best_step100000,DF-04-03 LoRA+OFT 4-bit NF4 Language Model,bitsandbytes,bnb_4bit_nf4,True,3,KITCHEN_SCENE4_put_the_black_bowl_in_the_bottom_drawer_of_the_cabinet_and_close_it,put the black bowl in the bottom drawer of the cabinet and close it,8,8,3050,True,False,success,223,223,9.842329,28,224,223,27,154.89026551534022,155.84740992635489,19.44810508712792,12.890135334813007,15.657752566039555,289.1939674903239,306.5732644870877,36.31135017815727,27.53959836507374,6.278037071228027,6.953125,0,0,0,0,0,0,0,0,,,,,/root/autodl-tmp/openvla_efficiency_project/scripts/Simulation/DF-06-02 LoRA+OFT INT4/output/videos/task_03_trial_008.mp4,2026-07-29T01:26:55.118817+00:00,2026-07-29T01:27:04.961926+00:00
task_03_trial_009,df_06_02_lora_oft_nf4_libero10_seed42_best_step100000,DF-04-03 LoRA+OFT 4-bit NF4 Language Model,bitsandbytes,bnb_4bit_nf4,True,3,KITCHEN_SCENE4_put_the_black_bowl_in_the_bottom_drawer_of_the_cabinet_and_close_it,put the black bowl in the bottom drawer of the cabinet and close it,9,9,3051,True,False,success,211,211,9.615882,27,216,211,26,154.91126284555153,156.7411569878459,19.822768231421286,13.418896988881707,16.98586903512478,291.6447845874009,315.1229565963149,37.31947480502287,26.795661118612767,6.278037071228027,6.953125,0,0,0,0,0,0,0,0,,,,,/root/autodl-tmp/openvla_efficiency_project/scripts/Simulation/DF-06-02 LoRA+OFT INT4/output/videos/task_03_trial_009.mp4,2026-07-29T01:27:04.964147+00:00,2026-07-29T01:27:14.580879+00:00
task_03_trial_010,df_06_02_lora_oft_nf4_libero10_seed42_best_step100000,DF-04-03 LoRA+OFT 4-bit NF4 Language Model,bitsandbytes,bnb_4bit_nf4,True,3,KITCHEN_SCENE4_put_the_black_bowl_in_the_bottom_drawer_of_the_cabinet_and_close_it,put the black bowl in the bottom drawer of the cabinet and close it,10,10,3052,True,False,success,228,228,10.139176,29,232,228,28,154.83350281057687,157.94209726154804,19.69373500660846,12.988247573702482,15.637108497321602,288.0897970292075,305.3942885249853,36.64300049932902,27.29034157610295,6.278037071228027,6.953125,0,0,0,0,0,0,0,0,,,,,/root/autodl-tmp/openvla_efficiency_project/scripts/Simulation/DF-06-02 LoRA+OFT INT4/output/videos/task_03_trial_010.mp4,2026-07-29T01:27:14.583065+00:00,2026-07-29T01:27:24.723011+00:00
task_03_trial_011,df_06_02_lora_oft_nf4_libero10_seed42_best_step100000,DF-04-03 LoRA+OFT 4-bit NF4 Language Model,bitsandbytes,bnb_4bit_nf4,True,3,KITCHEN_SCENE4_put_the_black_bowl_in_the_bottom_drawer_of_the_cabinet_and_close_it,put the black bowl in the bottom drawer of the cabinet and close it,11,11,3053,True,False,success,227,227,9.994066,29,232,227,28,154.78308511705234,155.86419254541397,19.774050521561755,12.857822799800775,15.720541402697561,286.46010725662626,309.1150049120188,36.59622515613287,27.325222635220833,6.278037071228027,6.953125,0,0,0,0,0,0,0,0,,,,,/root/autodl-tmp/openvla_efficiency_project/scripts/Simulation/DF-06-02 LoRA+OFT INT4/output/videos/task_03_trial_011.mp4,2026-07-29T01:27:24.725131+00:00,2026-07-29T01:27:34.719917+00:00
task_03_trial_012,df_06_02_lora_oft_nf4_libero10_seed42_best_step100000,DF-04-03 LoRA+OFT 4-bit NF4 Language Model,bitsandbytes,bnb_4bit_nf4,True,3,KITCHEN_SCENE4_put_the_black_bowl_in_the_bottom_drawer_of_the_cabinet_and_close_it,put the black bowl in the bottom drawer of the cabinet and close it,12,12,3054,True,False,success,244,244,10.548762,31,248,244,30,154.09140703418564,157.6608745381236,19.57718695926129,12.980526336087067,16.034610010683537,287.1014678310002,307.053504511714,36.476006158856585,27.41528213491636,6.278037071228027,6.953125,0,0,0,0,0,0,0,0,,,,,/root/autodl-tmp/openvla_efficiency_project/scripts/Simulation/DF-06-02 LoRA+OFT INT4/output/videos/task_03_trial_012.mp4,2026-07-29T01:27:34.722189+00:00,2026-07-29T01:27:45.271829+00:00
task_03_trial_013,df_06_02_lora_oft_nf4_libero10_seed42_best_step100000,DF-04-03 LoRA+OFT 4-bit NF4 Language Model,bitsandbytes,bnb_4bit_nf4,True,3,KITCHEN_SCENE4_put_the_black_bowl_in_the_bottom_drawer_of_the_cabinet_and_close_it,put the black bowl in the bottom drawer of the cabinet and close it,13,13,3055,True,False,success,298,298,12.891805,38,304,298,37,154.39890673089968,155.9819545596838,19.688451193873114,13.677221060349238,18.556997086852785,292.96966828405857,332.63711016625166,37.35854830467861,26.767635397512613,6.278037071228027,6.953125,0,0,0,0,0,0,0,0,,,,,/root/autodl-tmp/openvla_efficiency_project/scripts/Simulation/DF-06-02 LoRA+OFT INT4/output/videos/task_03_trial_013.mp4,2026-07-29T01:27:45.273975+00:00,2026-07-29T01:27:58.166590+00:00
task_03_trial_014,df_06_02_lora_oft_nf4_libero10_seed42_best_step100000,DF-04-03 LoRA+OFT 4-bit NF4 Language Model,bitsandbytes,bnb_4bit_nf4,True,3,KITCHEN_SCENE4_put_the_black_bowl_in_the_bottom_drawer_of_the_cabinet_and_close_it,put the black bowl in the bottom drawer of the cabinet and close it,14,14,3056,True,False,success,227,227,10.080382,29,232,227,28,153.97603347383696,155.55627420544624,19.6709470076708,12.683986690272844,15.741273015737528,284.5265243587823,308.0265261232853,36.34920355244355,27.510919147299326,6.278037071228027,6.953125,0,0,0,0,0,0,0,0,,,,,/root/autodl-tmp/openvla_efficiency_project/scripts/Simulation/DF-06-02 LoRA+OFT INT4/output/videos/task_03_trial_014.mp4,2026-07-29T01:27:58.169061+00:00,2026-07-29T01:28:08.250261+00:00
task_03_trial_015,df_06_02_lora_oft_nf4_libero10_seed42_best_step100000,DF-04-03 LoRA+OFT 4-bit NF4 Language Model,bitsandbytes,bnb_4bit_nf4,True,3,KITCHEN_SCENE4_put_the_black_bowl_in_the_bottom_drawer_of_the_cabinet_and_close_it,put the black bowl in the bottom drawer of the cabinet and close it,15,15,3057,True,False,success,212,212,9.514047,27,216,212,26,154.98106974970412,159.05064940452576,19.738155109632128,13.115577944466528,15.719000156968828,289.9077158007357,307.34830386936665,36.92220908782954,27.083969911475968,6.278037071228027,6.953125,0,0,0,0,0,0,0,0,,,,,/root/autodl-tmp/openvla_efficiency_project/scripts/Simulation/DF-06-02 LoRA+OFT INT4/output/videos/task_03_trial_015.mp4,2026-07-29T01:28:08.252395+00:00,2026-07-29T01:28:17.767299+00:00
task_03_trial_016,df_06_02_lora_oft_nf4_libero10_seed42_best_step100000,DF-04-03 LoRA+OFT 4-bit NF4 Language Model,bitsandbytes,bnb_4bit_nf4,True,3,KITCHEN_SCENE4_put_the_black_bowl_in_the_bottom_drawer_of_the_cabinet_and_close_it,put the black bowl in the bottom drawer of the cabinet and close it,16,16,3058,True,False,success,215,215,9.679741,27,216,215,26,156.2059329201778,163.75731881707907,19.61655901788279,13.294401903485143,18.200084567070007,294.31500837758733,325.79644937068224,36.960489424162134,27.05591878191611,6.278037071228027,6.953125,0,0,0,0,0,0,0,0,,,,,/root/autodl-tmp/openvla_efficiency_project/scripts/Simulation/DF-06-02 LoRA+OFT INT4/output/videos/task_03_trial_016.mp4,2026-07-29T01:28:17.769344+00:00,2026-07-29T01:28:27.449903+00:00
task_03_trial_017,df_06_02_lora_oft_nf4_libero10_seed42_best_step100000,DF-04-03 LoRA+OFT 4-bit NF4 Language Model,bitsandbytes,bnb_4bit_nf4,True,3,KITCHEN_SCENE4_put_the_black_bowl_in_the_bottom_drawer_of_the_cabinet_and_close_it,put the black bowl in the bottom drawer of the cabinet and close it,17,17,3059,True,False,success,206,206,9.241433,26,208,206,25,154.68732833575743,155.67646455019712,19.52364338218298,12.78116896712375,15.862333122640848,288.27149084267705,309.67058101668954,36.38378039761944,27.48477450862773,6.278037071228027,6.953125,0,0,0,0,0,0,0,0,,,,,/root/autodl-tmp/openvla_efficiency_project/scripts/Simulation/DF-06-02 LoRA+OFT INT4/output/videos/task_03_trial_017.mp4,2026-07-29T01:28:27.612074+00:00,2026-07-29T01:28:36.854451+00:00
task_03_trial_018,df_06_02_lora_oft_nf4_libero10_seed42_best_step100000,DF-04-03 LoRA+OFT 4-bit NF4 Language Model,bitsandbytes,bnb_4bit_nf4,True,3,KITCHEN_SCENE4_put_the_black_bowl_in_the_bottom_drawer_of_the_cabinet_and_close_it,put the black bowl in the bottom drawer of the cabinet and close it,18,18,3060,True,False,success,230,230,10.264219,29,232,230,28,155.41779750893855,157.54347443580627,19.59615707721399,13.03972882097182,16.398493107408285,291.3205106582107,312.1766425669193,36.731716561252654,27.224428739463658,6.278037071228027,6.953125,0,0,0,0,0,0,0,0,,,,,/root/autodl-tmp/openvla_efficiency_project/scripts/Simulation/DF-06-02 LoRA+OFT INT4/output/videos/task_03_trial_018.mp4,2026-07-29T01:28:36.856632+00:00,2026-07-29T01:28:47.121762+00:00
task_03_trial_019,df_06_02_lora_oft_nf4_libero10_seed42_best_step100000,DF-04-03 LoRA+OFT 4-bit NF4 Language Model,bitsandbytes,bnb_4bit_nf4,True,3,KITCHEN_SCENE4_put_the_black_bowl_in_the_bottom_drawer_of_the_cabinet_and_close_it,put the black bowl in the bottom drawer of the cabinet and close it,19,19,3061,True,False,success,210,210,9.619494,27,216,210,26,154.69878698112788,156.10063187777996,19.889844040430727,13.231176492713747,16.70870678499341,289.5294672775048,317.56694354116917,37.22521722139347,26.863510132193298,6.278037071228027,6.953125,0,0,0,0,0,0,0,0,,,,,/root/autodl-tmp/openvla_efficiency_project/scripts/Simulation/DF-06-02 LoRA+OFT INT4/output/videos/task_03_trial_019.mp4,2026-07-29T01:28:47.124014+00:00,2026-07-29T01:28:56.744287+00:00
task_03_trial_020,df_06_02_lora_oft_nf4_libero10_seed42_best_step100000,DF-04-03 LoRA+OFT 4-bit NF4 Language Model,bitsandbytes,bnb_4bit_nf4,True,3,KITCHEN_SCENE4_put_the_black_bowl_in_the_bottom_drawer_of_the_cabinet_and_close_it,put the black bowl in the bottom drawer of the cabinet and close it,20,20,3062,True,False,success,212,212,9.649089,27,216,212,26,155.2352634155088,156.66983053088188,19.77052883122046,13.367429894026158,16.61305800080299,292.0980217556159,313.2207803428173,37.20116314812089,26.88087993427464,6.278037071228027,6.953125,0,0,0,0,0,0,0,0,,,,,/root/autodl-tmp/openvla_efficiency_project/scripts/Simulation/DF-06-02 LoRA+OFT INT4/output/videos/task_03_trial_020.mp4,2026-07-29T01:28:56.746362+00:00,2026-07-29T01:29:06.396199+00:00
task_03_trial_021,df_06_02_lora_oft_nf4_libero10_seed42_best_step100000,DF-04-03 LoRA+OFT 4-bit NF4 Language Model,bitsandbytes,bnb_4bit_nf4,True,3,KITCHEN_SCENE4_put_the_black_bowl_in_the_bottom_drawer_of_the_cabinet_and_close_it,put the black bowl in the bottom drawer of the cabinet and close it,21,21,3063,True,False,success,222,222,9.975364,28,224,222,27,155.20738431119494,156.6870509646833,19.575706129339903,13.442360334568196,17.63495625928044,293.7241842571114,320.9330032579601,37.04629350990594,26.993253717341695,6.278037071228027,6.953125,0,0,0,0,0,0,0,0,,,,,/root/autodl-tmp/openvla_efficiency_project/scripts/Simulation/DF-06-02 LoRA+OFT INT4/output/videos/task_03_trial_021.mp4,2026-07-29T01:29:06.398418+00:00,2026-07-29T01:29:16.374601+00:00
task_03_trial_022,df_06_02_lora_oft_nf4_libero10_seed42_best_step100000,DF-04-03 LoRA+OFT 4-bit NF4 Language Model,bitsandbytes,bnb_4bit_nf4,True,3,KITCHEN_SCENE4_put_the_black_bowl_in_the_bottom_drawer_of_the_cabinet_and_close_it,put the black bowl in the bottom drawer of the cabinet and close it,22,22,3064,True,False,success,218,218,9.786364,28,224,218,27,157.3795025636043,163.05688163265586,20.21388106321523,12.84957729245818,16.2835800088942,289.3355567274349,315.5258416198194,37.162365084257694,26.908943974171567,6.278037071228027,6.953125,0,0,0,0,0,0,0,0,,,,,/root/autodl-tmp/openvla_efficiency_project/scripts/Simulation/DF-06-02 LoRA+OFT INT4/output/videos/task_03_trial_022.mp4,2026-07-29T01:29:16.376547+00:00,2026-07-29T01:29:26.165071+00:00
task_03_trial_023,df_06_02_lora_oft_nf4_libero10_seed42_best_step100000,DF-04-03 LoRA+OFT 4-bit NF4 Language Model,bitsandbytes,bnb_4bit_nf4,True,3,KITCHEN_SCENE4_put_the_black_bowl_in_the_bottom_drawer_of_the_cabinet_and_close_it,put the black bowl in the bottom drawer of the cabinet and close it,23,23,3065,True,False,success,212,212,9.577769,27,216,212,26,154.5240165044864,155.45022692531347,19.67994549821289,13.176871639377666,16.439982410520315,289.67708218152876,317.1640455722809,36.892835938213565,27.10553348825648,6.278037071228027,6.953125,0,0,0,0,0,0,0,0,,,,,/root/autodl-tmp/openvla_efficiency_project/scripts/Simulation/DF-06-02 LoRA+OFT INT4/output/videos/task_03_trial_023.mp4,2026-07-29T01:29:26.168341+00:00,2026-07-29T01:29:35.746914+00:00
task_03_trial_024,df_06_02_lora_oft_nf4_libero10_seed42_best_step100000,DF-04-03 LoRA+OFT 4-bit NF4 Language Model,bitsandbytes,bnb_4bit_nf4,True,3,KITCHEN_SCENE4_put_the_black_bowl_in_the_bottom_drawer_of_the_cabinet_and_close_it,put the black bowl in the bottom drawer of the cabinet and close it,24,24,3066,True,False,success,235,235,10.552537,30,240,235,29,155.10327139248452,156.49750223383307,19.80041762457249,13.407430417360143,19.97759975492954,291.88663102686405,338.69136711582536,37.262123109812435,26.8369034435578,6.278037071228027,6.953125,0,0,0,0,0,0,0,0,,,,,/root/autodl-tmp/openvla_efficiency_project/scripts/Simulation/DF-06-02 LoRA+OFT INT4/output/videos/task_03_trial_024.mp4,2026-07-29T01:29:35.749048+00:00,2026-07-29T01:29:46.302361+00:00
task_03_trial_025,df_06_02_lora_oft_nf4_libero10_seed42_best_step100000,DF-04-03 LoRA+OFT 4-bit NF4 Language Model,bitsandbytes,bnb_4bit_nf4,True,3,KITCHEN_SCENE4_put_the_black_bowl_in_the_bottom_drawer_of_the_cabinet_and_close_it,put the black bowl in the bottom drawer of the cabinet and close it,25,25,3067,True,False,success,210,210,9.514248,27,216,210,26,154.56961474760814,157.33578205108643,19.873236181835335,13.043658169252533,16.609008610248566,287.72244036749555,312.10293993353844,36.99288519010658,27.032225111964,6.278037071228027,6.953125,0,0,0,0,0,0,0,0,,,,,/root/autodl-tmp/openvla_efficiency_project/scripts/Simulation/DF-06-02 LoRA+OFT INT4/output/videos/task_03_trial_025.mp4,2026-07-29T01:29:46.304311+00:00,2026-07-29T01:29:55.819300+00:00
task_03_trial_026,df_06_02_lora_oft_nf4_libero10_seed42_best_step100000,DF-04-03 LoRA+OFT 4-bit NF4 Language Model,bitsandbytes,bnb_4bit_nf4,True,3,KITCHEN_SCENE4_put_the_black_bowl_in_the_bottom_drawer_of_the_cabinet_and_close_it,put the black bowl in the bottom drawer of the cabinet and close it,26,26,3068,False,True,timeout,520,,20.918314,65,520,520,64,154.76513364567205,157.20443427562714,19.345641705709006,13.778397326286022,16.9742465019226,296.2145290982265,322.50861302018166,37.02681613727831,27.007453092711575,6.278037071228027,6.953125,0,0,0,0,0,0,0,0,timeout,"collapse_diagnostics={""zero_equivalent_arm_action_count"":0,""zero_equivalent_full_noop_count"":0,""repeated_action_count"":0,""repeated_chunk_count"":0,""max_consecutive_zero_equivalent_actions"":0,""max_consecutive_repeated_chunks"":0}",,,/root/autodl-tmp/openvla_efficiency_project/scripts/Simulation/DF-06-02 LoRA+OFT INT4/output/videos/task_03_trial_026.mp4,2026-07-29T01:29:55.821152+00:00,2026-07-29T01:30:16.740415+00:00
task_03_trial_027,df_06_02_lora_oft_nf4_libero10_seed42_best_step100000,DF-04-03 LoRA+OFT 4-bit NF4 Language Model,bitsandbytes,bnb_4bit_nf4,True,3,KITCHEN_SCENE4_put_the_black_bowl_in_the_bottom_drawer_of_the_cabinet_and_close_it,put the black bowl in the bottom drawer of the cabinet and close it,27,27,3069,True,False,success,227,227,10.139918,29,232,227,28,154.3688364326954,155.64196184277534,19.721128883472097,13.090093451909032,16.248026862740513,288.7659475592704,314.1128074377775,36.89080387321075,27.107026548862407,6.278037071228027,6.953125,0,0,0,0,0,0,0,0,,,,,/root/autodl-tmp/openvla_efficiency_project/scripts/Simulation/DF-06-02 LoRA+OFT INT4/output/videos/task_03_trial_027.mp4,2026-07-29T01:30:16.742859+00:00,2026-07-29T01:30:26.883681+00:00
task_03_trial_028,df_06_02_lora_oft_nf4_libero10_seed42_best_step100000,DF-04-03 LoRA+OFT 4-bit NF4 Language Model,bitsandbytes,bnb_4bit_nf4,True,3,KITCHEN_SCENE4_put_the_black_bowl_in_the_bottom_drawer_of_the_cabinet_and_close_it,put the black bowl in the bottom drawer of the cabinet and close it,28,28,3070,True,False,success,229,229,10.04296,29,232,229,28,154.27650286462801,155.5995263159275,19.537199052725818,12.402306591449346,14.814382418990133,283.49958443693043,296.92374393343925,35.901694098999926,27.853838797759014,6.278037071228027,6.953125,0,0,0,0,0,0,0,0,,,,,/root/autodl-tmp/openvla_efficiency_project/scripts/Simulation/DF-06-02 LoRA+OFT INT4/output/videos/task_03_trial_028.mp4,2026-07-29T01:30:26.886225+00:00,2026-07-29T01:30:36.930055+00:00
task_03_trial_029,df_06_02_lora_oft_nf4_libero10_seed42_best_step100000,DF-04-03 LoRA+OFT 4-bit NF4 Language Model,bitsandbytes,bnb_4bit_nf4,True,3,KITCHEN_SCENE4_put_the_black_bowl_in_the_bottom_drawer_of_the_cabinet_and_close_it,put the black bowl in the bottom drawer of the cabinet and close it,29,29,3071,True,False,success,395,395,16.629991,50,400,395,49,154.7326973825693,156.40729684382677,19.586417390198648,14.071295872519288,18.000998906791203,297.6892042160034,327.73265670984983,37.68217774886119,26.537744359273965,6.278037071228027,6.953125,0,0,0,0,0,0,0,0,,,,,/root/autodl-tmp/openvla_efficiency_project/scripts/Simulation/DF-06-02 LoRA+OFT INT4/output/videos/task_03_trial_029.mp4,2026-07-29T01:30:36.934321+00:00,2026-07-29T01:30:53.565153+00:00
task_03_trial_030,df_06_02_lora_oft_nf4_libero10_seed42_best_step100000,DF-04-03 LoRA+OFT 4-bit NF4 Language Model,bitsandbytes,bnb_4bit_nf4,True,3,KITCHEN_SCENE4_put_the_black_bowl_in_the_bottom_drawer_of_the_cabinet_and_close_it,put the black bowl in the bottom drawer of the cabinet and close it,30,30,3072,True,False,success,221,221,10.12231,28,224,221,27,157.49005055321115,166.5731335990131,19.953490567827657,13.022388268380144,17.54320226609707,293.35722367146184,320.255153439939,37.167431053397884,26.90527625014802,6.278037071228027,6.953125,0,0,0,0,0,0,0,0,,,,,/root/autodl-tmp/openvla_efficiency_project/scripts/Simulation/DF-06-02 LoRA+OFT INT4/output/videos/task_03_trial_030.mp4,2026-07-29T01:30:53.567676+00:00,2026-07-29T01:31:03.690785+00:00
task_03_trial_031,df_06_02_lora_oft_nf4_libero10_seed42_best_step100000,DF-04-03 LoRA+OFT 4-bit NF4 Language Model,bitsandbytes,bnb_4bit_nf4,True,3,KITCHEN_SCENE4_put_the_black_bowl_in_the_bottom_drawer_of_the_cabinet_and_close_it,put the black bowl in the bottom drawer of the cabinet and close it,31,31,3073,True,False,success,217,217,9.793286,28,224,217,27,155.62558812754494,157.69642470404506,20.08072104871548,12.76814769352636,16.0201545804739,286.96218771593914,306.2350261025131,37.02737906012118,27.007042501612247,6.278037071228027,6.953125,0,0,0,0,0,0,0,0,,,,,/root/autodl-tmp/openvla_efficiency_project/scripts/Simulation/DF-06-02 LoRA+OFT INT4/output/videos/task_03_trial_031.mp4,2026-07-29T01:31:03.693159+00:00,2026-07-29T01:31:13.487333+00:00
task_03_trial_032,df_06_02_lora_oft_nf4_libero10_seed42_best_step100000,DF-04-03 LoRA+OFT 4-bit NF4 Language Model,bitsandbytes,bnb_4bit_nf4,True,3,KITCHEN_SCENE4_put_the_black_bowl_in_the_bottom_drawer_of_the_cabinet_and_close_it,put the black bowl in the bottom drawer of the cabinet and close it,32,32,3074,True,False,success,230,230,10.271173,29,232,230,28,155.78518249094486,157.4157204478979,19.64247953146696,13.246305902367054,17.230384331196547,293.2664849634828,316.73302203416824,36.97707853887392,27.0437806207081,6.278037071228027,6.953125,0,0,0,0,0,0,0,0,,,,,/root/autodl-tmp/openvla_efficiency_project/scripts/Simulation/DF-06-02 LoRA+OFT INT4/output/videos/task_03_trial_032.mp4,2026-07-29T01:31:13.489693+00:00,2026-07-29T01:31:23.761783+00:00
task_03_trial_033,df_06_02_lora_oft_nf4_libero10_seed42_best_step100000,DF-04-03 LoRA+OFT 4-bit NF4 Language Model,bitsandbytes,bnb_4bit_nf4,True,3,KITCHEN_SCENE4_put_the_black_bowl_in_the_bottom_drawer_of_the_cabinet_and_close_it,put the black bowl in the bottom drawer of the cabinet and close it,33,33,3075,True,False,success,213,213,9.585136,27,216,213,26,156.6455567738524,159.48689449578524,19.856479027671433,12.151198872658009,13.523031026124952,285.4346497743218,300.5256460979581,36.18185701364643,27.638161292352624,6.278037071228027,6.953125,0,0,0,0,0,0,0,0,,,,,/root/autodl-tmp/openvla_efficiency_project/scripts/Simulation/DF-06-02 LoRA+OFT INT4/output/videos/task_03_trial_033.mp4,2026-07-29T01:31:23.763856+00:00,2026-07-29T01:31:33.349752+00:00
task_03_trial_034,df_06_02_lora_oft_nf4_libero10_seed42_best_step100000,DF-04-03 LoRA+OFT 4-bit NF4 Language Model,bitsandbytes,bnb_4bit_nf4,True,3,KITCHEN_SCENE4_put_the_black_bowl_in_the_bottom_drawer_of_the_cabinet_and_close_it,put the black bowl in the bottom drawer of the cabinet and close it,34,34,3076,True,False,success,212,212,9.4634,27,216,212,26,155.77072801965255,157.89519976824522,19.83872479495575,12.687972711645207,15.466801077127457,287.7244927265026,310.3957721963525,36.64415709252627,27.28948021576826,6.278037071228027,6.953125,0,0,0,0,0,0,0,0,,,,,/root/autodl-tmp/openvla_efficiency_project/scripts/Simulation/DF-06-02 LoRA+OFT INT4/output/videos/task_03_trial_034.mp4,2026-07-29T01:31:33.352181+00:00,2026-07-29T01:31:42.816440+00:00
task_03_trial_035,df_06_02_lora_oft_nf4_libero10_seed42_best_step100000,DF-04-03 LoRA+OFT 4-bit NF4 Language Model,bitsandbytes,bnb_4bit_nf4,True,3,KITCHEN_SCENE4_put_the_black_bowl_in_the_bottom_drawer_of_the_cabinet_and_close_it,put the black bowl in the bottom drawer of the cabinet and close it,35,35,3077,True,False,success,211,211,9.464849,27,216,211,26,155.4306266070516,156.87676910310984,19.88922710137627,12.647387249421735,15.575921162962914,285.9071428301158,308.066626265645,36.58527420101007,27.3334018082169,6.278037071228027,6.953125,0,0,0,0,0,0,0,0,,,,,/root/autodl-tmp/openvla_efficiency_project/scripts/Simulation/DF-06-02 LoRA+OFT INT4/output/videos/task_03_trial_035.mp4,2026-07-29T01:31:42.819086+00:00,2026-07-29T01:31:52.284762+00:00
task_03_trial_036,df_06_02_lora_oft_nf4_libero10_seed42_best_step100000,DF-04-03 LoRA+OFT 4-bit NF4 Language Model,bitsandbytes,bnb_4bit_nf4,True,3,KITCHEN_SCENE4_put_the_black_bowl_in_the_bottom_drawer_of_the_cabinet_and_close_it,put the black bowl in the bottom drawer of the cabinet and close it,36,36,3078,True,False,success,228,228,10.098872,29,232,228,28,155.12180842202287,156.4305141568184,19.730405457187118,12.951174636551162,15.460493136197323,288.5346503221783,306.50679767131805,36.69958271641742,27.24826621945905,6.278037071228027,6.953125,0,0,0,0,0,0,0,0,,,,,/root/autodl-tmp/openvla_efficiency_project/scripts/Simulation/DF-06-02 LoRA+OFT INT4/output/videos/task_03_trial_036.mp4,2026-07-29T01:31:52.286885+00:00,2026-07-29T01:32:02.386514+00:00
task_03_trial_037,df_06_02_lora_oft_nf4_libero10_seed42_best_step100000,DF-04-03 LoRA+OFT 4-bit NF4 Language Model,bitsandbytes,bnb_4bit_nf4,True,3,KITCHEN_SCENE4_put_the_black_bowl_in_the_bottom_drawer_of_the_cabinet_and_close_it,put the black bowl in the bottom drawer of the cabinet and close it,37,37,3079,True,False,success,210,210,9.491328,27,216,210,26,154.2888748700972,155.75175434350967,19.837141054726782,12.813181820369902,16.3774486631155,285.39076868306705,307.77985136955976,36.69309883068005,27.25308114788806,6.278037071228027,6.953125,0,0,0,0,0,0,0,0,,,,,/root/autodl-tmp/openvla_efficiency_project/scripts/Simulation/DF-06-02 LoRA+OFT INT4/output/videos/task_03_trial_037.mp4,2026-07-29T01:32:02.388516+00:00,2026-07-29T01:32:11.880590+00:00
task_03_trial_038,df_06_02_lora_oft_nf4_libero10_seed42_best_step100000,DF-04-03 LoRA+OFT 4-bit NF4 Language Model,bitsandbytes,bnb_4bit_nf4,True,3,KITCHEN_SCENE4_put_the_black_bowl_in_the_bottom_drawer_of_the_cabinet_and_close_it,put the black bowl in the bottom drawer of the cabinet and close it,38,38,3080,True,False,success,212,212,9.396444,27,216,212,26,154.405045978449,155.65507411956787,19.664793591594922,12.825725468332475,15.834607928991318,286.0313861596364,307.25155621767044,36.428525595802746,27.451014929773027,6.278037071228027,6.953125,0,0,0,0,0,0,0,0,,,,,/root/autodl-tmp/openvla_efficiency_project/scripts/Simulation/DF-06-02 LoRA+OFT INT4/output/videos/task_03_trial_038.mp4,2026-07-29T01:32:11.882907+00:00,2026-07-29T01:32:21.280128+00:00
task_03_trial_039,df_06_02_lora_oft_nf4_libero10_seed42_best_step100000,DF-04-03 LoRA+OFT 4-bit NF4 Language Model,bitsandbytes,bnb_4bit_nf4,True,3,KITCHEN_SCENE4_put_the_black_bowl_in_the_bottom_drawer_of_the_cabinet_and_close_it,put the black bowl in the bottom drawer of the cabinet and close it,39,39,3081,True,False,success,215,215,9.441986,27,216,215,26,154.87860619193978,158.81688427180052,19.449871475266857,12.859875830106956,15.534663014113901,289.30404071730595,308.23451820760965,36.3312051133361,27.524548026427286,6.278037071228027,6.953125,0,0,0,0,0,0,0,0,,,,,/root/autodl-tmp/openvla_efficiency_project/scripts/Simulation/DF-06-02 LoRA+OFT INT4/output/videos/task_03_trial_039.mp4,2026-07-29T01:32:21.282184+00:00,2026-07-29T01:32:30.725086+00:00
task_03_trial_040,df_06_02_lora_oft_nf4_libero10_seed42_best_step100000,DF-04-03 LoRA+OFT 4-bit NF4 Language Model,bitsandbytes,bnb_4bit_nf4,True,3,KITCHEN_SCENE4_put_the_black_bowl_in_the_bottom_drawer_of_the_cabinet_and_close_it,put the black bowl in the bottom drawer of the cabinet and close it,40,40,3082,True,False,success,211,211,9.475281,27,216,211,26,155.13942645931687,156.18243720382452,19.85196452323012,12.802209140141429,15.317002311348915,286.7998626359083,302.9674833640456,36.69950848895509,27.248321331086906,6.278037071228027,6.953125,0,0,0,0,0,0,0,0,,,,,/root/autodl-tmp/openvla_efficiency_project/scripts/Simulation/DF-06-02 LoRA+OFT INT4/output/videos/task_03_trial_040.mp4,2026-07-29T01:32:30.727582+00:00,2026-07-29T01:32:40.203612+00:00
task_03_trial_041,df_06_02_lora_oft_nf4_libero10_seed42_best_step100000,DF-04-03 LoRA+OFT 4-bit NF4 Language Model,bitsandbytes,bnb_4bit_nf4,True,3,KITCHEN_SCENE4_put_the_black_bowl_in_the_bottom_drawer_of_the_cabinet_and_close_it,put the black bowl in the bottom drawer of the cabinet and close it,41,41,3083,True,False,success,204,204,9.310902,26,208,204,25,154.6888304157899,157.71000599488616,19.715243092208517,12.846456941071095,15.458531584590673,286.71310376375914,301.8789733760059,36.5418661659693,27.36587112048699,6.278037071228027,6.953125,0,0,0,0,0,0,0,0,,,,,/root/autodl-tmp/openvla_efficiency_project/scripts/Simulation/DF-06-02 LoRA+OFT INT4/output/videos/task_03_trial_041.mp4,2026-07-29T01:32:40.205698+00:00,2026-07-29T01:32:49.517325+00:00
task_03_trial_042,df_06_02_lora_oft_nf4_libero10_seed42_best_step100000,DF-04-03 LoRA+OFT 4-bit NF4 Language Model,bitsandbytes,bnb_4bit_nf4,True,3,KITCHEN_SCENE4_put_the_black_bowl_in_the_bottom_drawer_of_the_cabinet_and_close_it,put the black bowl in the bottom drawer of the cabinet and close it,42,42,3084,True,False,success,238,238,10.328104,30,240,238,29,155.1251326998075,159.54893520101902,19.553588155437918,12.726628816365695,15.896682906895874,287.7314120531082,310.76394869014615,36.268665384845576,27.572009871028726,6.278037071228027,6.953125,0,0,0,0,0,0,0,0,,,,,/root/autodl-tmp/openvla_efficiency_project/scripts/Simulation/DF-06-02 LoRA+OFT INT4/output/videos/task_03_trial_042.mp4,2026-07-29T01:32:49.519496+00:00,2026-07-29T01:32:59.848368+00:00
task_03_trial_043,df_06_02_lora_oft_nf4_libero10_seed42_best_step100000,DF-04-03 LoRA+OFT 4-bit NF4 Language Model,bitsandbytes,bnb_4bit_nf4,True,3,KITCHEN_SCENE4_put_the_black_bowl_in_the_bottom_drawer_of_the_cabinet_and_close_it,put the black bowl in the bottom drawer of the cabinet and close it,43,43,3085,True,False,success,273,273,11.963779,35,280,273,34,155.81411682069302,159.6991378813982,19.97616882316577,13.557855844934345,18.207255378365517,293.67300202803955,327.3708738386631,37.65038487538968,26.560153456854934,6.278037071228027,6.953125,0,0,0,0,0,0,0,0,,,,,/root/autodl-tmp/openvla_efficiency_project/scripts/Simulation/DF-06-02 LoRA+OFT INT4/output/videos/task_03_trial_043.mp4,2026-07-29T01:32:59.850713+00:00,2026-07-29T01:33:11.815389+00:00
task_03_trial_044,df_06_02_lora_oft_nf4_libero10_seed42_best_step100000,DF-04-03 LoRA+OFT 4-bit NF4 Language Model,bitsandbytes,bnb_4bit_nf4,True,3,KITCHEN_SCENE4_put_the_black_bowl_in_the_bottom_drawer_of_the_cabinet_and_close_it,put the black bowl in the bottom drawer of the cabinet and close it,44,44,3086,True,False,success,223,223,9.956851,28,224,223,27,154.54751599047864,157.3425487615168,19.405069272347095,12.599645700355817,15.052523277699946,286.36200639552305,298.8641867414117,35.95576761916881,27.811949687506544,6.278037071228027,6.953125,0,0,0,0,0,0,0,0,,,,,/root/autodl-tmp/openvla_efficiency_project/scripts/Simulation/DF-06-02 LoRA+OFT INT4/output/videos/task_03_trial_044.mp4,2026-07-29T01:33:11.817752+00:00,2026-07-29T01:33:21.775472+00:00
task_03_trial_045,df_06_02_lora_oft_nf4_libero10_seed42_best_step100000,DF-04-03 LoRA+OFT 4-bit NF4 Language Model,bitsandbytes,bnb_4bit_nf4,True,3,KITCHEN_SCENE4_put_the_black_bowl_in_the_bottom_drawer_of_the_cabinet_and_close_it,put the black bowl in the bottom drawer of the cabinet and close it,45,45,3087,True,False,success,205,205,9.152616,26,208,205,25,154.84987184978448,156.31663845852017,19.639495941923887,12.599388282836937,15.670945495367048,285.7539403037383,302.8044896200299,36.24196316047413,27.592324278134324,6.278037071228027,6.953125,0,0,0,0,0,0,0,0,,,,,/root/autodl-tmp/openvla_efficiency_project/scripts/Simulation/DF-06-02 LoRA+OFT INT4/output/videos/task_03_trial_045.mp4,2026-07-29T01:33:21.778062+00:00,2026-07-29T01:33:30.931568+00:00
task_03_trial_046,df_06_02_lora_oft_nf4_libero10_seed42_best_step100000,DF-04-03 LoRA+OFT 4-bit NF4 Language Model,bitsandbytes,bnb_4bit_nf4,True,3,KITCHEN_SCENE4_put_the_black_bowl_in_the_bottom_drawer_of_the_cabinet_and_close_it,put the black bowl in the bottom drawer of the cabinet and close it,46,46,3088,True,False,success,221,221,9.819676,28,224,221,27,154.53914399924022,156.6225458867848,19.579620054202383,12.999157492931072,18.107296898961067,288.92065983797823,322.68775049597025,36.605332468160135,27.31842419051418,6.278037071228027,6.953125,0,0,0,0,0,0,0,0,,,,,/root/autodl-tmp/openvla_efficiency_project/scripts/Simulation/DF-06-02 LoRA+OFT INT4/output/videos/task_03_trial_046.mp4,2026-07-29T01:33:30.934093+00:00,2026-07-29T01:33:40.754531+00:00
task_03_trial_047,df_06_02_lora_oft_nf4_libero10_seed42_best_step100000,DF-04-03 LoRA+OFT 4-bit NF4 Language Model,bitsandbytes,bnb_4bit_nf4,True,3,KITCHEN_SCENE4_put_the_black_bowl_in_the_bottom_drawer_of_the_cabinet_and_close_it,put the black bowl in the bottom drawer of the cabinet and close it,47,47,3089,True,False,success,216,216,9.608642,27,216,216,26,155.84711827061795,159.8064048215747,19.480889783827244,12.681267741653654,15.27275936678052,289.57384328047436,303.43743804842234,36.196730410059295,27.62680464979494,6.278037071228027,6.953125,0,0,0,0,0,0,0,0,,,,,/root/autodl-tmp/openvla_efficiency_project/scripts/Simulation/DF-06-02 LoRA+OFT INT4/output/videos/task_03_trial_047.mp4,2026-07-29T01:33:40.756960+00:00,2026-07-29T01:33:50.366396+00:00
task_03_trial_048,df_06_02_lora_oft_nf4_libero10_seed42_best_step100000,DF-04-03 LoRA+OFT 4-bit NF4 Language Model,bitsandbytes,bnb_4bit_nf4,True,3,KITCHEN_SCENE4_put_the_black_bowl_in_the_bottom_drawer_of_the_cabinet_and_close_it,put the black bowl in the bottom drawer of the cabinet and close it,48,48,3090,True,False,success,225,225,9.901653,29,232,225,28,154.51994422694733,156.8770356476307,19.91590392258432,12.622831737001738,15.303405001759527,283.4447409700731,301.84514969587326,36.53287772503164,27.372604138294278,6.278037071228027,6.953125,0,0,0,0,0,0,0,0,,,,,/root/autodl-tmp/openvla_efficiency_project/scripts/Simulation/DF-06-02 LoRA+OFT INT4/output/videos/task_03_trial_048.mp4,2026-07-29T01:33:50.368763+00:00,2026-07-29T01:34:00.271160+00:00
task_03_trial_049,df_06_02_lora_oft_nf4_libero10_seed42_best_step100000,DF-04-03 LoRA+OFT 4-bit NF4 Language Model,bitsandbytes,bnb_4bit_nf4,True,3,KITCHEN_SCENE4_put_the_black_bowl_in_the_bottom_drawer_of_the_cabinet_and_close_it,put the black bowl in the bottom drawer of the cabinet and close it,49,49,3091,True,False,success,227,227,9.934686,29,232,227,28,154.22589858544285,155.8571893721819,19.702868101223974,12.725126433149308,15.608194656670094,285.2335433507788,308.2918267697096,36.43952756463693,27.442726808853003,6.278037071228027,6.953125,0,0,0,0,0,0,0,0,,,,,/root/autodl-tmp/openvla_efficiency_project/scripts/Simulation/DF-06-02 LoRA+OFT INT4/output/videos/task_03_trial_049.mp4,2026-07-29T01:34:00.273009+00:00,2026-07-29T01:34:10.208577+00:00
task_04_trial_000,df_06_02_lora_oft_nf4_libero10_seed42_best_step100000,DF-04-03 LoRA+OFT 4-bit NF4 Language Model,bitsandbytes,bnb_4bit_nf4,True,4,LIVING_ROOM_SCENE5_put_the_white_mug_on_the_left_plate_and_put_the_yellow_and_white_mug_on_the_right_plate,put the white mug on the left plate and put the yellow and white mug on the right plate,0,0,4042,True,False,success,242,242,13.278225,31,248,242,30,153.06434419847304,154.06356565654278,19.60741599236638,16.66366005670433,19.195577409118414,314.8661637979169,335.1824749261141,40.334095362543074,24.792920010018783,6.283920764923096,6.953125,0,0,0,0,0,0,0,0,,,,,/root/autodl-tmp/openvla_efficiency_project/scripts/Simulation/DF-06-02 LoRA+OFT INT4/output/videos/task_04_trial_000.mp4,2026-07-29T01:34:13.595844+00:00,2026-07-29T01:34:26.874823+00:00
task_04_trial_001,df_06_02_lora_oft_nf4_libero10_seed42_best_step100000,DF-04-03 LoRA+OFT 4-bit NF4 Language Model,bitsandbytes,bnb_4bit_nf4,True,4,LIVING_ROOM_SCENE5_put_the_white_mug_on_the_left_plate_and_put_the_yellow_and_white_mug_on_the_right_plate,put the white mug on the left plate and put the yellow and white mug on the right plate,1,1,4043,True,False,success,208,208,11.909954,26,208,208,25,155.71571327745914,163.12449192628264,19.464464159682393,16.27619668411521,19.076626840978857,318.8636822339434,346.64601320400834,39.857960279242924,25.089091187658596,6.283920764923096,6.953125,0,0,0,0,0,0,0,0,,,,,/root/autodl-tmp/openvla_efficiency_project/scripts/Simulation/DF-06-02 LoRA+OFT INT4/output/videos/task_04_trial_001.mp4,2026-07-29T01:34:26.877102+00:00,2026-07-29T01:34:38.787864+00:00
task_04_trial_002,df_06_02_lora_oft_nf4_libero10_seed42_best_step100000,DF-04-03 LoRA+OFT 4-bit NF4 Language Model,bitsandbytes,bnb_4bit_nf4,True,4,LIVING_ROOM_SCENE5_put_the_white_mug_on_the_left_plate_and_put_the_yellow_and_white_mug_on_the_right_plate,put the white mug on the left plate and put the yellow and white mug on the right plate,2,2,4044,True,False,success,195,195,11.709546,25,200,195,24,154.12893377244473,156.00669234991074,19.76011971441599,17.712092628845802,20.50656471401453,324.7724388539791,349.4434677064419,41.637492160766556,24.016816289965284,6.283920764923096,6.953125,0,0,0,0,0,0,0,0,,,,,/root/autodl-tmp/openvla_efficiency_project/scripts/Simulation/DF-06-02 LoRA+OFT INT4/output/videos/task_04_trial_002.mp4,2026-07-29T01:34:38.797011+00:00,2026-07-29T01:34:50.507321+00:00
task_04_trial_003,df_06_02_lora_oft_nf4_libero10_seed42_best_step100000,DF-04-03 LoRA+OFT 4-bit NF4 Language Model,bitsandbytes,bnb_4bit_nf4,True,4,LIVING_ROOM_SCENE5_put_the_white_mug_on_the_left_plate_and_put_the_yellow_and_white_mug_on_the_right_plate,put the white mug on the left plate and put the yellow and white mug on the right plate,3,3,4045,False,True,timeout,520,,24.665288,65,520,520,64,155.39225107775286,159.21724513173103,19.424031384719108,17.112932948825453,19.699359964579344,324.96608530099576,339.1957487910986,40.62076066262447,24.617953570724467,6.283920764923096,6.953125,0,0,0,0,0,0,0,0,timeout,"collapse_diagnostics={""zero_equivalent_arm_action_count"":0,""zero_equivalent_full_noop_count"":0,""repeated_action_count"":0,""repeated_chunk_count"":0,""max_consecutive_zero_equivalent_actions"":0,""max_consecutive_repeated_chunks"":0}",,,/root/autodl-tmp/openvla_efficiency_project/scripts/Simulation/DF-06-02 LoRA+OFT INT4/output/videos/task_04_trial_003.mp4,2026-07-29T01:34:50.514617+00:00,2026-07-29T01:35:15.181051+00:00
task_04_trial_004,df_06_02_lora_oft_nf4_libero10_seed42_best_step100000,DF-04-03 LoRA+OFT 4-bit NF4 Language Model,bitsandbytes,bnb_4bit_nf4,True,4,LIVING_ROOM_SCENE5_put_the_white_mug_on_the_left_plate_and_put_the_yellow_and_white_mug_on_the_right_plate,put the white mug on the left plate and put the yellow and white mug on the right plate,4,4,4046,False,True,timeout,520,,25.40261,65,520,520,64,155.81042090287576,161.6025973111391,19.47630261285947,18.04655434635396,21.705961786210537,332.492538742148,346.4629787951708,41.5615673427685,24.060690294780112,6.283920764923096,6.953125,0,0,0,0,0,0,0,0,timeout,"collapse_diagnostics={""zero_equivalent_arm_action_count"":0,""zero_equivalent_full_noop_count"":0,""repeated_action_count"":0,""repeated_chunk_count"":0,""max_consecutive_zero_equivalent_actions"":0,""max_consecutive_repeated_chunks"":0}",,,/root/autodl-tmp/openvla_efficiency_project/scripts/Simulation/DF-06-02 LoRA+OFT INT4/output/videos/task_04_trial_004.mp4,2026-07-29T01:35:15.184306+00:00,2026-07-29T01:35:40.587877+00:00
task_04_trial_005,df_06_02_lora_oft_nf4_libero10_seed42_best_step100000,DF-04-03 LoRA+OFT 4-bit NF4 Language Model,bitsandbytes,bnb_4bit_nf4,True,4,LIVING_ROOM_SCENE5_put_the_white_mug_on_the_left_plate_and_put_the_yellow_and_white_mug_on_the_right_plate,put the white mug on the left plate and put the yellow and white mug on the right plate,5,5,4047,True,False,success,227,227,12.776517,29,232,227,28,156.28063556706084,159.80782844126225,19.965367539404248,16.070197061491957,17.87575725466013,314.78674889638506,330.47425150871277,40.21504721583774,24.86631420903004,6.283920764923096,6.953125,0,0,0,0,0,0,0,0,,,,,/root/autodl-tmp/openvla_efficiency_project/scripts/Simulation/DF-06-02 LoRA+OFT INT4/output/videos/task_04_trial_005.mp4,2026-07-29T01:35:40.590719+00:00,2026-07-29T01:35:53.368090+00:00
task_04_trial_006,df_06_02_lora_oft_nf4_libero10_seed42_best_step100000,DF-04-03 LoRA+OFT 4-bit NF4 Language Model,bitsandbytes,bnb_4bit_nf4,True,4,LIVING_ROOM_SCENE5_put_the_white_mug_on_the_left_plate_and_put_the_yellow_and_white_mug_on_the_right_plate,put the white mug on the left plate and put the yellow and white mug on the right plate,6,6,4048,False,True,timeout,520,,24.081695,65,520,520,64,154.37959065804114,159.56661216914654,19.297448832255142,15.732924962559572,17.86816893145442,312.86903934983104,324.67696480453014,39.10862991872888,25.569803955753155,6.283920764923096,6.953125,0,0,0,0,0,0,0,0,timeout,"collapse_diagnostics={""zero_equivalent_arm_action_count"":0,""zero_equivalent_full_noop_count"":0,""repeated_action_count"":0,""repeated_chunk_count"":0,""max_consecutive_zero_equivalent_actions"":0,""max_consecutive_repeated_chunks"":0}",,,/root/autodl-tmp/openvla_efficiency_project/scripts/Simulation/DF-06-02 LoRA+OFT INT4/output/videos/task_04_trial_006.mp4,2026-07-29T01:35:53.374965+00:00,2026-07-29T01:36:17.457625+00:00
task_04_trial_007,df_06_02_lora_oft_nf4_libero10_seed42_best_step100000,DF-04-03 LoRA+OFT 4-bit NF4 Language Model,bitsandbytes,bnb_4bit_nf4,True,4,LIVING_ROOM_SCENE5_put_the_white_mug_on_the_left_plate_and_put_the_yellow_and_white_mug_on_the_right_plate,put the white mug on the left plate and put the yellow and white mug on the right plate,7,7,4049,False,True,timeout,520,,24.004212,65,520,520,64,154.11779301670882,157.24530816078186,19.264724127088602,15.94751552105523,18.874724581837654,313.6498230867661,332.8142575919628,39.20622788584576,25.50615180097497,6.283920764923096,6.953125,0,0,0,0,0,0,0,0,timeout,"collapse_diagnostics={""zero_equivalent_arm_action_count"":0,""zero_equivalent_full_noop_count"":0,""repeated_action_count"":0,""repeated_chunk_count"":0,""max_consecutive_zero_equivalent_actions"":0,""max_consecutive_repeated_chunks"":0}",,,/root/autodl-tmp/openvla_efficiency_project/scripts/Simulation/DF-06-02 LoRA+OFT INT4/output/videos/task_04_trial_007.mp4,2026-07-29T01:36:17.487627+00:00,2026-07-29T01:36:41.492912+00:00
task_04_trial_008,df_06_02_lora_oft_nf4_libero10_seed42_best_step100000,DF-04-03 LoRA+OFT 4-bit NF4 Language Model,bitsandbytes,bnb_4bit_nf4,True,4,LIVING_ROOM_SCENE5_put_the_white_mug_on_the_left_plate_and_put_the_yellow_and_white_mug_on_the_right_plate,put the white mug on the left plate and put the yellow and white mug on the right plate,8,8,4050,True,False,success,212,212,12.50698,27,216,212,26,154.15293785432974,155.29765617102385,19.632685481447655,17.573114625125562,20.6793581135571,324.33008837203187,343.87588016688824,41.306190500211606,24.209446281299584,6.283920764923096,6.953125,0,0,0,0,0,0,0,0,,,,,/root/autodl-tmp/openvla_efficiency_project/scripts/Simulation/DF-06-02 LoRA+OFT INT4/output/videos/task_04_trial_008.mp4,2026-07-29T01:36:41.495534+00:00,2026-07-29T01:36:54.003264+00:00
task_04_trial_009,df_06_02_lora_oft_nf4_libero10_seed42_best_step100000,DF-04-03 LoRA+OFT 4-bit NF4 Language Model,bitsandbytes,bnb_4bit_nf4,True,4,LIVING_ROOM_SCENE5_put_the_white_mug_on_the_left_plate_and_put_the_yellow_and_white_mug_on_the_right_plate,put the white mug on the left plate and put the yellow and white mug on the right plate,9,9,4051,True,False,success,230,230,12.623351,29,232,230,28,153.78472343857945,155.003647133708,19.390247737907846,16.204774063890394,17.9680191911757,314.7087989310766,329.55099791288376,39.680674647831395,25.2011844273079,6.283920764923096,6.953125,0,0,0,0,0,0,0,0,,,,,/root/autodl-tmp/openvla_efficiency_project/scripts/Simulation/DF-06-02 LoRA+OFT INT4/output/videos/task_04_trial_009.mp4,2026-07-29T01:36:54.026625+00:00,2026-07-29T01:37:06.650719+00:00
task_04_trial_010,df_06_02_lora_oft_nf4_libero10_seed42_best_step100000,DF-04-03 LoRA+OFT 4-bit NF4 Language Model,bitsandbytes,bnb_4bit_nf4,True,4,LIVING_ROOM_SCENE5_put_the_white_mug_on_the_left_plate_and_put_the_yellow_and_white_mug_on_the_right_plate,put the white mug on the left plate and put the yellow and white mug on the right plate,10,10,4052,True,False,success,221,221,12.982324,28,224,221,27,157.64336154929228,164.30984316393733,19.972914585430697,18.649579636853744,24.326371029019356,339.0820700941341,373.5693011432886,42.96062426532016,23.277129164234402,6.283920764923096,6.953125,0,0,0,0,0,0,0,0,,,,,/root/autodl-tmp/openvla_efficiency_project/scripts/Simulation/DF-06-02 LoRA+OFT INT4/output/videos/task_04_trial_010.mp4,2026-07-29T01:37:06.667800+00:00,2026-07-29T01:37:19.651137+00:00
task_04_trial_011,df_06_02_lora_oft_nf4_libero10_seed42_best_step100000,DF-04-03 LoRA+OFT 4-bit NF4 Language Model,bitsandbytes,bnb_4bit_nf4,True,4,LIVING_ROOM_SCENE5_put_the_white_mug_on_the_left_plate_and_put_the_yellow_and_white_mug_on_the_right_plate,put the white mug on the left plate and put the yellow and white mug on the right plate,11,11,4053,True,False,success,217,217,12.479073,28,224,217,27,155.92366942603672,159.3914458528161,20.119183151746675,16.624901958736956,18.58057118952274,317.88170696901426,329.41806418821216,41.01699444761474,24.380138366236462,6.283920764923096,6.953125,0,0,0,0,0,0,0,0,,,,,/root/autodl-tmp/openvla_efficiency_project/scripts/Simulation/DF-06-02 LoRA+OFT INT4/output/videos/task_04_trial_011.mp4,2026-07-29T01:37:19.659793+00:00,2026-07-29T01:37:32.139746+00:00
task_04_trial_012,df_06_02_lora_oft_nf4_libero10_seed42_best_step100000,DF-04-03 LoRA+OFT 4-bit NF4 Language Model,bitsandbytes,bnb_4bit_nf4,True,4,LIVING_ROOM_SCENE5_put_the_white_mug_on_the_left_plate_and_put_the_yellow_and_white_mug_on_the_right_plate,put the white mug on the left plate and put the yellow and white mug on the right plate,12,12,4054,True,False,success,221,221,12.512177,28,224,221,27,154.68648787853974,156.01272657513618,19.598288057009558,15.85513793302877,17.05828122794628,312.5575792177447,322.8056703694165,39.600055285506116,25.252489997558325,6.283920764923096,6.953125,0,0,0,0,0,0,0,0,,,,,/root/autodl-tmp/openvla_efficiency_project/scripts/Simulation/DF-06-02 LoRA+OFT INT4/output/videos/task_04_trial_012.mp4,2026-07-29T01:37:32.141914+00:00,2026-07-29T01:37:44.654984+00:00
task_04_trial_013,df_06_02_lora_oft_nf4_libero10_seed42_best_step100000,DF-04-03 LoRA+OFT 4-bit NF4 Language Model,bitsandbytes,bnb_4bit_nf4,True,4,LIVING_ROOM_SCENE5_put_the_white_mug_on_the_left_plate_and_put_the_yellow_and_white_mug_on_the_right_plate,put the white mug on the left plate and put the yellow and white mug on the right plate,13,13,4055,True,False,success,204,204,11.773681,26,208,204,25,154.33147986634418,155.92333022505045,19.669698414337986,16.573736380201343,19.156835041940212,316.4413281214925,336.68933529406786,40.33075750568042,24.794971923330582,6.283920764923096,6.953125,0,0,0,0,0,0,0,0,,,,,/root/autodl-tmp/openvla_efficiency_project/scripts/Simulation/DF-06-02 LoRA+OFT INT4/output/videos/task_04_trial_013.mp4,2026-07-29T01:37:44.730054+00:00,2026-07-29T01:37:56.504547+00:00
task_04_trial_014,df_06_02_lora_oft_nf4_libero10_seed42_best_step100000,DF-04-03 LoRA+OFT 4-bit NF4 Language Model,bitsandbytes,bnb_4bit_nf4,True,4,LIVING_ROOM_SCENE5_put_the_white_mug_on_the_left_plate_and_put_the_yellow_and_white_mug_on_the_right_plate,put the white mug on the left plate and put the yellow and white mug on the right plate,14,14,4056,True,False,success,215,215,12.427251,27,216,215,26,154.2879940459022,156.12261928617954,19.375701577857484,17.77842885186506,21.22117187827825,328.8327923941392,351.5437202528119,41.2952809053105,24.21584205451916,6.283920764923096,6.953125,0,0,0,0,0,0,0,0,,,,,/root/autodl-tmp/openvla_efficiency_project/scripts/Simulation/DF-06-02 LoRA+OFT INT4/output/videos/task_04_trial_014.mp4,2026-07-29T01:37:56.506961+00:00,2026-07-29T01:38:08.935065+00:00
task_04_trial_015,df_06_02_lora_oft_nf4_libero10_seed42_best_step100000,DF-04-03 LoRA+OFT 4-bit NF4 Language Model,bitsandbytes,bnb_4bit_nf4,True,4,LIVING_ROOM_SCENE5_put_the_white_mug_on_the_left_plate_and_put_the_yellow_and_white_mug_on_the_right_plate,put the white mug on the left plate and put the yellow and white mug on the right plate,15,15,4057,True,False,success,229,229,13.043481,29,232,229,28,154.17391093897407,155.81855960190296,19.524207062140825,17.616372026795904,20.891515910625458,325.7241155309924,341.334130987525,41.24890546025668,24.243067515173223,6.283920764923096,6.953125,0,0,0,0,0,0,0,0,,,,,/root/autodl-tmp/openvla_efficiency_project/scripts/Simulation/DF-06-02 LoRA+OFT INT4/output/videos/task_04_trial_015.mp4,2026-07-29T01:38:08.938342+00:00,2026-07-29T01:38:21.982740+00:00
task_04_trial_016,df_06_02_lora_oft_nf4_libero10_seed42_best_step100000,DF-04-03 LoRA+OFT 4-bit NF4 Language Model,bitsandbytes,bnb_4bit_nf4,True,4,LIVING_ROOM_SCENE5_put_the_white_mug_on_the_left_plate_and_put_the_yellow_and_white_mug_on_the_right_plate,put the white mug on the left plate and put the yellow and white mug on the right plate,16,16,4058,True,False,success,231,231,12.755759,29,232,231,28,153.54815664990196,155.07068820297718,19.276608410593752,16.00328784484368,17.617393285036087,312.746635670292,322.4380511790514,39.26256465124877,25.469553730953088,6.283920764923096,6.953125,0,0,0,0,0,0,0,0,,,,,/root/autodl-tmp/openvla_efficiency_project/scripts/Simulation/DF-06-02 LoRA+OFT INT4/output/videos/task_04_trial_016.mp4,2026-07-29T01:38:21.984779+00:00,2026-07-29T01:38:34.741262+00:00
task_04_trial_017,df_06_02_lora_oft_nf4_libero10_seed42_best_step100000,DF-04-03 LoRA+OFT 4-bit NF4 Language Model,bitsandbytes,bnb_4bit_nf4,True,4,LIVING_ROOM_SCENE5_put_the_white_mug_on_the_left_plate_and_put_the_yellow_and_white_mug_on_the_right_plate,put the white mug on the left plate and put the yellow and white mug on the right plate,17,17,4059,True,False,success,218,218,12.310537,28,224,218,27,153.47997438428658,155.3095944225788,19.71302423284415,16.21612579211456,17.817470990121365,311.31065390737996,325.75522931292653,39.984854630305676,25.00946944151376,6.283920764923096,6.953125,0,0,0,0,0,0,0,0,,,,,/root/autodl-tmp/openvla_efficiency_project/scripts/Simulation/DF-06-02 LoRA+OFT INT4/output/videos/task_04_trial_017.mp4,2026-07-29T01:38:34.744037+00:00,2026-07-29T01:38:47.055431+00:00
task_04_trial_018,df_06_02_lora_oft_nf4_libero10_seed42_best_step100000,DF-04-03 LoRA+OFT 4-bit NF4 Language Model,bitsandbytes,bnb_4bit_nf4,True,4,LIVING_ROOM_SCENE5_put_the_white_mug_on_the_left_plate_and_put_the_yellow_and_white_mug_on_the_right_plate,put the white mug on the left plate and put the yellow and white mug on the right plate,18,18,4060,True,False,success,260,260,14.00435,33,264,260,32,153.50323486508745,154.51751425862312,19.483102886722637,16.43111802494297,18.6118321493268,314.7446646947752,333.60572196543217,39.94836128818301,25.03231591368947,6.283920764923096,6.953125,0,0,0,0,0,0,0,0,,,,,/root/autodl-tmp/openvla_efficiency_project/scripts/Simulation/DF-06-02 LoRA+OFT INT4/output/videos/task_04_trial_018.mp4,2026-07-29T01:38:47.057362+00:00,2026-07-29T01:39:01.062519+00:00
task_04_trial_019,df_06_02_lora_oft_nf4_libero10_seed42_best_step100000,DF-04-03 LoRA+OFT 4-bit NF4 Language Model,bitsandbytes,bnb_4bit_nf4,True,4,LIVING_ROOM_SCENE5_put_the_white_mug_on_the_left_plate_and_put_the_yellow_and_white_mug_on_the_right_plate,put the white mug on the left plate and put the yellow and white mug on the right plate,19,19,4061,True,False,success,238,238,13.211175,30,240,238,29,153.77814105401436,155.30643602833152,19.38379929252282,16.566273638931644,18.717144150286913,316.78655222058296,333.65517975762486,39.93107801099785,25.04315059374503,6.283920764923096,6.953125,0,0,0,0,0,0,0,0,,,,,/root/autodl-tmp/openvla_efficiency_project/scripts/Simulation/DF-06-02 LoRA+OFT INT4/output/videos/task_04_trial_019.mp4,2026-07-29T01:39:01.064505+00:00,2026-07-29T01:39:14.276381+00:00
task_04_trial_020,df_06_02_lora_oft_nf4_libero10_seed42_best_step100000,DF-04-03 LoRA+OFT 4-bit NF4 Language Model,bitsandbytes,bnb_4bit_nf4,True,4,LIVING_ROOM_SCENE5_put_the_white_mug_on_the_left_plate_and_put_the_yellow_and_white_mug_on_the_right_plate,put the white mug on the left plate and put the yellow and white mug on the right plate,20,20,4062,False,True,timeout,520,,24.440685,65,520,520,64,154.31333935031523,156.46916143596172,19.289167418789404,16.94686312873203,19.495767261832952,321.3355575616543,337.4780371785164,40.16694469520679,24.896093232586153,6.283920764923096,6.953125,0,0,0,0,0,0,0,0,timeout,"collapse_diagnostics={""zero_equivalent_arm_action_count"":0,""zero_equivalent_full_noop_count"":0,""repeated_action_count"":0,""repeated_chunk_count"":0,""max_consecutive_zero_equivalent_actions"":0,""max_consecutive_repeated_chunks"":0}",,,/root/autodl-tmp/openvla_efficiency_project/scripts/Simulation/DF-06-02 LoRA+OFT INT4/output/videos/task_04_trial_020.mp4,2026-07-29T01:39:14.278586+00:00,2026-07-29T01:39:38.720165+00:00
task_04_trial_021,df_06_02_lora_oft_nf4_libero10_seed42_best_step100000,DF-04-03 LoRA+OFT 4-bit NF4 Language Model,bitsandbytes,bnb_4bit_nf4,True,4,LIVING_ROOM_SCENE5_put_the_white_mug_on_the_left_plate_and_put_the_yellow_and_white_mug_on_the_right_plate,put the white mug on the left plate and put the yellow and white mug on the right plate,21,21,4063,True,False,success,215,215,12.940085,27,216,215,26,157.9927695846116,168.30671802163124,19.840952459462855,19.2905267050793,24.17573221027851,345.66216405343124,423.7311175093055,43.408736881128576,23.036837094302506,6.283920764923096,6.953125,0,0,0,0,0,0,0,0,,,,,/root/autodl-tmp/openvla_efficiency_project/scripts/Simulation/DF-06-02 LoRA+OFT INT4/output/videos/task_04_trial_021.mp4,2026-07-29T01:39:38.723279+00:00,2026-07-29T01:39:51.664241+00:00
task_04_trial_022,df_06_02_lora_oft_nf4_libero10_seed42_best_step100000,DF-04-03 LoRA+OFT 4-bit NF4 Language Model,bitsandbytes,bnb_4bit_nf4,True,4,LIVING_ROOM_SCENE5_put_the_white_mug_on_the_left_plate_and_put_the_yellow_and_white_mug_on_the_right_plate,put the white mug on the left plate and put the yellow and white mug on the right plate,22,22,4064,True,False,success,221,221,12.608914,28,224,221,27,154.1653714541878,155.08995382115245,19.532264256639177,16.366746124908396,18.272308632731438,315.4094577766955,328.62822553142905,39.96137926582567,25.02416128702504,6.283920764923096,6.953125,0,0,0,0,0,0,0,0,,,,,/root/autodl-tmp/openvla_efficiency_project/scripts/Simulation/DF-06-02 LoRA+OFT INT4/output/videos/task_04_trial_022.mp4,2026-07-29T01:39:51.666440+00:00,2026-07-29T01:40:04.276196+00:00
task_04_trial_023,df_06_02_lora_oft_nf4_libero10_seed42_best_step100000,DF-04-03 LoRA+OFT 4-bit NF4 Language Model,bitsandbytes,bnb_4bit_nf4,True,4,LIVING_ROOM_SCENE5_put_the_white_mug_on_the_left_plate_and_put_the_yellow_and_white_mug_on_the_right_plate,put the white mug on the left plate and put the yellow and white mug on the right plate,23,23,4065,False,True,timeout,520,,26.069105,65,520,520,64,154.13354239784755,155.275696516037,19.266692799730944,19.796150704272666,22.522115148603916,344.3818959192588,357.86743462085724,43.04773698990735,23.23002484972561,6.283920764923096,6.953125,0,0,0,0,0,0,0,0,timeout,"collapse_diagnostics={""zero_equivalent_arm_action_count"":0,""zero_equivalent_full_noop_count"":0,""repeated_action_count"":0,""repeated_chunk_count"":0,""max_consecutive_zero_equivalent_actions"":0,""max_consecutive_repeated_chunks"":0}",,,/root/autodl-tmp/openvla_efficiency_project/scripts/Simulation/DF-06-02 LoRA+OFT INT4/output/videos/task_04_trial_023.mp4,2026-07-29T01:40:04.278782+00:00,2026-07-29T01:40:30.348676+00:00
task_04_trial_024,df_06_02_lora_oft_nf4_libero10_seed42_best_step100000,DF-04-03 LoRA+OFT 4-bit NF4 Language Model,bitsandbytes,bnb_4bit_nf4,True,4,LIVING_ROOM_SCENE5_put_the_white_mug_on_the_left_plate_and_put_the_yellow_and_white_mug_on_the_right_plate,put the white mug on the left plate and put the yellow and white mug on the right plate,24,24,4066,True,False,success,214,214,12.134768,27,216,214,26,154.31647361428648,155.5587086826563,19.46983545600811,16.211160919933675,18.467322643846273,314.81536360526525,332.1366870775819,39.71969540814094,25.176426700267196,6.283920764923096,6.953125,0,0,0,0,0,0,0,0,,,,,/root/autodl-tmp/openvla_efficiency_project/scripts/Simulation/DF-06-02 LoRA+OFT INT4/output/videos/task_04_trial_024.mp4,2026-07-29T01:40:30.351985+00:00,2026-07-29T01:40:42.487516+00:00
task_04_trial_025,df_06_02_lora_oft_nf4_libero10_seed42_best_step100000,DF-04-03 LoRA+OFT 4-bit NF4 Language Model,bitsandbytes,bnb_4bit_nf4,True,4,LIVING_ROOM_SCENE5_put_the_white_mug_on_the_left_plate_and_put_the_yellow_and_white_mug_on_the_right_plate,put the white mug on the left plate and put the yellow and white mug on the right plate,25,25,4067,True,False,success,218,218,12.330854,28,224,218,27,153.8759770004877,155.21187400445342,19.76388695419108,16.127503545390905,17.68418326973915,311.38175519715463,325.0654274597764,39.993986906056556,25.003758748757388,6.283920764923096,6.953125,0,0,0,0,0,0,0,0,,,,,/root/autodl-tmp/openvla_efficiency_project/scripts/Simulation/DF-06-02 LoRA+OFT INT4/output/videos/task_04_trial_025.mp4,2026-07-29T01:40:42.490286+00:00,2026-07-29T01:40:54.821941+00:00
task_04_trial_026,df_06_02_lora_oft_nf4_libero10_seed42_best_step100000,DF-04-03 LoRA+OFT 4-bit NF4 Language Model,bitsandbytes,bnb_4bit_nf4,True,4,LIVING_ROOM_SCENE5_put_the_white_mug_on_the_left_plate_and_put_the_yellow_and_white_mug_on_the_right_plate,put the white mug on the left plate and put the yellow and white mug on the right plate,26,26,4068,True,False,success,216,216,12.059588,27,216,216,26,153.80300740125003,155.2961029112339,19.225375925156253,16.02319619376902,18.185332417488098,314.38053682170533,326.17271430790424,39.29756710271317,25.446867929158863,6.283920764923096,6.953125,0,0,0,0,0,0,0,0,,,,,/root/autodl-tmp/openvla_efficiency_project/scripts/Simulation/DF-06-02 LoRA+OFT INT4/output/videos/task_04_trial_026.mp4,2026-07-29T01:40:54.823902+00:00,2026-07-29T01:41:06.884311+00:00
task_04_trial_027,df_06_02_lora_oft_nf4_libero10_seed42_best_step100000,DF-04-03 LoRA+OFT 4-bit NF4 Language Model,bitsandbytes,bnb_4bit_nf4,True,4,LIVING_ROOM_SCENE5_put_the_white_mug_on_the_left_plate_and_put_the_yellow_and_white_mug_on_the_right_plate,put the white mug on the left plate and put the yellow and white mug on the right plate,27,27,4069,True,False,success,233,233,13.435788,30,240,233,29,154.45218067616224,155.68536389619112,19.886546868175397,17.757451889213062,21.551640704274178,324.2562648529808,354.2429389432072,41.74973367205761,23.952248602469123,6.283920764923096,6.953125,0,0,0,0,0,0,0,0,,,,,/root/autodl-tmp/openvla_efficiency_project/scripts/Simulation/DF-06-02 LoRA+OFT INT4/output/videos/task_04_trial_027.mp4,2026-07-29T01:41:06.886621+00:00,2026-07-29T01:41:20.323176+00:00
task_04_trial_028,df_06_02_lora_oft_nf4_libero10_seed42_best_step100000,DF-04-03 LoRA+OFT 4-bit NF4 Language Model,bitsandbytes,bnb_4bit_nf4,True,4,LIVING_ROOM_SCENE5_put_the_white_mug_on_the_left_plate_and_put_the_yellow_and_white_mug_on_the_right_plate,put the white mug on the left plate and put the yellow and white mug on the right plate,28,28,4070,True,False,success,221,221,12.890129,28,224,221,27,154.3566889262625,155.44149111956358,19.5565035743681,18.209737771911318,22.124411538243294,330.68315498530865,358.0895031802356,41.896508323930505,23.868337482167185,6.283920764923096,6.953125,0,0,0,0,0,0,0,0,,,,,/root/autodl-tmp/openvla_efficiency_project/scripts/Simulation/DF-06-02 LoRA+OFT INT4/output/videos/task_04_trial_028.mp4,2026-07-29T01:41:20.325389+00:00,2026-07-29T01:41:33.216407+00:00
task_04_trial_029,df_06_02_lora_oft_nf4_libero10_seed42_best_step100000,DF-04-03 LoRA+OFT 4-bit NF4 Language Model,bitsandbytes,bnb_4bit_nf4,True,4,LIVING_ROOM_SCENE5_put_the_white_mug_on_the_left_plate_and_put_the_yellow_and_white_mug_on_the_right_plate,put the white mug on the left plate and put the yellow and white mug on the right plate,29,29,4071,True,False,success,228,228,12.872766,29,232,228,28,155.67357722541382,160.24295017123222,19.80058657691667,16.70590191752764,18.940311484038826,319.5228229180492,337.35030852258205,40.64106080975188,24.605656940924355,6.283920764923096,6.953125,0,0,0,0,0,0,0,0,,,,,/root/autodl-tmp/openvla_efficiency_project/scripts/Simulation/DF-06-02 LoRA+OFT INT4/output/videos/task_04_trial_029.mp4,2026-07-29T01:41:33.218707+00:00,2026-07-29T01:41:46.092329+00:00
task_04_trial_030,df_06_02_lora_oft_nf4_libero10_seed42_best_step100000,DF-04-03 LoRA+OFT 4-bit NF4 Language Model,bitsandbytes,bnb_4bit_nf4,True,4,LIVING_ROOM_SCENE5_put_the_white_mug_on_the_left_plate_and_put_the_yellow_and_white_mug_on_the_right_plate,put the white mug on the left plate and put the yellow and white mug on the right plate,30,30,4072,True,False,success,221,221,12.610232,28,224,221,27,154.3698237011475,157.23779229447246,19.558167708742673,16.865336129703135,20.083310082554817,320.1170872364725,341.870382707566,40.55782100733589,24.6561569424335,6.283920764923096,6.953125,0,0,0,0,0,0,0,0,,,,,/root/autodl-tmp/openvla_efficiency_project/scripts/Simulation/DF-06-02 LoRA+OFT INT4/output/videos/task_04_trial_030.mp4,2026-07-29T01:41:46.094419+00:00,2026-07-29T01:41:58.705473+00:00
task_04_trial_031,df_06_02_lora_oft_nf4_libero10_seed42_best_step100000,DF-04-03 LoRA+OFT 4-bit NF4 Language Model,bitsandbytes,bnb_4bit_nf4,True,4,LIVING_ROOM_SCENE5_put_the_white_mug_on_the_left_plate_and_put_the_yellow_and_white_mug_on_the_right_plate,put the white mug on the left plate and put the yellow and white mug on the right plate,31,31,4073,True,False,success,225,225,13.106696,29,232,225,28,154.61095082091873,156.9479312747717,19.92763366136286,17.564080448614227,20.495039224624634,322.94320912453634,346.28678262233734,41.623791398273575,24.024721593273142,6.283920764923096,6.953125,0,0,0,0,0,0,0,0,,,,,/root/autodl-tmp/openvla_efficiency_project/scripts/Simulation/DF-06-02 LoRA+OFT INT4/output/videos/task_04_trial_031.mp4,2026-07-29T01:41:58.707944+00:00,2026-07-29T01:42:11.815380+00:00
task_04_trial_032,df_06_02_lora_oft_nf4_libero10_seed42_best_step100000,DF-04-03 LoRA+OFT 4-bit NF4 Language Model,bitsandbytes,bnb_4bit_nf4,True,4,LIVING_ROOM_SCENE5_put_the_white_mug_on_the_left_plate_and_put_the_yellow_and_white_mug_on_the_right_plate,put the white mug on the left plate and put the yellow and white mug on the right plate,32,32,4074,True,False,success,237,237,13.079983,30,240,237,29,154.75695071121058,157.9602382145822,19.589487431798805,16.206147047034797,18.052863702178,314.9803622936209,326.2810379266739,39.87093193590138,25.080928672739653,6.283920764923096,6.953125,0,0,0,0,0,0,0,0,,,,,/root/autodl-tmp/openvla_efficiency_project/scripts/Simulation/DF-06-02 LoRA+OFT INT4/output/videos/task_04_trial_032.mp4,2026-07-29T01:42:11.817472+00:00,2026-07-29T01:42:24.898185+00:00
task_04_trial_033,df_06_02_lora_oft_nf4_libero10_seed42_best_step100000,DF-04-03 LoRA+OFT 4-bit NF4 Language Model,bitsandbytes,bnb_4bit_nf4,True,4,LIVING_ROOM_SCENE5_put_the_white_mug_on_the_left_plate_and_put_the_yellow_and_white_mug_on_the_right_plate,put the white mug on the left plate and put the yellow and white mug on the right plate,33,33,4075,True,False,success,222,222,12.752348,28,224,222,27,153.97753513285093,155.2601158618927,19.420590016755973,17.768412543175458,21.400190982967615,327.20730067895994,351.2191453948617,41.26938927482377,24.231034613590612,6.283920764923096,6.953125,0,0,0,0,0,0,0,0,,,,,/root/autodl-tmp/openvla_efficiency_project/scripts/Simulation/DF-06-02 LoRA+OFT INT4/output/videos/task_04_trial_033.mp4,2026-07-29T01:42:24.900143+00:00,2026-07-29T01:42:37.653406+00:00
task_04_trial_034,df_06_02_lora_oft_nf4_libero10_seed42_best_step100000,DF-04-03 LoRA+OFT 4-bit NF4 Language Model,bitsandbytes,bnb_4bit_nf4,True,4,LIVING_ROOM_SCENE5_put_the_white_mug_on_the_left_plate_and_put_the_yellow_and_white_mug_on_the_right_plate,put the white mug on the left plate and put the yellow and white mug on the right plate,34,34,4076,True,False,success,219,219,12.468045,28,224,219,27,153.93884792657835,155.6704416871071,19.68167918695979,16.599187789034083,18.804773688316345,315.81551102655277,332.7103652060032,40.37823885270994,24.765815162165897,6.283920764923096,6.953125,0,0,0,0,0,0,0,0,,,,,/root/autodl-tmp/openvla_efficiency_project/scripts/Simulation/DF-06-02 LoRA+OFT INT4/output/videos/task_04_trial_034.mp4,2026-07-29T01:42:37.655667+00:00,2026-07-29T01:42:50.124487+00:00
task_04_trial_035,df_06_02_lora_oft_nf4_libero10_seed42_best_step100000,DF-04-03 LoRA+OFT 4-bit NF4 Language Model,bitsandbytes,bnb_4bit_nf4,True,4,LIVING_ROOM_SCENE5_put_the_white_mug_on_the_left_plate_and_put_the_yellow_and_white_mug_on_the_right_plate,put the white mug on the left plate and put the yellow and white mug on the right plate,35,35,4077,True,False,success,215,215,12.236797,27,216,215,26,154.45682606487364,157.02285841107368,19.39690373837948,16.384303829697675,18.31641159951687,317.1712141484022,331.24337550252676,39.83080363724121,25.106196930081897,6.283920764923096,6.953125,0,0,0,0,0,0,0,0,,,,,/root/autodl-tmp/openvla_efficiency_project/scripts/Simulation/DF-06-02 LoRA+OFT INT4/output/videos/task_04_trial_035.mp4,2026-07-29T01:42:50.126796+00:00,2026-07-29T01:43:02.364403+00:00
task_04_trial_036,df_06_02_lora_oft_nf4_libero10_seed42_best_step100000,DF-04-03 LoRA+OFT 4-bit NF4 Language Model,bitsandbytes,bnb_4bit_nf4,True,4,LIVING_ROOM_SCENE5_put_the_white_mug_on_the_left_plate_and_put_the_yellow_and_white_mug_on_the_right_plate,put the white mug on the left plate and put the yellow and white mug on the right plate,36,36,4078,True,False,success,222,222,12.765468,28,224,222,27,154.07040096553308,155.53842522203922,19.43230282448165,17.683496363125407,21.528237033635374,326.318884135357,356.04358930140734,41.15733673779277,24.297004598981957,6.283920764923096,6.953125,0,0,0,0,0,0,0,0,,,,,/root/autodl-tmp/openvla_efficiency_project/scripts/Simulation/DF-06-02 LoRA+OFT INT4/output/videos/task_04_trial_036.mp4,2026-07-29T01:43:02.366589+00:00,2026-07-29T01:43:15.132814+00:00
task_04_trial_037,df_06_02_lora_oft_nf4_libero10_seed42_best_step100000,DF-04-03 LoRA+OFT 4-bit NF4 Language Model,bitsandbytes,bnb_4bit_nf4,True,4,LIVING_ROOM_SCENE5_put_the_white_mug_on_the_left_plate_and_put_the_yellow_and_white_mug_on_the_right_plate,put the white mug on the left plate and put the yellow and white mug on the right plate,37,37,4079,True,False,success,252,252,14.256318,32,256,252,31,156.97247546631843,171.65427850559354,19.933012757627736,18.082530466869237,23.995449207723137,332.84191956045106,383.37691631168127,42.2656405791049,23.659880373240473,6.283920764923096,6.953125,0,0,0,0,0,0,0,0,,,,,/root/autodl-tmp/openvla_efficiency_project/scripts/Simulation/DF-06-02 LoRA+OFT INT4/output/videos/task_04_trial_037.mp4,2026-07-29T01:43:15.135187+00:00,2026-07-29T01:43:29.392451+00:00
task_04_trial_038,df_06_02_lora_oft_nf4_libero10_seed42_best_step100000,DF-04-03 LoRA+OFT 4-bit NF4 Language Model,bitsandbytes,bnb_4bit_nf4,True,4,LIVING_ROOM_SCENE5_put_the_white_mug_on_the_left_plate_and_put_the_yellow_and_white_mug_on_the_right_plate,put the white mug on the left plate and put the yellow and white mug on the right plate,38,38,4080,True,False,success,229,229,12.832601,29,232,229,28,154.08147813688063,155.5573083460331,19.512501598120256,16.58643461666253,18.311570584774017,317.0394241681387,329.2962521314621,40.14909738373809,24.90716018948506,6.283920764923096,6.953125,0,0,0,0,0,0,0,0,,,,,/root/autodl-tmp/openvla_efficiency_project/scripts/Simulation/DF-06-02 LoRA+OFT INT4/output/videos/task_04_trial_038.mp4,2026-07-29T01:43:29.433793+00:00,2026-07-29T01:43:42.267173+00:00
task_04_trial_039,df_06_02_lora_oft_nf4_libero10_seed42_best_step100000,DF-04-03 LoRA+OFT 4-bit NF4 Language Model,bitsandbytes,bnb_4bit_nf4,True,4,LIVING_ROOM_SCENE5_put_the_white_mug_on_the_left_plate_and_put_the_yellow_and_white_mug_on_the_right_plate,put the white mug on the left plate and put the yellow and white mug on the right plate,39,39,4081,True,False,success,211,211,12.256191,27,216,211,26,154.56878469774017,155.77999260276556,19.778944013454904,16.42843659843596,20.60561627149582,315.8741320172946,338.1343625485897,40.419912627805466,24.74028108888303,6.283920764923096,6.953125,0,0,0,0,0,0,0,0,,,,,/root/autodl-tmp/openvla_efficiency_project/scripts/Simulation/DF-06-02 LoRA+OFT INT4/output/videos/task_04_trial_039.mp4,2026-07-29T01:43:42.269282+00:00,2026-07-29T01:43:54.526250+00:00
task_04_trial_040,df_06_02_lora_oft_nf4_libero10_seed42_best_step100000,DF-04-03 LoRA+OFT 4-bit NF4 Language Model,bitsandbytes,bnb_4bit_nf4,True,4,LIVING_ROOM_SCENE5_put_the_white_mug_on_the_left_plate_and_put_the_yellow_and_white_mug_on_the_right_plate,put the white mug on the left plate and put the yellow and white mug on the right plate,40,40,4082,True,False,success,220,220,12.431003,28,224,220,27,154.07061789716994,155.32488441094756,19.608987732367083,16.301752855493262,18.580772448331118,314.5859389831977,333.3643041551113,40.03821041604335,24.97614128126214,6.283920764923096,6.953125,0,0,0,0,0,0,0,0,,,,,/root/autodl-tmp/openvla_efficiency_project/scripts/Simulation/DF-06-02 LoRA+OFT INT4/output/videos/task_04_trial_040.mp4,2026-07-29T01:43:54.529422+00:00,2026-07-29T01:44:06.961160+00:00
task_04_trial_041,df_06_02_lora_oft_nf4_libero10_seed42_best_step100000,DF-04-03 LoRA+OFT 4-bit NF4 Language Model,bitsandbytes,bnb_4bit_nf4,True,4,LIVING_ROOM_SCENE5_put_the_white_mug_on_the_left_plate_and_put_the_yellow_and_white_mug_on_the_right_plate,put the white mug on the left plate and put the yellow and white mug on the right plate,41,41,4083,True,False,success,240,240,13.258968,30,240,240,29,154.71180006861687,155.73530262336135,19.33897500857711,16.829044294233125,19.069064781069756,321.67531059434015,335.7334873639047,40.20941382429252,24.869798012221953,6.283920764923096,6.953125,0,0,0,0,0,0,0,0,,,,,/root/autodl-tmp/openvla_efficiency_project/scripts/Simulation/DF-06-02 LoRA+OFT INT4/output/videos/task_04_trial_041.mp4,2026-07-29T01:44:06.963783+00:00,2026-07-29T01:44:20.223636+00:00
task_04_trial_042,df_06_02_lora_oft_nf4_libero10_seed42_best_step100000,DF-04-03 LoRA+OFT 4-bit NF4 Language Model,bitsandbytes,bnb_4bit_nf4,True,4,LIVING_ROOM_SCENE5_put_the_white_mug_on_the_left_plate_and_put_the_yellow_and_white_mug_on_the_right_plate,put the white mug on the left plate and put the yellow and white mug on the right plate,42,42,4084,True,False,success,220,220,12.343671,28,224,220,27,154.1412282469017,155.5060176178813,19.617974504151128,15.960668120533228,17.584899719804525,311.8721621909312,325.8283474482596,39.692820642482154,25.193472870248154,6.283920764923096,6.953125,0,0,0,0,0,0,0,0,,,,,/root/autodl-tmp/openvla_efficiency_project/scripts/Simulation/DF-06-02 LoRA+OFT INT4/output/videos/task_04_trial_042.mp4,2026-07-29T01:44:20.226106+00:00,2026-07-29T01:44:32.570596+00:00
task_04_trial_043,df_06_02_lora_oft_nf4_libero10_seed42_best_step100000,DF-04-03 LoRA+OFT 4-bit NF4 Language Model,bitsandbytes,bnb_4bit_nf4,True,4,LIVING_ROOM_SCENE5_put_the_white_mug_on_the_left_plate_and_put_the_yellow_and_white_mug_on_the_right_plate,put the white mug on the left plate and put the yellow and white mug on the right plate,43,43,4085,True,False,success,237,237,13.165363,30,240,237,29,153.68759017437696,154.87480629235506,19.45412533852873,16.47586957060335,18.29116605222225,315.99390270809334,327.4632539600134,39.99922819089789,25.000482389996645,6.283920764923096,6.953125,0,0,0,0,0,0,0,0,,,,,/root/autodl-tmp/openvla_efficiency_project/scripts/Simulation/DF-06-02 LoRA+OFT INT4/output/videos/task_04_trial_043.mp4,2026-07-29T01:44:32.573007+00:00,2026-07-29T01:44:45.739132+00:00
task_04_trial_044,df_06_02_lora_oft_nf4_libero10_seed42_best_step100000,DF-04-03 LoRA+OFT 4-bit NF4 Language Model,bitsandbytes,bnb_4bit_nf4,True,4,LIVING_ROOM_SCENE5_put_the_white_mug_on_the_left_plate_and_put_the_yellow_and_white_mug_on_the_right_plate,put the white mug on the left plate and put the yellow and white mug on the right plate,44,44,4086,True,False,success,237,237,13.32951,30,240,237,29,153.8538264731566,154.68666814267635,19.475167907994507,17.403512776589594,20.652670040726658,323.7125463162859,346.9971713609993,40.976271685605816,24.404367670943596,6.283920764923096,6.953125,0,0,0,0,0,0,0,0,,,,,/root/autodl-tmp/openvla_efficiency_project/scripts/Simulation/DF-06-02 LoRA+OFT INT4/output/videos/task_04_trial_044.mp4,2026-07-29T01:44:45.741233+00:00,2026-07-29T01:44:59.071470+00:00
task_04_trial_045,df_06_02_lora_oft_nf4_libero10_seed42_best_step100000,DF-04-03 LoRA+OFT 4-bit NF4 Language Model,bitsandbytes,bnb_4bit_nf4,True,4,LIVING_ROOM_SCENE5_put_the_white_mug_on_the_left_plate_and_put_the_yellow_and_white_mug_on_the_right_plate,put the white mug on the left plate and put the yellow and white mug on the right plate,45,45,4087,True,False,success,224,224,12.314536,28,224,224,27,154.3121222805764,155.822850484401,19.28901528507205,15.728149205512766,17.87642678245902,312.2845686573003,327.4455511942506,39.03557108216254,25.617660310263886,6.283920764923096,6.953125,0,0,0,0,0,0,0,0,,,,,/root/autodl-tmp/openvla_efficiency_project/scripts/Simulation/DF-06-02 LoRA+OFT INT4/output/videos/task_04_trial_045.mp4,2026-07-29T01:44:59.074016+00:00,2026-07-29T01:45:11.389449+00:00
task_04_trial_046,df_06_02_lora_oft_nf4_libero10_seed42_best_step100000,DF-04-03 LoRA+OFT 4-bit NF4 Language Model,bitsandbytes,bnb_4bit_nf4,True,4,LIVING_ROOM_SCENE5_put_the_white_mug_on_the_left_plate_and_put_the_yellow_and_white_mug_on_the_right_plate,put the white mug on the left plate and put the yellow and white mug on the right plate,46,46,4088,True,False,success,255,255,13.656428,32,256,255,31,154.02093576267362,155.64090879634023,19.328117429041395,16.02136708211665,17.89247039705515,313.8909716508351,327.74867257103324,39.39023957971264,25.38699969002055,6.283920764923096,6.953125,0,0,0,0,0,0,0,0,,,,,/root/autodl-tmp/openvla_efficiency_project/scripts/Simulation/DF-06-02 LoRA+OFT INT4/output/videos/task_04_trial_046.mp4,2026-07-29T01:45:11.394010+00:00,2026-07-29T01:45:25.051290+00:00
task_04_trial_047,df_06_02_lora_oft_nf4_libero10_seed42_best_step100000,DF-04-03 LoRA+OFT 4-bit NF4 Language Model,bitsandbytes,bnb_4bit_nf4,True,4,LIVING_ROOM_SCENE5_put_the_white_mug_on_the_left_plate_and_put_the_yellow_and_white_mug_on_the_right_plate,put the white mug on the left plate and put the yellow and white mug on the right plate,47,47,4089,True,False,success,229,229,12.789323,29,232,229,28,153.93849597151936,155.17566576600075,19.494394686349615,16.361289076084134,17.961612343788147,315.0589514266828,329.73417080938816,39.89829515883756,25.06372756076265,6.283920764923096,6.953125,0,0,0,0,0,0,0,0,,,,,/root/autodl-tmp/openvla_efficiency_project/scripts/Simulation/DF-06-02 LoRA+OFT INT4/output/videos/task_04_trial_047.mp4,2026-07-29T01:45:25.053657+00:00,2026-07-29T01:45:37.843751+00:00
task_04_trial_048,df_06_02_lora_oft_nf4_libero10_seed42_best_step100000,DF-04-03 LoRA+OFT 4-bit NF4 Language Model,bitsandbytes,bnb_4bit_nf4,True,4,LIVING_ROOM_SCENE5_put_the_white_mug_on_the_left_plate_and_put_the_yellow_and_white_mug_on_the_right_plate,put the white mug on the left plate and put the yellow and white mug on the right plate,48,48,4090,True,False,success,222,222,12.437749,28,224,222,27,154.23810881163394,155.51501736044884,19.453455165431308,16.069246078463824,17.95923449099064,313.67129732721617,326.58416479825974,39.56214560883808,25.27668771778148,6.283920764923096,6.953125,0,0,0,0,0,0,0,0,,,,,/root/autodl-tmp/openvla_efficiency_project/scripts/Simulation/DF-06-02 LoRA+OFT INT4/output/videos/task_04_trial_048.mp4,2026-07-29T01:45:37.845738+00:00,2026-07-29T01:45:50.284275+00:00
task_04_trial_049,df_06_02_lora_oft_nf4_libero10_seed42_best_step100000,DF-04-03 LoRA+OFT 4-bit NF4 Language Model,bitsandbytes,bnb_4bit_nf4,True,4,LIVING_ROOM_SCENE5_put_the_white_mug_on_the_left_plate_and_put_the_yellow_and_white_mug_on_the_right_plate,put the white mug on the left plate and put the yellow and white mug on the right plate,49,49,4091,True,False,success,288,288,15.105211,36,288,288,35,155.70558980107307,161.1718269996345,19.463198725134134,16.544073212167454,18.983635026961558,320.5846962001589,335.63004108145833,40.07308702501986,24.954403921406016,6.283920764923096,6.953125,0,0,0,0,0,0,0,0,,,,,/root/autodl-tmp/openvla_efficiency_project/scripts/Simulation/DF-06-02 LoRA+OFT INT4/output/videos/task_04_trial_049.mp4,2026-07-29T01:45:50.287484+00:00,2026-07-29T01:46:05.393476+00:00
task_05_trial_000,df_06_02_lora_oft_nf4_libero10_seed42_best_step100000,DF-04-03 LoRA+OFT 4-bit NF4 Language Model,bitsandbytes,bnb_4bit_nf4,True,5,STUDY_SCENE1_pick_up_the_book_and_place_it_in_the_back_compartment_of_the_caddy,pick up the book and place it in the back compartment of the caddy,0,0,5042,True,False,success,165,165,7.88167,21,168,165,20,154.9990393576168,156.26168251037598,19.72715046369668,10.562315301010102,11.999430879950523,269.29521330055735,281.514098867774,34.27393623825276,29.176689629360727,6.278037071228027,6.953125,0,0,0,0,0,0,0,0,,,,,/root/autodl-tmp/openvla_efficiency_project/scripts/Simulation/DF-06-02 LoRA+OFT INT4/output/videos/task_05_trial_000.mp4,2026-07-29T01:46:07.595714+00:00,2026-07-29T01:46:15.478251+00:00
task_05_trial_001,df_06_02_lora_oft_nf4_libero10_seed42_best_step100000,DF-04-03 LoRA+OFT 4-bit NF4 Language Model,bitsandbytes,bnb_4bit_nf4,True,5,STUDY_SCENE1_pick_up_the_book_and_place_it_in_the_back_compartment_of_the_caddy,pick up the book and place it in the back compartment of the caddy,1,1,5043,True,False,success,237,237,10.535419,30,240,237,29,155.10411771635214,156.2100582756102,19.633432622323056,11.131717324382645,12.603769823908806,274.279567040503,284.344182908535,34.718932536772535,28.80272885523916,6.278037071228027,6.953125,0,0,0,0,0,0,0,0,,,,,/root/autodl-tmp/openvla_efficiency_project/scripts/Simulation/DF-06-02 LoRA+OFT INT4/output/videos/task_05_trial_001.mp4,2026-07-29T01:46:15.485710+00:00,2026-07-29T01:46:26.022021+00:00
task_05_trial_002,df_06_02_lora_oft_nf4_libero10_seed42_best_step100000,DF-04-03 LoRA+OFT 4-bit NF4 Language Model,bitsandbytes,bnb_4bit_nf4,True,5,STUDY_SCENE1_pick_up_the_book_and_place_it_in_the_back_compartment_of_the_caddy,pick up the book and place it in the back compartment of the caddy,2,2,5044,True,False,success,299,299,12.650201,38,304,299,37,154.86688975636898,157.25014824420214,19.682079634588696,11.013268975908542,12.595770321786402,272.66083353836285,285.1442818529904,34.65254740621334,28.857907278144175,6.278037071228027,6.953125,0,0,0,0,0,0,0,0,,,,,/root/autodl-tmp/openvla_efficiency_project/scripts/Simulation/DF-06-02 LoRA+OFT INT4/output/videos/task_05_trial_002.mp4,2026-07-29T01:46:26.023929+00:00,2026-07-29T01:46:38.674975+00:00
task_05_trial_003,df_06_02_lora_oft_nf4_libero10_seed42_best_step100000,DF-04-03 LoRA+OFT 4-bit NF4 Language Model,bitsandbytes,bnb_4bit_nf4,True,5,STUDY_SCENE1_pick_up_the_book_and_place_it_in_the_back_compartment_of_the_caddy,pick up the book and place it in the back compartment of the caddy,3,3,5045,True,False,success,202,202,9.374835,26,208,202,25,155.82833940593096,159.08361272886395,20.057112992842598,10.916401420046787,13.216256815940142,271.61401481582567,285.2487862110138,34.960219728769644,28.603939213147303,6.278037071228027,6.953125,0,0,0,0,0,0,0,0,,,,,/root/autodl-tmp/openvla_efficiency_project/scripts/Simulation/DF-06-02 LoRA+OFT INT4/output/videos/task_05_trial_003.mp4,2026-07-29T01:46:38.737481+00:00,2026-07-29T01:46:48.113538+00:00
task_05_trial_004,df_06_02_lora_oft_nf4_libero10_seed42_best_step100000,DF-04-03 LoRA+OFT 4-bit NF4 Language Model,bitsandbytes,bnb_4bit_nf4,True,5,STUDY_SCENE1_pick_up_the_book_and_place_it_in_the_back_compartment_of_the_caddy,pick up the book and place it in the back compartment of the caddy,4,4,5046,True,False,success,171,171,8.31255,22,176,171,21,155.09110706096345,157.67860086634755,19.95324184410056,10.696364904356281,12.24846113473177,269.0854257142002,279.38245236873627,34.619177577265525,28.88572375147068,6.278037071228027,6.953125,0,0,0,0,0,0,0,0,,,,,/root/autodl-tmp/openvla_efficiency_project/scripts/Simulation/DF-06-02 LoRA+OFT INT4/output/videos/task_05_trial_004.mp4,2026-07-29T01:46:48.120970+00:00,2026-07-29T01:46:56.434253+00:00
task_05_trial_005,df_06_02_lora_oft_nf4_libero10_seed42_best_step100000,DF-04-03 LoRA+OFT 4-bit NF4 Language Model,bitsandbytes,bnb_4bit_nf4,True,5,STUDY_SCENE1_pick_up_the_book_and_place_it_in_the_back_compartment_of_the_caddy,pick up the book and place it in the back compartment of the caddy,5,5,5047,True,False,success,254,254,10.932644,32,256,254,31,154.54617625800893,156.2879522331059,19.470384410457818,10.835032389447914,13.069591391831636,271.2757233530283,288.1262179464102,34.17646908384609,29.259898017746423,6.278037071228027,6.953125,0,0,0,0,0,0,0,0,,,,,/root/autodl-tmp/openvla_efficiency_project/scripts/Simulation/DF-06-02 LoRA+OFT INT4/output/videos/task_05_trial_005.mp4,2026-07-29T01:46:56.436302+00:00,2026-07-29T01:47:07.369811+00:00
task_05_trial_006,df_06_02_lora_oft_nf4_libero10_seed42_best_step100000,DF-04-03 LoRA+OFT 4-bit NF4 Language Model,bitsandbytes,bnb_4bit_nf4,True,5,STUDY_SCENE1_pick_up_the_book_and_place_it_in_the_back_compartment_of_the_caddy,pick up the book and place it in the back compartment of the caddy,6,6,5048,True,False,success,162,162,7.913834,21,168,162,20,154.5752634604772,155.49664571881294,20.03753415228408,10.510447653539387,11.453877575695515,266.1683762534743,277.8509873896837,34.50330803285778,28.982728237179224,6.278037071228027,6.953125,0,0,0,0,0,0,0,0,,,,,/root/autodl-tmp/openvla_efficiency_project/scripts/Simulation/DF-06-02 LoRA+OFT INT4/output/videos/task_05_trial_006.mp4,2026-07-29T01:47:07.372053+00:00,2026-07-29T01:47:15.286677+00:00
task_05_trial_007,df_06_02_lora_oft_nf4_libero10_seed42_best_step100000,DF-04-03 LoRA+OFT 4-bit NF4 Language Model,bitsandbytes,bnb_4bit_nf4,True,5,STUDY_SCENE1_pick_up_the_book_and_place_it_in_the_back_compartment_of_the_caddy,pick up the book and place it in the back compartment of the caddy,7,7,5049,True,False,success,204,204,9.264073,26,208,204,25,154.5377429574728,156.15284349769354,19.695986847521045,10.759226201723019,11.914608255028725,269.64969223795026,281.3281095586717,34.367117638170136,29.09758131387025,6.278037071228027,6.953125,0,0,0,0,0,0,0,0,,,,,/root/autodl-tmp/openvla_efficiency_project/scripts/Simulation/DF-06-02 LoRA+OFT INT4/output/videos/task_05_trial_007.mp4,2026-07-29T01:47:15.289097+00:00,2026-07-29T01:47:24.554072+00:00
task_05_trial_008,df_06_02_lora_oft_nf4_libero10_seed42_best_step100000,DF-04-03 LoRA+OFT 4-bit NF4 Language Model,bitsandbytes,bnb_4bit_nf4,True,5,STUDY_SCENE1_pick_up_the_book_and_place_it_in_the_back_compartment_of_the_caddy,pick up the book and place it in the back compartment of the caddy,8,8,5050,True,False,success,162,162,7.909699,21,168,162,20,154.31072882243566,155.33489920198917,20.003242625130547,10.638890351042335,11.780513916164637,266.6929445806004,278.84514443576336,34.571307630818566,28.925721025043053,6.278037071228027,6.953125,0,0,0,0,0,0,0,0,,,,,/root/autodl-tmp/openvla_efficiency_project/scripts/Simulation/DF-06-02 LoRA+OFT INT4/output/videos/task_05_trial_008.mp4,2026-07-29T01:47:24.556261+00:00,2026-07-29T01:47:32.466879+00:00
task_05_trial_009,df_06_02_lora_oft_nf4_libero10_seed42_best_step100000,DF-04-03 LoRA+OFT 4-bit NF4 Language Model,bitsandbytes,bnb_4bit_nf4,True,5,STUDY_SCENE1_pick_up_the_book_and_place_it_in_the_back_compartment_of_the_caddy,pick up the book and place it in the back compartment of the caddy,9,9,5051,True,False,success,156,156,7.719874,20,160,156,19,154.67240186408162,155.589447170496,19.829795110779695,10.450651749777489,11.520779691636562,266.998060233891,275.81706224009395,34.23052054280654,29.21369538477987,6.278037071228027,6.953125,0,0,0,0,0,0,0,0,,,,,/root/autodl-tmp/openvla_efficiency_project/scripts/Simulation/DF-06-02 LoRA+OFT INT4/output/videos/task_05_trial_009.mp4,2026-07-29T01:47:32.469185+00:00,2026-07-29T01:47:40.189810+00:00
task_05_trial_010,df_06_02_lora_oft_nf4_libero10_seed42_best_step100000,DF-04-03 LoRA+OFT 4-bit NF4 Language Model,bitsandbytes,bnb_4bit_nf4,True,5,STUDY_SCENE1_pick_up_the_book_and_place_it_in_the_back_compartment_of_the_caddy,pick up the book and place it in the back compartment of the caddy,10,10,5052,True,False,success,158,158,7.621594,20,160,158,19,154.80535458773375,155.78463850542903,19.595614504776425,10.42173350159126,11.30900802090764,267.88437478244305,273.8825557753444,33.909414529423174,29.490335173209814,6.278037071228027,6.953125,0,0,0,0,0,0,0,0,,,,,/root/autodl-tmp/openvla_efficiency_project/scripts/Simulation/DF-06-02 LoRA+OFT INT4/output/videos/task_05_trial_010.mp4,2026-07-29T01:47:40.194045+00:00,2026-07-29T01:47:47.816412+00:00
task_05_trial_011,df_06_02_lora_oft_nf4_libero10_seed42_best_step100000,DF-04-03 LoRA+OFT 4-bit NF4 Language Model,bitsandbytes,bnb_4bit_nf4,True,5,STUDY_SCENE1_pick_up_the_book_and_place_it_in_the_back_compartment_of_the_caddy,pick up the book and place it in the back compartment of the caddy,11,11,5053,True,False,success,171,171,8.113567,22,176,171,21,154.88012668422678,156.89812693744898,19.92609816990052,10.51186356279585,11.860186234116554,267.6003110510382,280.37676410749555,34.42811019370082,29.04603227925552,6.278037071228027,6.953125,0,0,0,0,0,0,0,0,,,,,/root/autodl-tmp/openvla_efficiency_project/scripts/Simulation/DF-06-02 LoRA+OFT INT4/output/videos/task_05_trial_011.mp4,2026-07-29T01:47:47.839832+00:00,2026-07-29T01:47:55.954135+00:00
task_05_trial_012,df_06_02_lora_oft_nf4_libero10_seed42_best_step100000,DF-04-03 LoRA+OFT 4-bit NF4 Language Model,bitsandbytes,bnb_4bit_nf4,True,5,STUDY_SCENE1_pick_up_the_book_and_place_it_in_the_back_compartment_of_the_caddy,pick up the book and place it in the back compartment of the caddy,12,12,5054,True,False,success,154,154,7.501934,20,160,154,19,154.7607647255063,156.08512619510293,20.098800613702117,10.292703793807464,11.017438117414713,264.33214265853167,273.8148180767894,34.328849695913206,29.13001772148073,6.278037071228027,6.953125,0,0,0,0,0,0,0,0,,,,,/root/autodl-tmp/openvla_efficiency_project/scripts/Simulation/DF-06-02 LoRA+OFT INT4/output/videos/task_05_trial_012.mp4,2026-07-29T01:47:55.956531+00:00,2026-07-29T01:48:03.459279+00:00
task_05_trial_013,df_06_02_lora_oft_nf4_libero10_seed42_best_step100000,DF-04-03 LoRA+OFT 4-bit NF4 Language Model,bitsandbytes,bnb_4bit_nf4,True,5,STUDY_SCENE1_pick_up_the_book_and_place_it_in_the_back_compartment_of_the_caddy,pick up the book and place it in the back compartment of the caddy,13,13,5055,True,False,success,163,163,7.861634,21,168,163,20,154.9245292941729,156.40147775411606,19.9596019336051,10.280410616310096,11.477713100612164,265.55843207807766,276.4373794198036,34.21304953153148,29.228613458685658,6.278037071228027,6.953125,0,0,0,0,0,0,0,0,,,,,/root/autodl-tmp/openvla_efficiency_project/scripts/Simulation/DF-06-02 LoRA+OFT INT4/output/videos/task_05_trial_013.mp4,2026-07-29T01:48:03.461315+00:00,2026-07-29T01:48:11.323707+00:00
task_05_trial_014,df_06_02_lora_oft_nf4_libero10_seed42_best_step100000,DF-04-03 LoRA+OFT 4-bit NF4 Language Model,bitsandbytes,bnb_4bit_nf4,True,5,STUDY_SCENE1_pick_up_the_book_and_place_it_in_the_back_compartment_of_the_caddy,pick up the book and place it in the back compartment of the caddy,14,14,5056,False,True,timeout,520,,20.001014,65,520,520,64,154.70564133272723,156.03660456836224,19.338205166590903,10.885788779705763,11.999965365976093,272.49376985889216,280.36729879677296,34.06172123236152,29.35846938497974,6.278037071228027,6.953125,0,0,0,0,0,0,0,0,timeout,"collapse_diagnostics={""zero_equivalent_arm_action_count"":0,""zero_equivalent_full_noop_count"":0,""repeated_action_count"":0,""repeated_chunk_count"":0,""max_consecutive_zero_equivalent_actions"":0,""max_consecutive_repeated_chunks"":0}",,,/root/autodl-tmp/openvla_efficiency_project/scripts/Simulation/DF-06-02 LoRA+OFT INT4/output/videos/task_05_trial_014.mp4,2026-07-29T01:48:11.325917+00:00,2026-07-29T01:48:31.327878+00:00
task_05_trial_015,df_06_02_lora_oft_nf4_libero10_seed42_best_step100000,DF-04-03 LoRA+OFT 4-bit NF4 Language Model,bitsandbytes,bnb_4bit_nf4,True,5,STUDY_SCENE1_pick_up_the_book_and_place_it_in_the_back_compartment_of_the_caddy,pick up the book and place it in the back compartment of the caddy,15,15,5057,True,False,success,154,154,7.674176,20,160,154,19,154.72814263775945,155.86870685219765,20.0945639789298,10.414458267003685,11.432090122252703,265.22576743736863,276.2130127288401,34.44490486199592,29.03186999663713,6.278037071228027,6.953125,0,0,0,0,0,0,0,0,,,,,/root/autodl-tmp/openvla_efficiency_project/scripts/Simulation/DF-06-02 LoRA+OFT INT4/output/videos/task_05_trial_015.mp4,2026-07-29T01:48:31.330668+00:00,2026-07-29T01:48:39.005554+00:00
task_05_trial_016,df_06_02_lora_oft_nf4_libero10_seed42_best_step100000,DF-04-03 LoRA+OFT 4-bit NF4 Language Model,bitsandbytes,bnb_4bit_nf4,True,5,STUDY_SCENE1_pick_up_the_book_and_place_it_in_the_back_compartment_of_the_caddy,pick up the book and place it in the back compartment of the caddy,16,16,5058,True,False,success,154,154,7.54885,20,160,154,19,155.06358603015542,157.35271275043488,20.13812805586434,10.328937539613092,12.166429776698351,265.23749185726047,278.70745472609997,34.44642751392993,29.030586686982442,6.278037071228027,6.953125,0,0,0,0,0,0,0,0,,,,,/root/autodl-tmp/openvla_efficiency_project/scripts/Simulation/DF-06-02 LoRA+OFT INT4/output/videos/task_05_trial_016.mp4,2026-07-29T01:48:39.039436+00:00,2026-07-29T01:48:46.589136+00:00
task_05_trial_017,df_06_02_lora_oft_nf4_libero10_seed42_best_step100000,DF-04-03 LoRA+OFT 4-bit NF4 Language Model,bitsandbytes,bnb_4bit_nf4,True,5,STUDY_SCENE1_pick_up_the_book_and_place_it_in_the_back_compartment_of_the_caddy,pick up the book and place it in the back compartment of the caddy,17,17,5059,True,False,success,169,169,8.109533,22,176,169,21,154.6844220296903,155.59136839583516,20.136433637001105,10.367703221782424,11.22022494673729,264.58565255796367,276.1870942078531,34.443102699853256,29.03338902752975,6.278037071228027,6.953125,0,0,0,0,0,0,0,0,,,,,/root/autodl-tmp/openvla_efficiency_project/scripts/Simulation/DF-06-02 LoRA+OFT INT4/output/videos/task_05_trial_017.mp4,2026-07-29T01:48:46.615736+00:00,2026-07-29T01:48:54.726065+00:00
task_05_trial_018,df_06_02_lora_oft_nf4_libero10_seed42_best_step100000,DF-04-03 LoRA+OFT 4-bit NF4 Language Model,bitsandbytes,bnb_4bit_nf4,True,5,STUDY_SCENE1_pick_up_the_book_and_place_it_in_the_back_compartment_of_the_caddy,pick up the book and place it in the back compartment of the caddy,18,18,5060,True,False,success,188,188,8.725987,24,192,188,23,154.8442104831338,156.22390313073993,19.767346019123462,10.720694982545806,11.813108529895544,269.67886136844754,277.99195451661944,34.42708868533373,29.046894122825137,6.278037071228027,6.953125,0,0,0,0,0,0,0,0,,,,,/root/autodl-tmp/openvla_efficiency_project/scripts/Simulation/DF-06-02 LoRA+OFT INT4/output/videos/task_05_trial_018.mp4,2026-07-29T01:48:54.728131+00:00,2026-07-29T01:49:03.454908+00:00
task_05_trial_019,df_06_02_lora_oft_nf4_libero10_seed42_best_step100000,DF-04-03 LoRA+OFT 4-bit NF4 Language Model,bitsandbytes,bnb_4bit_nf4,True,5,STUDY_SCENE1_pick_up_the_book_and_place_it_in_the_back_compartment_of_the_caddy,pick up the book and place it in the back compartment of the caddy,19,19,5061,True,False,success,210,210,9.520091,27,216,210,26,154.7708875603146,155.94507921487093,19.899114114897593,10.495097722326006,12.638316210359333,266.86348186598883,283.18125773221254,34.311019097055706,29.145155880427108,6.278037071228027,6.953125,0,0,0,0,0,0,0,0,,,,,/root/autodl-tmp/openvla_efficiency_project/scripts/Simulation/DF-06-02 LoRA+OFT INT4/output/videos/task_05_trial_019.mp4,2026-07-29T01:49:03.457400+00:00,2026-07-29T01:49:12.978380+00:00
task_05_trial_020,df_06_02_lora_oft_nf4_libero10_seed42_best_step100000,DF-04-03 LoRA+OFT 4-bit NF4 Language Model,bitsandbytes,bnb_4bit_nf4,True,5,STUDY_SCENE1_pick_up_the_book_and_place_it_in_the_back_compartment_of_the_caddy,pick up the book and place it in the back compartment of the caddy,20,20,5062,True,False,success,188,188,8.612145,24,192,188,23,154.7981930586199,156.89153466373682,19.7614714542919,10.01553126472108,10.685251094400883,264.0461551491171,270.50529681146145,33.70801980627027,29.666530568905827,6.278037071228027,6.953125,0,0,0,0,0,0,0,0,,,,,/root/autodl-tmp/openvla_efficiency_project/scripts/Simulation/DF-06-02 LoRA+OFT INT4/output/videos/task_05_trial_020.mp4,2026-07-29T01:49:12.980305+00:00,2026-07-29T01:49:21.593196+00:00
task_05_trial_021,df_06_02_lora_oft_nf4_libero10_seed42_best_step100000,DF-04-03 LoRA+OFT 4-bit NF4 Language Model,bitsandbytes,bnb_4bit_nf4,True,5,STUDY_SCENE1_pick_up_the_book_and_place_it_in_the_back_compartment_of_the_caddy,pick up the book and place it in the back compartment of the caddy,21,21,5063,True,False,success,165,165,7.879558,21,168,165,20,155.04366585186548,156.78437985479832,19.732830199328337,10.250922258604657,11.104943975806236,266.28373989037107,273.33156391978264,33.89065780422904,29.506656547552023,6.278037071228027,6.953125,0,0,0,0,0,0,0,0,,,,,/root/autodl-tmp/openvla_efficiency_project/scripts/Simulation/DF-06-02 LoRA+OFT INT4/output/videos/task_05_trial_021.mp4,2026-07-29T01:49:21.595568+00:00,2026-07-29T01:49:29.475860+00:00
task_05_trial_022,df_06_02_lora_oft_nf4_libero10_seed42_best_step100000,DF-04-03 LoRA+OFT 4-bit NF4 Language Model,bitsandbytes,bnb_4bit_nf4,True,5,STUDY_SCENE1_pick_up_the_book_and_place_it_in_the_back_compartment_of_the_caddy,pick up the book and place it in the back compartment of the caddy,22,22,5064,True,False,success,178,178,8.470835,23,184,178,22,156.4446190453094,160.07964611053467,20.214754146304024,10.733206159947963,12.887557037174703,270.9404443917067,293.1233134120703,35.00915854499581,28.563954164015158,6.278037071228027,6.953125,0,0,0,0,0,0,0,0,,,,,/root/autodl-tmp/openvla_efficiency_project/scripts/Simulation/DF-06-02 LoRA+OFT INT4/output/videos/task_05_trial_022.mp4,2026-07-29T01:49:29.478622+00:00,2026-07-29T01:49:37.950358+00:00
task_05_trial_023,df_06_02_lora_oft_nf4_libero10_seed42_best_step100000,DF-04-03 LoRA+OFT 4-bit NF4 Language Model,bitsandbytes,bnb_4bit_nf4,True,5,STUDY_SCENE1_pick_up_the_book_and_place_it_in_the_back_compartment_of_the_caddy,pick up the book and place it in the back compartment of the caddy,23,23,5065,True,False,success,185,185,8.715521,24,192,185,23,154.69561742308238,155.92116750776768,20.068620638670147,10.577087547328022,12.156098335981367,266.77905139513314,281.8914812989533,34.6091742350443,28.894072803026532,6.278037071228027,6.953125,0,0,0,0,0,0,0,0,,,,,/root/autodl-tmp/openvla_efficiency_project/scripts/Simulation/DF-06-02 LoRA+OFT INT4/output/videos/task_05_trial_023.mp4,2026-07-29T01:49:38.011898+00:00,2026-07-29T01:49:46.728235+00:00
task_05_trial_024,df_06_02_lora_oft_nf4_libero10_seed42_best_step100000,DF-04-03 LoRA+OFT 4-bit NF4 Language Model,bitsandbytes,bnb_4bit_nf4,True,5,STUDY_SCENE1_pick_up_the_book_and_place_it_in_the_back_compartment_of_the_caddy,pick up the book and place it in the back compartment of the caddy,24,24,5066,True,False,success,169,169,8.105388,22,176,169,21,154.81530832634732,155.79881453886628,20.153472089820358,10.464190808538149,11.744043231010437,265.4615535654805,276.75313744693995,34.55712531621639,28.937592199856294,6.278037071228027,6.953125,0,0,0,0,0,0,0,0,,,,,/root/autodl-tmp/openvla_efficiency_project/scripts/Simulation/DF-06-02 LoRA+OFT INT4/output/videos/task_05_trial_024.mp4,2026-07-29T01:49:46.730704+00:00,2026-07-29T01:49:54.836885+00:00
task_05_trial_025,df_06_02_lora_oft_nf4_libero10_seed42_best_step100000,DF-04-03 LoRA+OFT 4-bit NF4 Language Model,bitsandbytes,bnb_4bit_nf4,True,5,STUDY_SCENE1_pick_up_the_book_and_place_it_in_the_back_compartment_of_the_caddy,pick up the book and place it in the back compartment of the caddy,25,25,5067,True,False,success,163,163,7.856028,21,168,163,20,154.94735902618794,155.62553331255913,19.962543187422988,10.240657883553418,11.068380437791348,265.0087768478053,271.57797664403915,34.14223505401173,29.289236583897857,6.278037071228027,6.953125,0,0,0,0,0,0,0,0,,,,,/root/autodl-tmp/openvla_efficiency_project/scripts/Simulation/DF-06-02 LoRA+OFT INT4/output/videos/task_05_trial_025.mp4,2026-07-29T01:49:54.839030+00:00,2026-07-29T01:50:02.695898+00:00
task_05_trial_026,df_06_02_lora_oft_nf4_libero10_seed42_best_step100000,DF-04-03 LoRA+OFT 4-bit NF4 Language Model,bitsandbytes,bnb_4bit_nf4,True,5,STUDY_SCENE1_pick_up_the_book_and_place_it_in_the_back_compartment_of_the_caddy,pick up the book and place it in the back compartment of the caddy,26,26,5068,True,False,success,163,163,7.963494,21,168,163,20,154.72341053897426,155.83807975053787,19.93369092833411,10.583208542477134,12.700468674302101,267.3804390998114,277.6441015303135,34.44778663249104,29.02944130107922,6.278037071228027,6.953125,0,0,0,0,0,0,0,0,,,,,/root/autodl-tmp/openvla_efficiency_project/scripts/Simulation/DF-06-02 LoRA+OFT INT4/output/videos/task_05_trial_026.mp4,2026-07-29T01:50:02.699137+00:00,2026-07-29T01:50:10.663381+00:00
task_05_trial_027,df_06_02_lora_oft_nf4_libero10_seed42_best_step100000,DF-04-03 LoRA+OFT 4-bit NF4 Language Model,bitsandbytes,bnb_4bit_nf4,True,5,STUDY_SCENE1_pick_up_the_book_and_place_it_in_the_back_compartment_of_the_caddy,pick up the book and place it in the back compartment of the caddy,27,27,5069,True,False,success,237,237,10.246029,30,240,237,29,154.93386965245008,156.69517517089844,19.611882234487354,10.242203305542217,11.75347901880741,266.3030128305157,273.53429896757007,33.70924213044503,29.66545483669698,6.278037071228027,6.953125,0,0,0,0,0,0,0,0,,,,,/root/autodl-tmp/openvla_efficiency_project/scripts/Simulation/DF-06-02 LoRA+OFT INT4/output/videos/task_05_trial_027.mp4,2026-07-29T01:50:10.666426+00:00,2026-07-29T01:50:20.913238+00:00
task_05_trial_028,df_06_02_lora_oft_nf4_libero10_seed42_best_step100000,DF-04-03 LoRA+OFT 4-bit NF4 Language Model,bitsandbytes,bnb_4bit_nf4,True,5,STUDY_SCENE1_pick_up_the_book_and_place_it_in_the_back_compartment_of_the_caddy,pick up the book and place it in the back compartment of the caddy,28,28,5070,True,False,success,402,402,16.179574,51,408,402,50,154.29483591487596,155.48857674002647,19.57471798920068,11.264809444361362,13.27468678355217,273.73663412735743,287.1679002419114,34.72778194153042,28.795389284684358,6.278037071228027,6.953125,0,0,0,0,0,0,0,0,,,,,/root/autodl-tmp/openvla_efficiency_project/scripts/Simulation/DF-06-02 LoRA+OFT INT4/output/videos/task_05_trial_028.mp4,2026-07-29T01:50:20.915479+00:00,2026-07-29T01:50:37.095981+00:00
task_05_trial_029,df_06_02_lora_oft_nf4_libero10_seed42_best_step100000,DF-04-03 LoRA+OFT 4-bit NF4 Language Model,bitsandbytes,bnb_4bit_nf4,True,5,STUDY_SCENE1_pick_up_the_book_and_place_it_in_the_back_compartment_of_the_caddy,pick up the book and place it in the back compartment of the caddy,29,29,5071,True,False,success,163,163,7.956235,21,168,163,20,154.64496009406588,155.59514425694942,19.9235838157999,10.226102888675555,12.176469154655933,264.54520935104006,272.5508715957403,34.08251163418308,29.340560658594462,6.278037071228027,6.953125,0,0,0,0,0,0,0,0,,,,,/root/autodl-tmp/openvla_efficiency_project/scripts/Simulation/DF-06-02 LoRA+OFT INT4/output/videos/task_05_trial_029.mp4,2026-07-29T01:50:37.098202+00:00,2026-07-29T01:50:45.055223+00:00
task_05_trial_030,df_06_02_lora_oft_nf4_libero10_seed42_best_step100000,DF-04-03 LoRA+OFT 4-bit NF4 Language Model,bitsandbytes,bnb_4bit_nf4,True,5,STUDY_SCENE1_pick_up_the_book_and_place_it_in_the_back_compartment_of_the_caddy,pick up the book and place it in the back compartment of the caddy,30,30,5072,True,False,success,167,167,7.859274,21,168,167,20,154.3973202684096,155.70798330008984,19.41523189003953,10.064187242153162,10.87143737822771,265.18371009400914,269.7021309286356,33.346454562719714,29.988195540222996,6.278037071228027,6.953125,0,0,0,0,0,0,0,0,,,,,/root/autodl-tmp/openvla_efficiency_project/scripts/Simulation/DF-06-02 LoRA+OFT INT4/output/videos/task_05_trial_030.mp4,2026-07-29T01:50:45.057118+00:00,2026-07-29T01:50:52.917128+00:00
task_05_trial_031,df_06_02_lora_oft_nf4_libero10_seed42_best_step100000,DF-04-03 LoRA+OFT 4-bit NF4 Language Model,bitsandbytes,bnb_4bit_nf4,True,5,STUDY_SCENE1_pick_up_the_book_and_place_it_in_the_back_compartment_of_the_caddy,pick up the book and place it in the back compartment of the caddy,31,31,5073,True,False,success,187,187,8.630463,24,192,187,23,154.52967467717826,156.1490312218666,19.83268552006566,10.481963501894537,11.427228339016438,266.8982073664665,275.2567174844444,34.254315383931534,29.193402022248364,6.278037071228027,6.953125,0,0,0,0,0,0,0,0,,,,,/root/autodl-tmp/openvla_efficiency_project/scripts/Simulation/DF-06-02 LoRA+OFT INT4/output/videos/task_05_trial_031.mp4,2026-07-29T01:50:52.919272+00:00,2026-07-29T01:51:01.550518+00:00
task_05_trial_032,df_06_02_lora_oft_nf4_libero10_seed42_best_step100000,DF-04-03 LoRA+OFT 4-bit NF4 Language Model,bitsandbytes,bnb_4bit_nf4,True,5,STUDY_SCENE1_pick_up_the_book_and_place_it_in_the_back_compartment_of_the_caddy,pick up the book and place it in the back compartment of the caddy,32,32,5074,True,False,success,181,181,8.296171,23,184,181,22,154.4025132999472,155.59219531714916,19.62020887236898,10.098786582110337,11.007286608219147,264.46103523282903,271.06912452727556,33.60554591356391,29.756993163333167,6.278037071228027,6.953125,0,0,0,0,0,0,0,0,,,,,/root/autodl-tmp/openvla_efficiency_project/scripts/Simulation/DF-06-02 LoRA+OFT INT4/output/videos/task_05_trial_032.mp4,2026-07-29T01:51:01.552923+00:00,2026-07-29T01:51:09.849990+00:00
task_05_trial_033,df_06_02_lora_oft_nf4_libero10_seed42_best_step100000,DF-04-03 LoRA+OFT 4-bit NF4 Language Model,bitsandbytes,bnb_4bit_nf4,True,5,STUDY_SCENE1_pick_up_the_book_and_place_it_in_the_back_compartment_of_the_caddy,pick up the book and place it in the back compartment of the caddy,33,33,5075,True,False,success,166,166,7.861491,21,168,166,20,154.5200841944842,156.06321953237057,19.547721494482943,10.195776550884707,11.058468371629715,265.72673084835213,272.052938118577,33.61603221575539,29.747710663226734,6.278037071228027,6.953125,0,0,0,0,0,0,0,0,,,,,/root/autodl-tmp/openvla_efficiency_project/scripts/Simulation/DF-06-02 LoRA+OFT INT4/output/videos/task_05_trial_033.mp4,2026-07-29T01:51:09.852138+00:00,2026-07-29T01:51:17.714442+00:00
task_05_trial_034,df_06_02_lora_oft_nf4_libero10_seed42_best_step100000,DF-04-03 LoRA+OFT 4-bit NF4 Language Model,bitsandbytes,bnb_4bit_nf4,True,5,STUDY_SCENE1_pick_up_the_book_and_place_it_in_the_back_compartment_of_the_caddy,pick up the book and place it in the back compartment of the caddy,34,34,5076,True,False,success,176,176,8.097896,22,176,176,21,153.5574362867258,154.78464514017105,19.194679535840724,10.219698126258498,11.062274221330881,266.4630871096795,272.12907364591956,33.30788588870994,30.022920197975115,6.278037071228027,6.953125,0,0,0,0,0,0,0,0,,,,,/root/autodl-tmp/openvla_efficiency_project/scripts/Simulation/DF-06-02 LoRA+OFT INT4/output/videos/task_05_trial_034.mp4,2026-07-29T01:51:17.716748+00:00,2026-07-29T01:51:25.815503+00:00
task_05_trial_035,df_06_02_lora_oft_nf4_libero10_seed42_best_step100000,DF-04-03 LoRA+OFT 4-bit NF4 Language Model,bitsandbytes,bnb_4bit_nf4,True,5,STUDY_SCENE1_pick_up_the_book_and_place_it_in_the_back_compartment_of_the_caddy,pick up the book and place it in the back compartment of the caddy,35,35,5077,True,False,success,172,172,8.117321,22,176,172,21,154.30347333577546,155.70630952715874,19.736490775506162,10.05263602750939,11.013424210250378,263.15337639640677,269.2995110526681,33.65915279488924,29.709601013838906,6.278037071228027,6.953125,0,0,0,0,0,0,0,0,,,,,/root/autodl-tmp/openvla_efficiency_project/scripts/Simulation/DF-06-02 LoRA+OFT INT4/output/videos/task_05_trial_035.mp4,2026-07-29T01:51:25.819596+00:00,2026-07-29T01:51:33.937651+00:00
task_05_trial_036,df_06_02_lora_oft_nf4_libero10_seed42_best_step100000,DF-04-03 LoRA+OFT 4-bit NF4 Language Model,bitsandbytes,bnb_4bit_nf4,True,5,STUDY_SCENE1_pick_up_the_book_and_place_it_in_the_back_compartment_of_the_caddy,pick up the book and place it in the back compartment of the caddy,36,36,5078,True,False,success,218,218,9.674741,28,224,218,27,154.1248877266688,155.9362712316215,19.795857139205168,10.422777956983913,12.133957818150519,265.5908593109676,278.6723406985402,34.1125874344362,29.31469217695616,6.278037071228027,6.953125,0,0,0,0,0,0,0,0,,,,,/root/autodl-tmp/openvla_efficiency_project/scripts/Simulation/DF-06-02 LoRA+OFT INT4/output/videos/task_05_trial_036.mp4,2026-07-29T01:51:33.939593+00:00,2026-07-29T01:51:43.615083+00:00
task_05_trial_037,df_06_02_lora_oft_nf4_libero10_seed42_best_step100000,DF-04-03 LoRA+OFT 4-bit NF4 Language Model,bitsandbytes,bnb_4bit_nf4,True,5,STUDY_SCENE1_pick_up_the_book_and_place_it_in_the_back_compartment_of_the_caddy,pick up the book and place it in the back compartment of the caddy,37,37,5079,True,False,success,173,173,8.078025,22,176,173,21,153.94891976294193,155.53244780749083,19.57731927621227,10.208677511253109,11.63908839225769,264.6806649017063,275.1137235201895,33.65881287767363,29.709901048331805,6.278037071228027,6.953125,0,0,0,0,0,0,0,0,,,,,/root/autodl-tmp/openvla_efficiency_project/scripts/Simulation/DF-06-02 LoRA+OFT INT4/output/videos/task_05_trial_037.mp4,2026-07-29T01:51:43.617653+00:00,2026-07-29T01:51:51.696511+00:00
task_05_trial_038,df_06_02_lora_oft_nf4_libero10_seed42_best_step100000,DF-04-03 LoRA+OFT 4-bit NF4 Language Model,bitsandbytes,bnb_4bit_nf4,True,5,STUDY_SCENE1_pick_up_the_book_and_place_it_in_the_back_compartment_of_the_caddy,pick up the book and place it in the back compartment of the caddy,38,38,5080,True,False,success,150,150,7.259708,19,152,150,18,154.41983575491528,155.7483145967126,19.55984586228927,10.079311554630598,10.991821438074112,264.6840294136813,270.8713795989752,33.52664372573296,29.827023789812348,6.278037071228027,6.953125,0,0,0,0,0,0,0,0,,,,,/root/autodl-tmp/openvla_efficiency_project/scripts/Simulation/DF-06-02 LoRA+OFT INT4/output/videos/task_05_trial_038.mp4,2026-07-29T01:51:51.698498+00:00,2026-07-29T01:51:58.958981+00:00
task_05_trial_039,df_06_02_lora_oft_nf4_libero10_seed42_best_step100000,DF-04-03 LoRA+OFT 4-bit NF4 Language Model,bitsandbytes,bnb_4bit_nf4,True,5,STUDY_SCENE1_pick_up_the_book_and_place_it_in_the_back_compartment_of_the_caddy,pick up the book and place it in the back compartment of the caddy,39,39,5081,True,False,success,235,235,10.276066,30,240,235,29,154.0963259836038,155.06125641986728,19.671871402162186,10.51421196378292,12.155016511678696,267.09749959409237,277.2126189433038,34.09755313967137,29.327617612436047,6.278037071228027,6.953125,0,0,0,0,0,0,0,0,,,,,/root/autodl-tmp/openvla_efficiency_project/scripts/Simulation/DF-06-02 LoRA+OFT INT4/output/videos/task_05_trial_039.mp4,2026-07-29T01:51:58.961044+00:00,2026-07-29T01:52:09.237968+00:00
task_05_trial_040,df_06_02_lora_oft_nf4_libero10_seed42_best_step100000,DF-04-03 LoRA+OFT 4-bit NF4 Language Model,bitsandbytes,bnb_4bit_nf4,True,5,STUDY_SCENE1_pick_up_the_book_and_place_it_in_the_back_compartment_of_the_caddy,pick up the book and place it in the back compartment of the caddy,40,40,5082,True,False,success,181,181,8.635148,23,184,181,22,154.62112864074498,156.79339170455933,19.647988722304614,10.496431303040758,11.744778603315353,268.12693290412426,275.735080242157,34.071378214336235,29.350148200909274,6.278037071228027,6.953125,0,0,0,0,0,0,0,0,,,,,/root/autodl-tmp/openvla_efficiency_project/scripts/Simulation/DF-06-02 LoRA+OFT INT4/output/videos/task_05_trial_040.mp4,2026-07-29T01:52:09.352891+00:00,2026-07-29T01:52:17.988834+00:00
task_05_trial_041,df_06_02_lora_oft_nf4_libero10_seed42_best_step100000,DF-04-03 LoRA+OFT 4-bit NF4 Language Model,bitsandbytes,bnb_4bit_nf4,True,5,STUDY_SCENE1_pick_up_the_book_and_place_it_in_the_back_compartment_of_the_caddy,pick up the book and place it in the back compartment of the caddy,41,41,5083,True,False,success,178,178,8.315371,23,184,178,22,153.8647187306829,155.3958797827363,19.8813962404815,10.115185156046005,10.93221427872777,262.93407655928445,271.0052400827408,33.9746278700199,29.433729306051536,6.278037071228027,6.953125,0,0,0,0,0,0,0,0,,,,,/root/autodl-tmp/openvla_efficiency_project/scripts/Simulation/DF-06-02 LoRA+OFT INT4/output/videos/task_05_trial_041.mp4,2026-07-29T01:52:18.051457+00:00,2026-07-29T01:52:26.367640+00:00
task_05_trial_042,df_06_02_lora_oft_nf4_libero10_seed42_best_step100000,DF-04-03 LoRA+OFT 4-bit NF4 Language Model,bitsandbytes,bnb_4bit_nf4,True,5,STUDY_SCENE1_pick_up_the_book_and_place_it_in_the_back_compartment_of_the_caddy,pick up the book and place it in the back compartment of the caddy,42,42,5084,True,False,success,174,174,8.191318,22,176,174,21,154.50257901102304,155.9745660983026,19.534808840474177,10.497671776804431,12.523311749100685,268.1540882384235,281.62207463756204,33.904539892214466,29.494575156574562,6.278037071228027,6.953125,0,0,0,0,0,0,0,0,,,,,/root/autodl-tmp/openvla_efficiency_project/scripts/Simulation/DF-06-02 LoRA+OFT INT4/output/videos/task_05_trial_042.mp4,2026-07-29T01:52:26.369642+00:00,2026-07-29T01:52:34.561794+00:00
task_05_trial_043,df_06_02_lora_oft_nf4_libero10_seed42_best_step100000,DF-04-03 LoRA+OFT 4-bit NF4 Language Model,bitsandbytes,bnb_4bit_nf4,True,5,STUDY_SCENE1_pick_up_the_book_and_place_it_in_the_back_compartment_of_the_caddy,pick up the book and place it in the back compartment of the caddy,43,43,5085,True,False,success,172,172,8.0983,22,176,172,21,153.458032164384,157.0312582887709,19.62835295125842,10.141285363758026,11.454418301582336,262.9409196193923,275.21891575306654,33.6319780908525,29.73360642953048,6.278037071228027,6.953125,0,0,0,0,0,0,0,0,,,,,/root/autodl-tmp/openvla_efficiency_project/scripts/Simulation/DF-06-02 LoRA+OFT INT4/output/videos/task_05_trial_043.mp4,2026-07-29T01:52:34.563928+00:00,2026-07-29T01:52:42.662954+00:00
task_05_trial_044,df_06_02_lora_oft_nf4_libero10_seed42_best_step100000,DF-04-03 LoRA+OFT 4-bit NF4 Language Model,bitsandbytes,bnb_4bit_nf4,True,5,STUDY_SCENE1_pick_up_the_book_and_place_it_in_the_back_compartment_of_the_caddy,pick up the book and place it in the back compartment of the caddy,44,44,5086,False,True,timeout,520,,20.311168,65,520,520,64,154.95646865322038,156.4597737044096,19.369558581652548,11.494857359390993,13.337214943021536,278.18052275822714,288.3446369320154,34.77256534477839,28.758303854914306,6.278037071228027,6.953125,0,0,0,0,0,0,0,0,timeout,"collapse_diagnostics={""zero_equivalent_arm_action_count"":0,""zero_equivalent_full_noop_count"":0,""repeated_action_count"":0,""repeated_chunk_count"":0,""max_consecutive_zero_equivalent_actions"":0,""max_consecutive_repeated_chunks"":0}",,,/root/autodl-tmp/openvla_efficiency_project/scripts/Simulation/DF-06-02 LoRA+OFT INT4/output/videos/task_05_trial_044.mp4,2026-07-29T01:52:42.666263+00:00,2026-07-29T01:53:02.978337+00:00
task_05_trial_045,df_06_02_lora_oft_nf4_libero10_seed42_best_step100000,DF-04-03 LoRA+OFT 4-bit NF4 Language Model,bitsandbytes,bnb_4bit_nf4,True,5,STUDY_SCENE1_pick_up_the_book_and_place_it_in_the_back_compartment_of_the_caddy,pick up the book and place it in the back compartment of the caddy,45,45,5087,True,False,success,169,169,8.141302,22,176,169,21,154.57942692393607,155.87635580450296,20.1227656350686,10.167689211446152,10.98436787724495,264.0169525349682,271.09393337741494,34.369070744197046,29.09592777304991,6.278037071228027,6.953125,0,0,0,0,0,0,0,0,,,,,/root/autodl-tmp/openvla_efficiency_project/scripts/Simulation/DF-06-02 LoRA+OFT INT4/output/videos/task_05_trial_045.mp4,2026-07-29T01:53:03.000117+00:00,2026-07-29T01:53:11.142203+00:00
task_05_trial_046,df_06_02_lora_oft_nf4_libero10_seed42_best_step100000,DF-04-03 LoRA+OFT 4-bit NF4 Language Model,bitsandbytes,bnb_4bit_nf4,True,5,STUDY_SCENE1_pick_up_the_book_and_place_it_in_the_back_compartment_of_the_caddy,pick up the book and place it in the back compartment of the caddy,46,46,5088,True,False,success,274,274,11.726366,35,280,274,34,154.75409573742323,155.6126108393073,19.76785894456136,10.7690734095382,12.737028393894434,270.595616634403,283.9187802746892,34.56513351169381,28.930887816813662,6.278037071228027,6.953125,0,0,0,0,0,0,0,0,,,,,/root/autodl-tmp/openvla_efficiency_project/scripts/Simulation/DF-06-02 LoRA+OFT INT4/output/videos/task_05_trial_046.mp4,2026-07-29T01:53:11.143943+00:00,2026-07-29T01:53:22.871125+00:00
task_05_trial_047,df_06_02_lora_oft_nf4_libero10_seed42_best_step100000,DF-04-03 LoRA+OFT 4-bit NF4 Language Model,bitsandbytes,bnb_4bit_nf4,True,5,STUDY_SCENE1_pick_up_the_book_and_place_it_in_the_back_compartment_of_the_caddy,pick up the book and place it in the back compartment of the caddy,47,47,5089,True,False,success,152,152,7.433153,19,152,152,18,154.77832622433962,156.27007074654102,19.347290778042453,10.076341072195454,11.109355371445417,267.6815022959521,273.72185681015253,33.46018778699401,29.886263829896986,6.278037071228027,6.953125,0,0,0,0,0,0,0,0,,,,,/root/autodl-tmp/openvla_efficiency_project/scripts/Simulation/DF-06-02 LoRA+OFT INT4/output/videos/task_05_trial_047.mp4,2026-07-29T01:53:22.874006+00:00,2026-07-29T01:53:30.307988+00:00
task_05_trial_048,df_06_02_lora_oft_nf4_libero10_seed42_best_step100000,DF-04-03 LoRA+OFT 4-bit NF4 Language Model,bitsandbytes,bnb_4bit_nf4,True,5,STUDY_SCENE1_pick_up_the_book_and_place_it_in_the_back_compartment_of_the_caddy,pick up the book and place it in the back compartment of the caddy,48,48,5090,True,False,success,194,194,8.87913,25,200,194,24,154.55695256590843,155.8669626712799,19.917133062617065,10.061801180781163,11.369794886559248,263.5093838721514,272.1859622746706,33.957394828885484,29.448666631792406,6.278037071228027,6.953125,0,0,0,0,0,0,0,0,,,,,/root/autodl-tmp/openvla_efficiency_project/scripts/Simulation/DF-06-02 LoRA+OFT INT4/output/videos/task_05_trial_048.mp4,2026-07-29T01:53:30.310188+00:00,2026-07-29T01:53:39.190107+00:00
task_05_trial_049,df_06_02_lora_oft_nf4_libero10_seed42_best_step100000,DF-04-03 LoRA+OFT 4-bit NF4 Language Model,bitsandbytes,bnb_4bit_nf4,True,5,STUDY_SCENE1_pick_up_the_book_and_place_it_in_the_back_compartment_of_the_caddy,pick up the book and place it in the back compartment of the caddy,49,49,5091,True,False,success,195,195,8.85446,25,200,195,24,154.61086757481098,156.24809935688972,19.82190609933474,10.122931213715137,11.163637600839138,264.19507160782814,270.53471729159355,33.87116302664463,29.523639303833573,6.278037071228027,6.953125,0,0,0,0,0,0,0,0,,,,,/root/autodl-tmp/openvla_efficiency_project/scripts/Simulation/DF-06-02 LoRA+OFT INT4/output/videos/task_05_trial_049.mp4,2026-07-29T01:53:39.192482+00:00,2026-07-29T01:53:48.047757+00:00
task_06_trial_000,df_06_02_lora_oft_nf4_libero10_seed42_best_step100000,DF-04-03 LoRA+OFT 4-bit NF4 Language Model,bitsandbytes,bnb_4bit_nf4,True,6,LIVING_ROOM_SCENE6_put_the_white_mug_on_the_plate_and_put_the_chocolate_pudding_to_the_right_of_the_plate,put the white mug on the plate and put the chocolate pudding to the right of the plate,0,0,6042,True,False,success,208,208,10.387033,26,208,208,25,154.51890910760716,155.95746552571654,19.314863638450895,13.77934347300862,16.75113933160901,296.6354459953996,320.264364592731,37.07943074942495,26.969130318040513,6.287960529327393,6.953125,0,0,0,0,0,0,0,0,,,,,/root/autodl-tmp/openvla_efficiency_project/scripts/Simulation/DF-06-02 LoRA+OFT INT4/output/videos/task_06_trial_000.mp4,2026-07-29T01:53:50.683700+00:00,2026-07-29T01:54:01.071499+00:00
task_06_trial_001,df_06_02_lora_oft_nf4_libero10_seed42_best_step100000,DF-04-03 LoRA+OFT 4-bit NF4 Language Model,bitsandbytes,bnb_4bit_nf4,True,6,LIVING_ROOM_SCENE6_put_the_white_mug_on_the_plate_and_put_the_chocolate_pudding_to_the_right_of_the_plate,put the white mug on the plate and put the chocolate pudding to the right of the plate,1,1,6043,True,False,success,213,213,10.575435,27,216,213,26,154.69182089523034,155.7066297158599,19.60882236700103,13.462346536872532,16.993561014533043,292.21808896572503,315.7367430627346,37.04172958720458,26.996579564293146,6.287960529327393,6.953125,0,0,0,0,0,0,0,0,,,,,/root/autodl-tmp/openvla_efficiency_project/scripts/Simulation/DF-06-02 LoRA+OFT INT4/output/videos/task_06_trial_001.mp4,2026-07-29T01:54:01.073583+00:00,2026-07-29T01:54:11.649883+00:00
task_06_trial_002,df_06_02_lora_oft_nf4_libero10_seed42_best_step100000,DF-04-03 LoRA+OFT 4-bit NF4 Language Model,bitsandbytes,bnb_4bit_nf4,True,6,LIVING_ROOM_SCENE6_put_the_white_mug_on_the_plate_and_put_the_chocolate_pudding_to_the_right_of_the_plate,put the white mug on the plate and put the chocolate pudding to the right of the plate,2,2,6044,True,False,success,223,223,10.857528,28,224,223,27,154.48545777638043,155.87202161550522,19.397277209590367,13.332071743337563,16.60200301557779,291.8493383830147,318.0998517200351,36.644759976342655,27.289031246093195,6.287960529327393,6.953125,0,0,0,0,0,0,0,0,,,,,/root/autodl-tmp/openvla_efficiency_project/scripts/Simulation/DF-06-02 LoRA+OFT INT4/output/videos/task_06_trial_002.mp4,2026-07-29T01:54:11.652355+00:00,2026-07-29T01:54:22.510723+00:00
task_06_trial_003,df_06_02_lora_oft_nf4_libero10_seed42_best_step100000,DF-04-03 LoRA+OFT 4-bit NF4 Language Model,bitsandbytes,bnb_4bit_nf4,True,6,LIVING_ROOM_SCENE6_put_the_white_mug_on_the_plate_and_put_the_chocolate_pudding_to_the_right_of_the_plate,put the white mug on the plate and put the chocolate pudding to the right of the plate,3,3,6045,True,False,success,195,195,10.090883,25,200,195,24,154.53595876693726,155.8974675834179,19.812302406017597,13.786214723801,16.9345811009407,293.14505495131016,320.91909274458885,37.58269935273207,26.607987643849352,6.287960529327393,6.953125,0,0,0,0,0,0,0,0,,,,,/root/autodl-tmp/openvla_efficiency_project/scripts/Simulation/DF-06-02 LoRA+OFT INT4/output/videos/task_06_trial_003.mp4,2026-07-29T01:54:22.512746+00:00,2026-07-29T01:54:32.604421+00:00
task_06_trial_004,df_06_02_lora_oft_nf4_libero10_seed42_best_step100000,DF-04-03 LoRA+OFT 4-bit NF4 Language Model,bitsandbytes,bnb_4bit_nf4,True,6,LIVING_ROOM_SCENE6_put_the_white_mug_on_the_plate_and_put_the_chocolate_pudding_to_the_right_of_the_plate,put the white mug on the plate and put the chocolate pudding to the right of the plate,4,4,6046,True,False,success,228,228,11.049271,29,232,228,28,154.30706566006972,155.1163114607334,19.626775895359746,13.08630198534382,16.330880951136347,288.2066562386422,311.1300703138113,36.65786417070449,27.279276155951283,6.287960529327393,6.953125,0,0,0,0,0,0,0,0,,,,,/root/autodl-tmp/openvla_efficiency_project/scripts/Simulation/DF-06-02 LoRA+OFT INT4/output/videos/task_06_trial_004.mp4,2026-07-29T01:54:32.606832+00:00,2026-07-29T01:54:43.656836+00:00
task_06_trial_005,df_06_02_lora_oft_nf4_libero10_seed42_best_step100000,DF-04-03 LoRA+OFT 4-bit NF4 Language Model,bitsandbytes,bnb_4bit_nf4,True,6,LIVING_ROOM_SCENE6_put_the_white_mug_on_the_plate_and_put_the_chocolate_pudding_to_the_right_of_the_plate,put the white mug on the plate and put the chocolate pudding to the right of the plate,5,5,6047,True,False,success,239,239,11.778444,30,240,239,29,156.14188890904188,165.81173492595553,19.59940028146969,14.437526238450944,17.351246997714043,303.4433651094635,322.82892698422074,38.08912532754773,26.25421275496595,6.287960529327393,6.953125,0,0,0,0,0,0,0,0,,,,,/root/autodl-tmp/openvla_efficiency_project/scripts/Simulation/DF-06-02 LoRA+OFT INT4/output/videos/task_06_trial_005.mp4,2026-07-29T01:54:43.659102+00:00,2026-07-29T01:54:55.438464+00:00
task_06_trial_006,df_06_02_lora_oft_nf4_libero10_seed42_best_step100000,DF-04-03 LoRA+OFT 4-bit NF4 Language Model,bitsandbytes,bnb_4bit_nf4,True,6,LIVING_ROOM_SCENE6_put_the_white_mug_on_the_plate_and_put_the_chocolate_pudding_to_the_right_of_the_plate,put the white mug on the plate and put the chocolate pudding to the right of the plate,6,6,6048,True,False,success,205,205,10.102155,26,208,205,25,154.44515000742214,155.8160437270999,19.588165366795003,12.881896417678856,14.166542142629623,287.80300922405263,296.8898704275489,36.501845072318865,27.395875414482784,6.287960529327393,6.953125,0,0,0,0,0,0,0,0,,,,,/root/autodl-tmp/openvla_efficiency_project/scripts/Simulation/DF-06-02 LoRA+OFT INT4/output/videos/task_06_trial_006.mp4,2026-07-29T01:54:55.441063+00:00,2026-07-29T01:55:05.544079+00:00
task_06_trial_007,df_06_02_lora_oft_nf4_libero10_seed42_best_step100000,DF-04-03 LoRA+OFT 4-bit NF4 Language Model,bitsandbytes,bnb_4bit_nf4,True,6,LIVING_ROOM_SCENE6_put_the_white_mug_on_the_plate_and_put_the_chocolate_pudding_to_the_right_of_the_plate,put the white mug on the plate and put the chocolate pudding to the right of the plate,7,7,6049,True,False,success,232,232,11.209316,29,232,232,28,155.00112751434588,156.0057707130909,19.375140939293235,13.227984879230117,14.423434622585773,292.3913429780253,300.3662746399641,36.54891787225316,27.360591180708248,6.287960529327393,6.953125,0,0,0,0,0,0,0,0,,,,,/root/autodl-tmp/openvla_efficiency_project/scripts/Simulation/DF-06-02 LoRA+OFT INT4/output/videos/task_06_trial_007.mp4,2026-07-29T01:55:05.677264+00:00,2026-07-29T01:55:16.887404+00:00
task_06_trial_008,df_06_02_lora_oft_nf4_libero10_seed42_best_step100000,DF-04-03 LoRA+OFT 4-bit NF4 Language Model,bitsandbytes,bnb_4bit_nf4,True,6,LIVING_ROOM_SCENE6_put_the_white_mug_on_the_plate_and_put_the_chocolate_pudding_to_the_right_of_the_plate,put the white mug on the plate and put the chocolate pudding to the right of the plate,8,8,6050,True,False,success,206,206,10.342592,26,208,206,25,154.4423197181179,155.40292486548424,19.492719964422648,13.609296642243862,16.666272655129433,294.052986929623,315.0846320204437,37.11348378723397,26.944385111698214,6.287960529327393,6.953125,0,0,0,0,0,0,0,0,,,,,/root/autodl-tmp/openvla_efficiency_project/scripts/Simulation/DF-06-02 LoRA+OFT INT4/output/videos/task_06_trial_008.mp4,2026-07-29T01:55:16.889735+00:00,2026-07-29T01:55:27.233205+00:00
task_06_trial_009,df_06_02_lora_oft_nf4_libero10_seed42_best_step100000,DF-04-03 LoRA+OFT 4-bit NF4 Language Model,bitsandbytes,bnb_4bit_nf4,True,6,LIVING_ROOM_SCENE6_put_the_white_mug_on_the_plate_and_put_the_chocolate_pudding_to_the_right_of_the_plate,put the white mug on the plate and put the chocolate pudding to the right of the plate,9,9,6051,True,False,success,225,225,10.999715,29,232,225,28,154.62674637292994,155.83989322185516,19.92966953251097,12.933108285069466,15.067607536911964,285.7495429443902,302.8490386903286,36.82994109061029,27.151821870683026,6.287960529327393,6.953125,0,0,0,0,0,0,0,0,,,,,/root/autodl-tmp/openvla_efficiency_project/scripts/Simulation/DF-06-02 LoRA+OFT INT4/output/videos/task_06_trial_009.mp4,2026-07-29T01:55:27.286718+00:00,2026-07-29T01:55:38.287167+00:00
task_06_trial_010,df_06_02_lora_oft_nf4_libero10_seed42_best_step100000,DF-04-03 LoRA+OFT 4-bit NF4 Language Model,bitsandbytes,bnb_4bit_nf4,True,6,LIVING_ROOM_SCENE6_put_the_white_mug_on_the_plate_and_put_the_chocolate_pudding_to_the_right_of_the_plate,put the white mug on the plate and put the chocolate pudding to the right of the plate,10,10,6052,True,False,success,227,227,10.994565,29,232,227,28,154.48682273513285,156.79335966706276,19.73620202343107,13.113686092821512,15.46434201300144,288.1376194799769,303.0600465834141,36.81053288510717,27.16613755962714,6.287960529327393,6.953125,0,0,0,0,0,0,0,0,,,,,/root/autodl-tmp/openvla_efficiency_project/scripts/Simulation/DF-06-02 LoRA+OFT INT4/output/videos/task_06_trial_010.mp4,2026-07-29T01:55:38.289176+00:00,2026-07-29T01:55:49.284538+00:00
task_06_trial_011,df_06_02_lora_oft_nf4_libero10_seed42_best_step100000,DF-04-03 LoRA+OFT 4-bit NF4 Language Model,bitsandbytes,bnb_4bit_nf4,True,6,LIVING_ROOM_SCENE6_put_the_white_mug_on_the_plate_and_put_the_chocolate_pudding_to_the_right_of_the_plate,put the white mug on the plate and put the chocolate pudding to the right of the plate,11,11,6053,False,True,timeout,520,,21.648213,65,520,520,64,154.08912318257185,155.43293952941895,19.26114039782148,13.310098074949705,14.965756889432669,291.7112831599437,302.61046662926674,36.463910394992965,27.42437629885452,6.287960529327393,6.953125,0,0,0,0,0,0,0,0,timeout,"collapse_diagnostics={""zero_equivalent_arm_action_count"":0,""zero_equivalent_full_noop_count"":0,""repeated_action_count"":0,""repeated_chunk_count"":0,""max_consecutive_zero_equivalent_actions"":0,""max_consecutive_repeated_chunks"":0}",,,/root/autodl-tmp/openvla_efficiency_project/scripts/Simulation/DF-06-02 LoRA+OFT INT4/output/videos/task_06_trial_011.mp4,2026-07-29T01:55:49.286569+00:00,2026-07-29T01:56:10.935701+00:00
task_06_trial_012,df_06_02_lora_oft_nf4_libero10_seed42_best_step100000,DF-04-03 LoRA+OFT 4-bit NF4 Language Model,bitsandbytes,bnb_4bit_nf4,True,6,LIVING_ROOM_SCENE6_put_the_white_mug_on_the_plate_and_put_the_chocolate_pudding_to_the_right_of_the_plate,put the white mug on the plate and put the chocolate pudding to the right of the plate,12,12,6054,True,False,success,216,216,10.754129,27,216,216,26,154.756482552599,156.26593809574842,19.344560319074876,13.362251860262067,16.446456778794527,293.2475360317363,319.9260441586375,36.655942003967034,27.280706628458123,6.287960529327393,6.953125,0,0,0,0,0,0,0,0,,,,,/root/autodl-tmp/openvla_efficiency_project/scripts/Simulation/DF-06-02 LoRA+OFT INT4/output/videos/task_06_trial_012.mp4,2026-07-29T01:56:10.938466+00:00,2026-07-29T01:56:21.693608+00:00
task_06_trial_013,df_06_02_lora_oft_nf4_libero10_seed42_best_step100000,DF-04-03 LoRA+OFT 4-bit NF4 Language Model,bitsandbytes,bnb_4bit_nf4,True,6,LIVING_ROOM_SCENE6_put_the_white_mug_on_the_plate_and_put_the_chocolate_pudding_to_the_right_of_the_plate,put the white mug on the plate and put the chocolate pudding to the right of the plate,13,13,6055,True,False,success,233,233,11.718717,30,240,233,29,154.98815116782984,156.5389552153647,19.955555944355773,14.643484910414454,18.674270808696747,300.1655976598461,335.4095162823796,38.64793102916474,25.874606308042047,6.287960529327393,6.953125,0,0,0,0,0,0,0,0,,,,,/root/autodl-tmp/openvla_efficiency_project/scripts/Simulation/DF-06-02 LoRA+OFT INT4/output/videos/task_06_trial_013.mp4,2026-07-29T01:56:21.699733+00:00,2026-07-29T01:56:33.419215+00:00
task_06_trial_014,df_06_02_lora_oft_nf4_libero10_seed42_best_step100000,DF-04-03 LoRA+OFT 4-bit NF4 Language Model,bitsandbytes,bnb_4bit_nf4,True,6,LIVING_ROOM_SCENE6_put_the_white_mug_on_the_plate_and_put_the_chocolate_pudding_to_the_right_of_the_plate,put the white mug on the plate and put the chocolate pudding to the right of the plate,14,14,6056,True,False,success,236,236,11.229873,30,240,236,29,154.20569547762474,156.00499156862497,19.602418916647213,12.588230735164577,14.295924454927444,284.7024720783035,295.75048377737403,36.19099221334366,27.631184967382538,6.287960529327393,6.953125,0,0,0,0,0,0,0,0,,,,,/root/autodl-tmp/openvla_efficiency_project/scripts/Simulation/DF-06-02 LoRA+OFT INT4/output/videos/task_06_trial_014.mp4,2026-07-29T01:56:33.421644+00:00,2026-07-29T01:56:44.652311+00:00
task_06_trial_015,df_06_02_lora_oft_nf4_libero10_seed42_best_step100000,DF-04-03 LoRA+OFT 4-bit NF4 Language Model,bitsandbytes,bnb_4bit_nf4,True,6,LIVING_ROOM_SCENE6_put_the_white_mug_on_the_plate_and_put_the_chocolate_pudding_to_the_right_of_the_plate,put the white mug on the plate and put the chocolate pudding to the right of the plate,15,15,6057,True,False,success,217,217,10.720511,28,224,217,27,154.13208665060145,155.43304532766342,19.888011180722767,12.991193338610609,16.169647127389908,285.66756478643845,315.6789032742381,36.860330940185605,27.129436293524627,6.287960529327393,6.953125,0,0,0,0,0,0,0,0,,,,,/root/autodl-tmp/openvla_efficiency_project/scripts/Simulation/DF-06-02 LoRA+OFT INT4/output/videos/task_06_trial_015.mp4,2026-07-29T01:56:44.654461+00:00,2026-07-29T01:56:55.375778+00:00
task_06_trial_016,df_06_02_lora_oft_nf4_libero10_seed42_best_step100000,DF-04-03 LoRA+OFT 4-bit NF4 Language Model,bitsandbytes,bnb_4bit_nf4,True,6,LIVING_ROOM_SCENE6_put_the_white_mug_on_the_plate_and_put_the_chocolate_pudding_to_the_right_of_the_plate,put the white mug on the plate and put the chocolate pudding to the right of the plate,16,16,6058,False,True,timeout,520,,22.390108,65,520,520,64,154.40458939052544,155.88837936520576,19.30057367381568,14.735404466493772,16.164773888885975,303.9240552255741,313.8300780206919,37.99050690319676,26.322365283203258,6.287960529327393,6.953125,0,0,0,0,0,0,0,0,timeout,"collapse_diagnostics={""zero_equivalent_arm_action_count"":0,""zero_equivalent_full_noop_count"":0,""repeated_action_count"":0,""repeated_chunk_count"":0,""max_consecutive_zero_equivalent_actions"":0,""max_consecutive_repeated_chunks"":0}",,,/root/autodl-tmp/openvla_efficiency_project/scripts/Simulation/DF-06-02 LoRA+OFT INT4/output/videos/task_06_trial_016.mp4,2026-07-29T01:56:55.378872+00:00,2026-07-29T01:57:17.769940+00:00
task_06_trial_017,df_06_02_lora_oft_nf4_libero10_seed42_best_step100000,DF-04-03 LoRA+OFT 4-bit NF4 Language Model,bitsandbytes,bnb_4bit_nf4,True,6,LIVING_ROOM_SCENE6_put_the_white_mug_on_the_plate_and_put_the_chocolate_pudding_to_the_right_of_the_plate,put the white mug on the plate and put the chocolate pudding to the right of the plate,17,17,6059,True,False,success,202,202,10.327839,26,208,202,25,154.971328850549,156.65084030479193,19.94680470353601,13.717089392392353,16.67538322508335,292.92538353743464,319.53410152345896,37.70326718798663,26.522900389879986,6.287960529327393,6.953125,0,0,0,0,0,0,0,0,,,,,/root/autodl-tmp/openvla_efficiency_project/scripts/Simulation/DF-06-02 LoRA+OFT INT4/output/videos/task_06_trial_017.mp4,2026-07-29T01:57:17.773848+00:00,2026-07-29T01:57:28.102452+00:00
task_06_trial_018,df_06_02_lora_oft_nf4_libero10_seed42_best_step100000,DF-04-03 LoRA+OFT 4-bit NF4 Language Model,bitsandbytes,bnb_4bit_nf4,True,6,LIVING_ROOM_SCENE6_put_the_white_mug_on_the_plate_and_put_the_chocolate_pudding_to_the_right_of_the_plate,put the white mug on the plate and put the chocolate pudding to the right of the plate,18,18,6060,True,False,success,239,239,11.653281,30,240,239,29,154.32915650308132,156.5787462517619,19.371860648922343,14.055639310548994,17.618698999285698,298.40148023019236,317.6449907012284,37.456252748559706,26.697812157369444,6.287960529327393,6.953125,0,0,0,0,0,0,0,0,,,,,/root/autodl-tmp/openvla_efficiency_project/scripts/Simulation/DF-06-02 LoRA+OFT INT4/output/videos/task_06_trial_018.mp4,2026-07-29T01:57:28.104708+00:00,2026-07-29T01:57:39.758860+00:00
task_06_trial_019,df_06_02_lora_oft_nf4_libero10_seed42_best_step100000,DF-04-03 LoRA+OFT 4-bit NF4 Language Model,bitsandbytes,bnb_4bit_nf4,True,6,LIVING_ROOM_SCENE6_put_the_white_mug_on_the_plate_and_put_the_chocolate_pudding_to_the_right_of_the_plate,put the white mug on the plate and put the chocolate pudding to the right of the plate,19,19,6061,True,False,success,223,223,10.789133,28,224,223,27,154.49706365221314,155.9216416440904,19.398734449605236,12.829847383258588,14.812045916914936,288.25180997539843,306.7377084866166,36.19305237359263,27.629612160858404,6.287960529327393,6.953125,0,0,0,0,0,0,0,0,,,,,/root/autodl-tmp/openvla_efficiency_project/scripts/Simulation/DF-06-02 LoRA+OFT INT4/output/videos/task_06_trial_019.mp4,2026-07-29T01:57:39.761238+00:00,2026-07-29T01:57:50.551096+00:00
task_06_trial_020,df_06_02_lora_oft_nf4_libero10_seed42_best_step100000,DF-04-03 LoRA+OFT 4-bit NF4 Language Model,bitsandbytes,bnb_4bit_nf4,True,6,LIVING_ROOM_SCENE6_put_the_white_mug_on_the_plate_and_put_the_chocolate_pudding_to_the_right_of_the_plate,put the white mug on the plate and put the chocolate pudding to the right of the plate,20,20,6062,True,False,success,241,241,11.500708,31,248,241,30,154.68145023670888,161.72889433801174,19.8967840553443,12.973910120327442,15.260612592101097,286.30000190629113,303.84594947099686,36.82697119956442,27.154011514577874,6.287960529327393,6.953125,0,0,0,0,0,0,0,0,,,,,/root/autodl-tmp/openvla_efficiency_project/scripts/Simulation/DF-06-02 LoRA+OFT INT4/output/videos/task_06_trial_020.mp4,2026-07-29T01:57:50.553304+00:00,2026-07-29T01:58:02.054745+00:00
task_06_trial_021,df_06_02_lora_oft_nf4_libero10_seed42_best_step100000,DF-04-03 LoRA+OFT 4-bit NF4 Language Model,bitsandbytes,bnb_4bit_nf4,True,6,LIVING_ROOM_SCENE6_put_the_white_mug_on_the_plate_and_put_the_chocolate_pudding_to_the_right_of_the_plate,put the white mug on the plate and put the chocolate pudding to the right of the plate,21,21,6063,True,False,success,213,213,10.614403,27,216,213,26,155.76470332841077,167.1376110985875,19.74482154867179,13.857545794595575,16.879596933722492,296.69026678635015,319.6094609797001,37.60862536728382,26.589645067695336,6.287960529327393,6.953125,0,0,0,0,0,0,0,0,,,,,/root/autodl-tmp/openvla_efficiency_project/scripts/Simulation/DF-06-02 LoRA+OFT INT4/output/videos/task_06_trial_021.mp4,2026-07-29T01:58:02.056837+00:00,2026-07-29T01:58:12.672180+00:00
task_06_trial_022,df_06_02_lora_oft_nf4_libero10_seed42_best_step100000,DF-04-03 LoRA+OFT 4-bit NF4 Language Model,bitsandbytes,bnb_4bit_nf4,True,6,LIVING_ROOM_SCENE6_put_the_white_mug_on_the_plate_and_put_the_chocolate_pudding_to_the_right_of_the_plate,put the white mug on the plate and put the chocolate pudding to the right of the plate,22,22,6064,True,False,success,198,198,10.07811,25,200,198,24,154.48729947209358,156.12888298928738,19.50597215556737,13.847208563050236,16.96537286043167,295.8614332228899,325.7668372243643,37.35624156854671,26.769288290553895,6.287960529327393,6.953125,0,0,0,0,0,0,0,0,,,,,/root/autodl-tmp/openvla_efficiency_project/scripts/Simulation/DF-06-02 LoRA+OFT INT4/output/videos/task_06_trial_022.mp4,2026-07-29T01:58:12.674396+00:00,2026-07-29T01:58:22.753405+00:00
task_06_trial_023,df_06_02_lora_oft_nf4_libero10_seed42_best_step100000,DF-04-03 LoRA+OFT 4-bit NF4 Language Model,bitsandbytes,bnb_4bit_nf4,True,6,LIVING_ROOM_SCENE6_put_the_white_mug_on_the_plate_and_put_the_chocolate_pudding_to_the_right_of_the_plate,put the white mug on the plate and put the chocolate pudding to the right of the plate,23,23,6065,True,False,success,221,221,10.831485,28,224,221,27,155.2367193092193,158.84326929226518,19.66800063646217,12.624335015925887,14.848846942186356,286.51829276766097,302.53841085359454,36.3009601696584,27.547480709224725,6.287960529327393,6.953125,0,0,0,0,0,0,0,0,,,,,/root/autodl-tmp/openvla_efficiency_project/scripts/Simulation/DF-06-02 LoRA+OFT INT4/output/videos/task_06_trial_023.mp4,2026-07-29T01:58:22.756200+00:00,2026-07-29T01:58:33.588549+00:00
task_06_trial_024,df_06_02_lora_oft_nf4_libero10_seed42_best_step100000,DF-04-03 LoRA+OFT 4-bit NF4 Language Model,bitsandbytes,bnb_4bit_nf4,True,6,LIVING_ROOM_SCENE6_put_the_white_mug_on_the_plate_and_put_the_chocolate_pudding_to_the_right_of_the_plate,put the white mug on the plate and put the chocolate pudding to the right of the plate,24,24,6066,True,False,success,228,228,11.138565,29,232,228,28,154.1849623337902,155.11891469359398,19.611245209122437,13.325846876556936,15.739239566028116,290.2384758766355,309.116592630744,36.91629737027382,27.088307095641504,6.287960529327393,6.953125,0,0,0,0,0,0,0,0,,,,,/root/autodl-tmp/openvla_efficiency_project/scripts/Simulation/DF-06-02 LoRA+OFT INT4/output/videos/task_06_trial_024.mp4,2026-07-29T01:58:33.591167+00:00,2026-07-29T01:58:44.730522+00:00
task_06_trial_025,df_06_02_lora_oft_nf4_libero10_seed42_best_step100000,DF-04-03 LoRA+OFT 4-bit NF4 Language Model,bitsandbytes,bnb_4bit_nf4,True,6,LIVING_ROOM_SCENE6_put_the_white_mug_on_the_plate_and_put_the_chocolate_pudding_to_the_right_of_the_plate,put the white mug on the plate and put the chocolate pudding to the right of the plate,25,25,6067,True,False,success,228,228,11.204874,29,232,228,28,155.324032273272,166.4585758000612,19.756126911951263,13.853627363252535,16.967577673494816,295.2816878798707,316.53174571692944,37.5577585461239,26.625657086855192,6.287960529327393,6.953125,0,0,0,0,0,0,0,0,,,,,/root/autodl-tmp/openvla_efficiency_project/scripts/Simulation/DF-06-02 LoRA+OFT INT4/output/videos/task_06_trial_025.mp4,2026-07-29T01:58:44.732574+00:00,2026-07-29T01:58:55.938412+00:00
task_06_trial_026,df_06_02_lora_oft_nf4_libero10_seed42_best_step100000,DF-04-03 LoRA+OFT 4-bit NF4 Language Model,bitsandbytes,bnb_4bit_nf4,True,6,LIVING_ROOM_SCENE6_put_the_white_mug_on_the_plate_and_put_the_chocolate_pudding_to_the_right_of_the_plate,put the white mug on the plate and put the chocolate pudding to the right of the plate,26,26,6068,True,False,success,213,213,10.586985,27,216,213,26,155.98142105672093,169.73440777510405,19.77229281000688,13.44083413971422,16.073066741228104,293.57001399276436,314.95677921921015,37.213100365279985,26.872257086458863,6.287960529327393,6.953125,0,0,0,0,0,0,0,0,,,,,/root/autodl-tmp/openvla_efficiency_project/scripts/Simulation/DF-06-02 LoRA+OFT INT4/output/videos/task_06_trial_026.mp4,2026-07-29T01:58:55.941688+00:00,2026-07-29T01:59:06.529568+00:00
task_06_trial_027,df_06_02_lora_oft_nf4_libero10_seed42_best_step100000,DF-04-03 LoRA+OFT 4-bit NF4 Language Model,bitsandbytes,bnb_4bit_nf4,True,6,LIVING_ROOM_SCENE6_put_the_white_mug_on_the_plate_and_put_the_chocolate_pudding_to_the_right_of_the_plate,put the white mug on the plate and put the chocolate pudding to the right of the plate,27,27,6069,True,False,success,260,260,12.286319,33,264,260,32,153.7966395756512,154.82262559235096,19.520342715371115,13.267618424903889,15.95220090821385,289.8430706312259,312.46279515326023,36.787774349347906,27.18294372754643,6.287960529327393,6.953125,0,0,0,0,0,0,0,0,,,,,/root/autodl-tmp/openvla_efficiency_project/scripts/Simulation/DF-06-02 LoRA+OFT INT4/output/videos/task_06_trial_027.mp4,2026-07-29T01:59:06.531759+00:00,2026-07-29T01:59:18.818954+00:00
task_06_trial_028,df_06_02_lora_oft_nf4_libero10_seed42_best_step100000,DF-04-03 LoRA+OFT 4-bit NF4 Language Model,bitsandbytes,bnb_4bit_nf4,True,6,LIVING_ROOM_SCENE6_put_the_white_mug_on_the_plate_and_put_the_chocolate_pudding_to_the_right_of_the_plate,put the white mug on the plate and put the chocolate pudding to the right of the plate,28,28,6070,True,False,success,224,224,10.809434,28,224,224,27,156.28396925915564,174.71920596435666,19.535496157394455,12.607663603765625,14.151178859174252,288.13195787370205,303.91584588214755,36.016494734212756,27.76505618827145,6.287960529327393,6.953125,0,0,0,0,0,0,0,0,,,,,/root/autodl-tmp/openvla_efficiency_project/scripts/Simulation/DF-06-02 LoRA+OFT INT4/output/videos/task_06_trial_028.mp4,2026-07-29T01:59:18.821430+00:00,2026-07-29T01:59:29.631598+00:00
task_06_trial_029,df_06_02_lora_oft_nf4_libero10_seed42_best_step100000,DF-04-03 LoRA+OFT 4-bit NF4 Language Model,bitsandbytes,bnb_4bit_nf4,True,6,LIVING_ROOM_SCENE6_put_the_white_mug_on_the_plate_and_put_the_chocolate_pudding_to_the_right_of_the_plate,put the white mug on the plate and put the chocolate pudding to the right of the plate,29,29,6071,True,False,success,247,247,11.61655,31,248,247,30,155.51784983085048,163.504458963871,19.518434594155323,12.76954906702283,14.254231192171572,288.4536688967097,308.966382406652,36.20268718946559,27.62225894355666,6.287960529327393,6.953125,0,0,0,0,0,0,0,0,,,,,/root/autodl-tmp/openvla_efficiency_project/scripts/Simulation/DF-06-02 LoRA+OFT INT4/output/videos/task_06_trial_029.mp4,2026-07-29T01:59:29.634044+00:00,2026-07-29T01:59:41.251364+00:00
task_06_trial_030,df_06_02_lora_oft_nf4_libero10_seed42_best_step100000,DF-04-03 LoRA+OFT 4-bit NF4 Language Model,bitsandbytes,bnb_4bit_nf4,True,6,LIVING_ROOM_SCENE6_put_the_white_mug_on_the_plate_and_put_the_chocolate_pudding_to_the_right_of_the_plate,put the white mug on the plate and put the chocolate pudding to the right of the plate,30,30,6072,True,False,success,237,237,11.264063,30,240,237,29,155.82625282307467,164.88032937049863,19.72484212950312,12.74593822060758,15.06175696849823,287.7313392236829,307.5632670894265,36.42168850932695,27.456168039653566,6.287960529327393,6.953125,0,0,0,0,0,0,0,0,,,,,/root/autodl-tmp/openvla_efficiency_project/scripts/Simulation/DF-06-02 LoRA+OFT INT4/output/videos/task_06_trial_030.mp4,2026-07-29T01:59:41.253495+00:00,2026-07-29T01:59:52.518411+00:00
task_06_trial_031,df_06_02_lora_oft_nf4_libero10_seed42_best_step100000,DF-04-03 LoRA+OFT 4-bit NF4 Language Model,bitsandbytes,bnb_4bit_nf4,True,6,LIVING_ROOM_SCENE6_put_the_white_mug_on_the_plate_and_put_the_chocolate_pudding_to_the_right_of_the_plate,put the white mug on the plate and put the chocolate pudding to the right of the plate,31,31,6073,False,True,timeout,520,,21.8107,65,520,520,64,154.92606389407928,165.54607562720773,19.36575798675991,13.505117165354582,15.403136238455769,293.9383804225005,315.1512995362282,36.74229755281256,27.21658868944225,6.287960529327393,6.953125,0,0,0,0,0,0,0,0,timeout,"collapse_diagnostics={""zero_equivalent_arm_action_count"":0,""zero_equivalent_full_noop_count"":0,""repeated_action_count"":0,""repeated_chunk_count"":0,""max_consecutive_zero_equivalent_actions"":0,""max_consecutive_repeated_chunks"":0}",,,/root/autodl-tmp/openvla_efficiency_project/scripts/Simulation/DF-06-02 LoRA+OFT INT4/output/videos/task_06_trial_031.mp4,2026-07-29T01:59:52.520984+00:00,2026-07-29T02:00:14.332629+00:00
task_06_trial_032,df_06_02_lora_oft_nf4_libero10_seed42_best_step100000,DF-04-03 LoRA+OFT 4-bit NF4 Language Model,bitsandbytes,bnb_4bit_nf4,True,6,LIVING_ROOM_SCENE6_put_the_white_mug_on_the_plate_and_put_the_chocolate_pudding_to_the_right_of_the_plate,put the white mug on the plate and put the chocolate pudding to the right of the plate,32,32,6074,True,False,success,243,243,11.791573,31,248,243,30,156.42275276683992,171.37159872800112,19.95516599083143,13.149711920462028,15.737373940646648,290.54566064188555,311.5984508767724,37.065495802051245,26.979269489352383,6.287960529327393,6.953125,0,0,0,0,0,0,0,0,,,,,/root/autodl-tmp/openvla_efficiency_project/scripts/Simulation/DF-06-02 LoRA+OFT INT4/output/videos/task_06_trial_032.mp4,2026-07-29T02:00:14.336418+00:00,2026-07-29T02:00:26.128740+00:00
task_06_trial_033,df_06_02_lora_oft_nf4_libero10_seed42_best_step100000,DF-04-03 LoRA+OFT 4-bit NF4 Language Model,bitsandbytes,bnb_4bit_nf4,True,6,LIVING_ROOM_SCENE6_put_the_white_mug_on_the_plate_and_put_the_chocolate_pudding_to_the_right_of_the_plate,put the white mug on the plate and put the chocolate pudding to the right of the plate,33,33,6075,True,False,success,202,202,10.193479,26,208,202,25,154.51373632710713,154.83897924423218,19.887906655964287,13.423159312788803,16.62010997533798,289.7662061911363,308.48086439073086,37.29664040083932,26.812066428843707,6.287960529327393,6.953125,0,0,0,0,0,0,0,0,,,,,/root/autodl-tmp/openvla_efficiency_project/scripts/Simulation/DF-06-02 LoRA+OFT INT4/output/videos/task_06_trial_033.mp4,2026-07-29T02:00:26.130764+00:00,2026-07-29T02:00:36.325075+00:00
task_06_trial_034,df_06_02_lora_oft_nf4_libero10_seed42_best_step100000,DF-04-03 LoRA+OFT 4-bit NF4 Language Model,bitsandbytes,bnb_4bit_nf4,True,6,LIVING_ROOM_SCENE6_put_the_white_mug_on_the_plate_and_put_the_chocolate_pudding_to_the_right_of_the_plate,put the white mug on the plate and put the chocolate pudding to the right of the plate,34,34,6076,True,False,success,209,209,10.325597,27,216,209,26,155.9736757642693,165.6305382028222,20.14970930925967,12.744931504130363,14.925215765833853,285.6388222426176,308.4910759702325,36.9007090935439,27.09975023691235,6.287960529327393,6.953125,0,0,0,0,0,0,0,0,,,,,/root/autodl-tmp/openvla_efficiency_project/scripts/Simulation/DF-06-02 LoRA+OFT INT4/output/videos/task_06_trial_034.mp4,2026-07-29T02:00:36.327332+00:00,2026-07-29T02:00:46.653657+00:00
task_06_trial_035,df_06_02_lora_oft_nf4_libero10_seed42_best_step100000,DF-04-03 LoRA+OFT 4-bit NF4 Language Model,bitsandbytes,bnb_4bit_nf4,True,6,LIVING_ROOM_SCENE6_put_the_white_mug_on_the_plate_and_put_the_chocolate_pudding_to_the_right_of_the_plate,put the white mug on the plate and put the chocolate pudding to the right of the plate,35,35,6077,False,True,timeout,520,,21.782613,65,520,520,64,155.95034186083538,170.31886540353298,19.493792732604422,13.25856984879535,16.340028308331963,293.89349861213793,321.9622805714607,36.73668732651724,27.22074505825627,6.287960529327393,6.953125,0,0,0,0,0,0,0,0,timeout,"collapse_diagnostics={""zero_equivalent_arm_action_count"":0,""zero_equivalent_full_noop_count"":0,""repeated_action_count"":0,""repeated_chunk_count"":0,""max_consecutive_zero_equivalent_actions"":0,""max_consecutive_repeated_chunks"":0}",,,/root/autodl-tmp/openvla_efficiency_project/scripts/Simulation/DF-06-02 LoRA+OFT INT4/output/videos/task_06_trial_035.mp4,2026-07-29T02:00:46.655626+00:00,2026-07-29T02:01:08.439164+00:00
task_06_trial_036,df_06_02_lora_oft_nf4_libero10_seed42_best_step100000,DF-04-03 LoRA+OFT 4-bit NF4 Language Model,bitsandbytes,bnb_4bit_nf4,True,6,LIVING_ROOM_SCENE6_put_the_white_mug_on_the_plate_and_put_the_chocolate_pudding_to_the_right_of_the_plate,put the white mug on the plate and put the chocolate pudding to the right of the plate,36,36,6078,True,False,success,302,302,14.065106,38,304,302,37,155.2902686556703,163.63891661167145,19.539835128859178,13.805291152849103,17.209262121468782,296.7381834689724,317.1413956210017,37.33791712523494,26.782425935702427,6.287960529327393,6.953125,0,0,0,0,0,0,0,0,,,,,/root/autodl-tmp/openvla_efficiency_project/scripts/Simulation/DF-06-02 LoRA+OFT INT4/output/videos/task_06_trial_036.mp4,2026-07-29T02:01:08.442904+00:00,2026-07-29T02:01:22.508772+00:00
task_06_trial_037,df_06_02_lora_oft_nf4_libero10_seed42_best_step100000,DF-04-03 LoRA+OFT 4-bit NF4 Language Model,bitsandbytes,bnb_4bit_nf4,True,6,LIVING_ROOM_SCENE6_put_the_white_mug_on_the_plate_and_put_the_chocolate_pudding_to_the_right_of_the_plate,put the white mug on the plate and put the chocolate pudding to the right of the plate,37,37,6079,True,False,success,200,200,10.176521,25,200,200,24,154.73200537264347,155.2115373313427,19.341500671580434,14.042616775259376,17.231193091720343,298.87212254107,321.2580155581236,37.35901531763375,26.767300783968793,6.287960529327393,6.953125,0,0,0,0,0,0,0,0,,,,,/root/autodl-tmp/openvla_efficiency_project/scripts/Simulation/DF-06-02 LoRA+OFT INT4/output/videos/task_06_trial_037.mp4,2026-07-29T02:01:22.510801+00:00,2026-07-29T02:01:32.688117+00:00
task_06_trial_038,df_06_02_lora_oft_nf4_libero10_seed42_best_step100000,DF-04-03 LoRA+OFT 4-bit NF4 Language Model,bitsandbytes,bnb_4bit_nf4,True,6,LIVING_ROOM_SCENE6_put_the_white_mug_on_the_plate_and_put_the_chocolate_pudding_to_the_right_of_the_plate,put the white mug on the plate and put the chocolate pudding to the right of the plate,38,38,6080,False,True,timeout,520,,22.11077,65,520,520,64,154.91521180822298,157.60791264474392,19.364401476027872,14.124073972925544,17.148898728191853,299.6021375633203,319.7717297822237,37.45026719541504,26.702079180957835,6.287960529327393,6.953125,0,0,0,0,0,0,0,0,timeout,"collapse_diagnostics={""zero_equivalent_arm_action_count"":0,""zero_equivalent_full_noop_count"":0,""repeated_action_count"":0,""repeated_chunk_count"":0,""max_consecutive_zero_equivalent_actions"":0,""max_consecutive_repeated_chunks"":0}",,,/root/autodl-tmp/openvla_efficiency_project/scripts/Simulation/DF-06-02 LoRA+OFT INT4/output/videos/task_06_trial_038.mp4,2026-07-29T02:01:32.690334+00:00,2026-07-29T02:01:54.802033+00:00
task_06_trial_039,df_06_02_lora_oft_nf4_libero10_seed42_best_step100000,DF-04-03 LoRA+OFT 4-bit NF4 Language Model,bitsandbytes,bnb_4bit_nf4,True,6,LIVING_ROOM_SCENE6_put_the_white_mug_on_the_plate_and_put_the_chocolate_pudding_to_the_right_of_the_plate,put the white mug on the plate and put the chocolate pudding to the right of the plate,39,39,6081,True,False,success,213,213,10.538452,27,216,213,26,155.2626816900792,164.99244198203087,19.681185002967784,13.128886996230609,15.11181779205799,290.40954517269574,305.0323920324445,36.81247755710228,27.16470246939597,6.287960529327393,6.953125,0,0,0,0,0,0,0,0,,,,,/root/autodl-tmp/openvla_efficiency_project/scripts/Simulation/DF-06-02 LoRA+OFT INT4/output/videos/task_06_trial_039.mp4,2026-07-29T02:01:54.804741+00:00,2026-07-29T02:02:05.343984+00:00
task_06_trial_040,df_06_02_lora_oft_nf4_libero10_seed42_best_step100000,DF-04-03 LoRA+OFT 4-bit NF4 Language Model,bitsandbytes,bnb_4bit_nf4,True,6,LIVING_ROOM_SCENE6_put_the_white_mug_on_the_plate_and_put_the_chocolate_pudding_to_the_right_of_the_plate,put the white mug on the plate and put the chocolate pudding to the right of the plate,40,40,6082,True,False,success,222,222,10.665313,28,224,222,27,154.40368965002043,155.50702530890703,19.474339235137712,12.608065429303023,14.508695248514412,285.5656421078103,300.6158775649965,36.01728819377787,27.764444525080982,6.287960529327393,6.953125,0,0,0,0,0,0,0,0,,,,,/root/autodl-tmp/openvla_efficiency_project/scripts/Simulation/DF-06-02 LoRA+OFT INT4/output/videos/task_06_trial_040.mp4,2026-07-29T02:02:05.346345+00:00,2026-07-29T02:02:16.012457+00:00
task_06_trial_041,df_06_02_lora_oft_nf4_libero10_seed42_best_step100000,DF-04-03 LoRA+OFT 4-bit NF4 Language Model,bitsandbytes,bnb_4bit_nf4,True,6,LIVING_ROOM_SCENE6_put_the_white_mug_on_the_plate_and_put_the_chocolate_pudding_to_the_right_of_the_plate,put the white mug on the plate and put the chocolate pudding to the right of the plate,41,41,6083,True,False,success,216,216,10.621209,27,216,216,26,154.78046700634337,158.6059408262372,19.34755837579292,13.59009463340044,16.473744064569473,295.04745308723716,317.72076208144426,36.880931635904645,27.114282520631104,6.287960529327393,6.953125,0,0,0,0,0,0,0,0,,,,,/root/autodl-tmp/openvla_efficiency_project/scripts/Simulation/DF-06-02 LoRA+OFT INT4/output/videos/task_06_trial_041.mp4,2026-07-29T02:02:16.014433+00:00,2026-07-29T02:02:26.636499+00:00
task_06_trial_042,df_06_02_lora_oft_nf4_libero10_seed42_best_step100000,DF-04-03 LoRA+OFT 4-bit NF4 Language Model,bitsandbytes,bnb_4bit_nf4,True,6,LIVING_ROOM_SCENE6_put_the_white_mug_on_the_plate_and_put_the_chocolate_pudding_to_the_right_of_the_plate,put the white mug on the plate and put the chocolate pudding to the right of the plate,42,42,6084,True,False,success,201,201,10.291163,26,208,201,25,155.84445974001517,161.0020254738629,20.158984841992012,13.691225807316862,16.62498712539673,293.30104023504714,319.51704900711775,37.93943804035436,26.35779683759016,6.287960529327393,6.953125,0,0,0,0,0,0,0,0,,,,,/root/autodl-tmp/openvla_efficiency_project/scripts/Simulation/DF-06-02 LoRA+OFT INT4/output/videos/task_06_trial_042.mp4,2026-07-29T02:02:26.699722+00:00,2026-07-29T02:02:36.991727+00:00
task_06_trial_043,df_06_02_lora_oft_nf4_libero10_seed42_best_step100000,DF-04-03 LoRA+OFT 4-bit NF4 Language Model,bitsandbytes,bnb_4bit_nf4,True,6,LIVING_ROOM_SCENE6_put_the_white_mug_on_the_plate_and_put_the_chocolate_pudding_to_the_right_of_the_plate,put the white mug on the plate and put the chocolate pudding to the right of the plate,43,43,6085,True,False,success,199,199,10.036754,25,200,199,24,153.9717996120453,155.09388037025928,19.34319090603584,13.939065269040103,16.681089624762535,296.29120871424675,316.9175233691931,37.22251365756869,26.865461295805414,6.287960529327393,6.953125,0,0,0,0,0,0,0,0,,,,,/root/autodl-tmp/openvla_efficiency_project/scripts/Simulation/DF-06-02 LoRA+OFT INT4/output/videos/task_06_trial_043.mp4,2026-07-29T02:02:36.993893+00:00,2026-07-29T02:02:47.031532+00:00
task_06_trial_044,df_06_02_lora_oft_nf4_libero10_seed42_best_step100000,DF-04-03 LoRA+OFT 4-bit NF4 Language Model,bitsandbytes,bnb_4bit_nf4,True,6,LIVING_ROOM_SCENE6_put_the_white_mug_on_the_plate_and_put_the_chocolate_pudding_to_the_right_of_the_plate,put the white mug on the plate and put the chocolate pudding to the right of the plate,44,44,6086,True,False,success,242,242,11.698177,31,248,242,30,154.07599833223128,155.56709468364716,19.737008050823015,13.535299145978344,16.046629566699263,290.51444703532803,308.8515726849437,37.21466057064119,26.87113048100469,6.287960529327393,6.953125,0,0,0,0,0,0,0,0,,,,,/root/autodl-tmp/openvla_efficiency_project/scripts/Simulation/DF-06-02 LoRA+OFT INT4/output/videos/task_06_trial_044.mp4,2026-07-29T02:02:47.033900+00:00,2026-07-29T02:02:58.732908+00:00
task_06_trial_045,df_06_02_lora_oft_nf4_libero10_seed42_best_step100000,DF-04-03 LoRA+OFT 4-bit NF4 Language Model,bitsandbytes,bnb_4bit_nf4,True,6,LIVING_ROOM_SCENE6_put_the_white_mug_on_the_plate_and_put_the_chocolate_pudding_to_the_right_of_the_plate,put the white mug on the plate and put the chocolate pudding to the right of the plate,45,45,6087,True,False,success,221,221,10.683497,28,224,221,27,154.28969177550502,156.09680274501443,19.548015247575297,12.758097135171091,14.027923345565796,285.9757215982037,297.2710938192904,36.23221812103938,27.599745526463323,6.287960529327393,6.953125,0,0,0,0,0,0,0,0,,,,,/root/autodl-tmp/openvla_efficiency_project/scripts/Simulation/DF-06-02 LoRA+OFT INT4/output/videos/task_06_trial_045.mp4,2026-07-29T02:02:58.735355+00:00,2026-07-29T02:03:09.419733+00:00
task_06_trial_046,df_06_02_lora_oft_nf4_libero10_seed42_best_step100000,DF-04-03 LoRA+OFT 4-bit NF4 Language Model,bitsandbytes,bnb_4bit_nf4,True,6,LIVING_ROOM_SCENE6_put_the_white_mug_on_the_plate_and_put_the_chocolate_pudding_to_the_right_of_the_plate,put the white mug on the plate and put the chocolate pudding to the right of the plate,46,46,6088,True,False,success,200,200,10.122213,25,200,200,24,154.58394303917885,156.15027248859406,19.322992879897356,13.754299283027649,16.964087355881926,295.89108027517796,321.2298095226288,36.986385034397244,27.036975878286093,6.287960529327393,6.953125,0,0,0,0,0,0,0,0,,,,,/root/autodl-tmp/openvla_efficiency_project/scripts/Simulation/DF-06-02 LoRA+OFT INT4/output/videos/task_06_trial_046.mp4,2026-07-29T02:03:09.421961+00:00,2026-07-29T02:03:19.545115+00:00
task_06_trial_047,df_06_02_lora_oft_nf4_libero10_seed42_best_step100000,DF-04-03 LoRA+OFT 4-bit NF4 Language Model,bitsandbytes,bnb_4bit_nf4,True,6,LIVING_ROOM_SCENE6_put_the_white_mug_on_the_plate_and_put_the_chocolate_pudding_to_the_right_of_the_plate,put the white mug on the plate and put the chocolate pudding to the right of the plate,47,47,6089,True,False,success,224,224,10.864974,28,224,224,27,154.3119642218309,155.95824318006635,19.28899552772886,13.33566606211077,16.294267773628235,292.3110883816012,315.3142239898443,36.53888604770015,27.368103085970855,6.287960529327393,6.953125,0,0,0,0,0,0,0,0,,,,,/root/autodl-tmp/openvla_efficiency_project/scripts/Simulation/DF-06-02 LoRA+OFT INT4/output/videos/task_06_trial_047.mp4,2026-07-29T02:03:19.547443+00:00,2026-07-29T02:03:30.413231+00:00
task_06_trial_048,df_06_02_lora_oft_nf4_libero10_seed42_best_step100000,DF-04-03 LoRA+OFT 4-bit NF4 Language Model,bitsandbytes,bnb_4bit_nf4,True,6,LIVING_ROOM_SCENE6_put_the_white_mug_on_the_plate_and_put_the_chocolate_pudding_to_the_right_of_the_plate,put the white mug on the plate and put the chocolate pudding to the right of the plate,48,48,6090,True,False,success,201,201,10.130782,26,208,201,25,154.18366263978757,155.31954867765307,19.94415536634068,12.90480905578504,14.71087709069252,284.87903947153916,297.78571194037795,36.85002500626875,27.13702364733497,6.287960529327393,6.953125,0,0,0,0,0,0,0,0,,,,,/root/autodl-tmp/openvla_efficiency_project/scripts/Simulation/DF-06-02 LoRA+OFT INT4/output/videos/task_06_trial_048.mp4,2026-07-29T02:03:30.427164+00:00,2026-07-29T02:03:40.558676+00:00
task_06_trial_049,df_06_02_lora_oft_nf4_libero10_seed42_best_step100000,DF-04-03 LoRA+OFT 4-bit NF4 Language Model,bitsandbytes,bnb_4bit_nf4,True,6,LIVING_ROOM_SCENE6_put_the_white_mug_on_the_plate_and_put_the_chocolate_pudding_to_the_right_of_the_plate,put the white mug on the plate and put the chocolate pudding to the right of the plate,49,49,6091,True,False,success,202,202,10.402265,26,208,202,25,154.13602083348312,155.6008611805737,19.8392898102503,14.15331794483827,16.920944303274155,295.3937121022206,323.6623886041343,38.02097284484027,26.30127335460085,6.287960529327393,6.953125,0,0,0,0,0,0,0,0,,,,,/root/autodl-tmp/openvla_efficiency_project/scripts/Simulation/DF-06-02 LoRA+OFT INT4/output/videos/task_06_trial_049.mp4,2026-07-29T02:03:40.560703+00:00,2026-07-29T02:03:50.963698+00:00
task_07_trial_000,df_06_02_lora_oft_nf4_libero10_seed42_best_step100000,DF-04-03 LoRA+OFT 4-bit NF4 Language Model,bitsandbytes,bnb_4bit_nf4,True,7,LIVING_ROOM_SCENE1_put_both_the_alphabet_soup_and_the_cream_cheese_box_in_the_basket,put both the alphabet soup and the cream cheese box in the basket,0,0,7042,True,False,success,242,242,10.151712,31,248,242,30,153.78615999173732,154.74139340221882,19.699879998941558,12.654994152609474,14.479153975844383,283.3877120527529,295.1102601364255,36.30173170923694,27.54689522829433,6.277223587036133,6.953125,0,0,0,0,0,0,0,0,,,,,/root/autodl-tmp/openvla_efficiency_project/scripts/Simulation/DF-06-02 LoRA+OFT INT4/output/videos/task_07_trial_000.mp4,2026-07-29T02:03:52.243008+00:00,2026-07-29T02:04:02.395424+00:00
task_07_trial_001,df_06_02_lora_oft_nf4_libero10_seed42_best_step100000,DF-04-03 LoRA+OFT 4-bit NF4 Language Model,bitsandbytes,bnb_4bit_nf4,True,7,LIVING_ROOM_SCENE1_put_both_the_alphabet_soup_and_the_cream_cheese_box_in_the_basket,put both the alphabet soup and the cream cheese box in the basket,1,1,7043,True,False,success,233,233,9.959671,30,240,233,29,153.81433765093485,155.10625205934048,19.80442115677273,13.378664739270066,16.528572514653206,288.1007391959429,308.9719126932323,37.094515776301655,26.9581629271156,6.277223587036133,6.953125,0,0,0,0,0,0,0,0,,,,,/root/autodl-tmp/openvla_efficiency_project/scripts/Simulation/DF-06-02 LoRA+OFT INT4/output/videos/task_07_trial_001.mp4,2026-07-29T02:04:02.397827+00:00,2026-07-29T02:04:12.358265+00:00
task_07_trial_002,df_06_02_lora_oft_nf4_libero10_seed42_best_step100000,DF-04-03 LoRA+OFT 4-bit NF4 Language Model,bitsandbytes,bnb_4bit_nf4,True,7,LIVING_ROOM_SCENE1_put_both_the_alphabet_soup_and_the_cream_cheese_box_in_the_basket,put both the alphabet soup and the cream cheese box in the basket,2,2,7044,True,False,success,233,233,10.066933,30,240,233,29,153.42116598039865,154.26260828971863,19.753798194901115,13.441070922262679,17.351023852825165,289.050844249626,320.97026854753494,37.216846899093476,26.869551918552183,6.277223587036133,6.953125,0,0,0,0,0,0,0,0,,,,,/root/autodl-tmp/openvla_efficiency_project/scripts/Simulation/DF-06-02 LoRA+OFT INT4/output/videos/task_07_trial_002.mp4,2026-07-29T02:04:12.360815+00:00,2026-07-29T02:04:22.428579+00:00
task_07_trial_003,df_06_02_lora_oft_nf4_libero10_seed42_best_step100000,DF-04-03 LoRA+OFT 4-bit NF4 Language Model,bitsandbytes,bnb_4bit_nf4,True,7,LIVING_ROOM_SCENE1_put_both_the_alphabet_soup_and_the_cream_cheese_box_in_the_basket,put both the alphabet soup and the cream cheese box in the basket,3,3,7045,True,False,success,248,248,10.533737,31,248,248,30,154.088627787367,155.59984277933836,19.261078473420874,13.603809627614194,16.52465080842375,293.99988229476634,314.7536460310221,36.74998528684579,27.210895247839396,6.277223587036133,6.953125,0,0,0,0,0,0,0,0,,,,,/root/autodl-tmp/openvla_efficiency_project/scripts/Simulation/DF-06-02 LoRA+OFT INT4/output/videos/task_07_trial_003.mp4,2026-07-29T02:04:22.446703+00:00,2026-07-29T02:04:32.981316+00:00
task_07_trial_004,df_06_02_lora_oft_nf4_libero10_seed42_best_step100000,DF-04-03 LoRA+OFT 4-bit NF4 Language Model,bitsandbytes,bnb_4bit_nf4,True,7,LIVING_ROOM_SCENE1_put_both_the_alphabet_soup_and_the_cream_cheese_box_in_the_basket,put both the alphabet soup and the cream cheese box in the basket,4,4,7046,True,False,success,250,250,10.752237,32,256,250,31,155.14849097235128,161.07890298590064,19.859006844460964,12.918906204402447,14.692494180053473,288.6864829924889,314.1220255754888,36.95186982303858,27.06222999780446,6.277223587036133,6.953125,0,0,0,0,0,0,0,0,,,,,/root/autodl-tmp/openvla_efficiency_project/scripts/Simulation/DF-06-02 LoRA+OFT INT4/output/videos/task_07_trial_004.mp4,2026-07-29T02:04:32.984826+00:00,2026-07-29T02:04:43.737797+00:00
task_07_trial_005,df_06_02_lora_oft_nf4_libero10_seed42_best_step100000,DF-04-03 LoRA+OFT 4-bit NF4 Language Model,bitsandbytes,bnb_4bit_nf4,True,7,LIVING_ROOM_SCENE1_put_both_the_alphabet_soup_and_the_cream_cheese_box_in_the_basket,put both the alphabet soup and the cream cheese box in the basket,5,5,7047,True,False,success,249,249,10.637308,32,256,249,31,153.89039885485545,155.60950422659516,19.777079370905117,13.28323925115976,15.97440056502819,287.74485806934536,308.43306025490165,36.9792588683496,27.04218609572773,6.277223587036133,6.953125,0,0,0,0,0,0,0,0,,,,,/root/autodl-tmp/openvla_efficiency_project/scripts/Simulation/DF-06-02 LoRA+OFT INT4/output/videos/task_07_trial_005.mp4,2026-07-29T02:04:43.740040+00:00,2026-07-29T02:04:54.378079+00:00
task_07_trial_006,df_06_02_lora_oft_nf4_libero10_seed42_best_step100000,DF-04-03 LoRA+OFT 4-bit NF4 Language Model,bitsandbytes,bnb_4bit_nf4,True,7,LIVING_ROOM_SCENE1_put_both_the_alphabet_soup_and_the_cream_cheese_box_in_the_basket,put both the alphabet soup and the cream cheese box in the basket,6,6,7048,True,False,success,241,241,10.454673,31,248,241,30,154.78147488207586,156.82707726955414,19.909650296034656,13.788520370096093,18.076198175549507,292.97430963525846,327.8371812775731,37.68549211075939,26.535410418973807,6.277223587036133,6.953125,0,0,0,0,0,0,0,0,,,,,/root/autodl-tmp/openvla_efficiency_project/scripts/Simulation/DF-06-02 LoRA+OFT INT4/output/videos/task_07_trial_006.mp4,2026-07-29T02:04:54.381470+00:00,2026-07-29T02:05:04.836867+00:00
task_07_trial_007,df_06_02_lora_oft_nf4_libero10_seed42_best_step100000,DF-04-03 LoRA+OFT 4-bit NF4 Language Model,bitsandbytes,bnb_4bit_nf4,True,7,LIVING_ROOM_SCENE1_put_both_the_alphabet_soup_and_the_cream_cheese_box_in_the_basket,put both the alphabet soup and the cream cheese box in the basket,7,7,7049,True,False,success,232,232,9.936704,29,232,232,28,155.13744783298722,156.55512362718582,19.392180979123403,13.564201368918193,16.917608119547367,295.45171468936167,321.18038833141327,36.93146433617021,27.077182504800188,6.277223587036133,6.953125,0,0,0,0,0,0,0,0,,,,,/root/autodl-tmp/openvla_efficiency_project/scripts/Simulation/DF-06-02 LoRA+OFT INT4/output/videos/task_07_trial_007.mp4,2026-07-29T02:05:04.841340+00:00,2026-07-29T02:05:14.778978+00:00
task_07_trial_008,df_06_02_lora_oft_nf4_libero10_seed42_best_step100000,DF-04-03 LoRA+OFT 4-bit NF4 Language Model,bitsandbytes,bnb_4bit_nf4,True,7,LIVING_ROOM_SCENE1_put_both_the_alphabet_soup_and_the_cream_cheese_box_in_the_basket,put both the alphabet soup and the cream cheese box in the basket,8,8,7050,True,False,success,234,234,10.333781,30,240,234,29,154.84131562213102,156.14705458283424,19.85145072078603,13.793276973132395,17.580421175807714,294.3786809841792,329.35777334496373,37.74085653643323,26.496483963861486,6.277223587036133,6.953125,0,0,0,0,0,0,0,0,,,,,/root/autodl-tmp/openvla_efficiency_project/scripts/Simulation/DF-06-02 LoRA+OFT INT4/output/videos/task_07_trial_008.mp4,2026-07-29T02:05:14.783951+00:00,2026-07-29T02:05:25.118625+00:00
task_07_trial_009,df_06_02_lora_oft_nf4_libero10_seed42_best_step100000,DF-04-03 LoRA+OFT 4-bit NF4 Language Model,bitsandbytes,bnb_4bit_nf4,True,7,LIVING_ROOM_SCENE1_put_both_the_alphabet_soup_and_the_cream_cheese_box_in_the_basket,put both the alphabet soup and the cream cheese box in the basket,9,9,7051,True,False,success,233,233,10.452985,30,240,233,29,156.55142006774744,157.5779989361763,20.15683520185589,13.724026569992688,16.716716438531876,295.41046414524317,321.39350520446897,38.03568207878667,26.291102074326194,6.277223587036133,6.953125,0,0,0,0,0,0,0,0,,,,,/root/autodl-tmp/openvla_efficiency_project/scripts/Simulation/DF-06-02 LoRA+OFT INT4/output/videos/task_07_trial_009.mp4,2026-07-29T02:05:25.180017+00:00,2026-07-29T02:05:35.633778+00:00
task_07_trial_010,df_06_02_lora_oft_nf4_libero10_seed42_best_step100000,DF-04-03 LoRA+OFT 4-bit NF4 Language Model,bitsandbytes,bnb_4bit_nf4,True,7,LIVING_ROOM_SCENE1_put_both_the_alphabet_soup_and_the_cream_cheese_box_in_the_basket,put both the alphabet soup and the cream cheese box in the basket,10,10,7052,True,False,success,257,257,11.456135,33,264,257,32,156.6771755390095,158.04606303572655,20.118080905787213,13.709656843473475,17.772204428911206,296.1534345804742,327.5711752474308,38.02748381772626,26.296770114825655,6.277223587036133,6.953125,0,0,0,0,0,0,0,0,,,,,/root/autodl-tmp/openvla_efficiency_project/scripts/Simulation/DF-06-02 LoRA+OFT INT4/output/videos/task_07_trial_010.mp4,2026-07-29T02:05:35.637258+00:00,2026-07-29T02:05:47.094189+00:00
task_07_trial_011,df_06_02_lora_oft_nf4_libero10_seed42_best_step100000,DF-04-03 LoRA+OFT 4-bit NF4 Language Model,bitsandbytes,bnb_4bit_nf4,True,7,LIVING_ROOM_SCENE1_put_both_the_alphabet_soup_and_the_cream_cheese_box_in_the_basket,put both the alphabet soup and the cream cheese box in the basket,11,11,7053,True,False,success,257,257,11.414311,33,264,257,32,157.94738997338396,159.38721634447575,20.281182370123233,13.941665321356592,18.216152861714363,299.162812643882,332.71227665245533,38.413902012638545,26.03224217292454,6.277223587036133,6.953125,0,0,0,0,0,0,0,0,,,,,/root/autodl-tmp/openvla_efficiency_project/scripts/Simulation/DF-06-02 LoRA+OFT INT4/output/videos/task_07_trial_011.mp4,2026-07-29T02:05:47.167896+00:00,2026-07-29T02:05:58.583036+00:00
task_07_trial_012,df_06_02_lora_oft_nf4_libero10_seed42_best_step100000,DF-04-03 LoRA+OFT 4-bit NF4 Language Model,bitsandbytes,bnb_4bit_nf4,True,7,LIVING_ROOM_SCENE1_put_both_the_alphabet_soup_and_the_cream_cheese_box_in_the_basket,put both the alphabet soup and the cream cheese box in the basket,12,12,7054,True,False,success,234,234,10.353267,30,240,234,29,155.18898721784353,156.41284622251987,19.896024002287632,13.60441140161875,17.018655873835087,292.890205172201,324.44461956620216,37.55002630412833,26.63113980002879,6.277223587036133,6.953125,0,0,0,0,0,0,0,0,,,,,/root/autodl-tmp/openvla_efficiency_project/scripts/Simulation/DF-06-02 LoRA+OFT INT4/output/videos/task_07_trial_012.mp4,2026-07-29T02:05:58.585104+00:00,2026-07-29T02:06:08.939177+00:00
task_07_trial_013,df_06_02_lora_oft_nf4_libero10_seed42_best_step100000,DF-04-03 LoRA+OFT 4-bit NF4 Language Model,bitsandbytes,bnb_4bit_nf4,True,7,LIVING_ROOM_SCENE1_put_both_the_alphabet_soup_and_the_cream_cheese_box_in_the_basket,put both the alphabet soup and the cream cheese box in the basket,13,13,7055,True,False,success,223,223,9.622205,28,224,223,27,154.89028354308434,155.98100740462542,19.448107350701175,13.176662914221062,15.652733482420444,291.6047730749207,310.1731908507645,36.61405222465372,27.311918218291602,6.277223587036133,6.953125,0,0,0,0,0,0,0,0,,,,,/root/autodl-tmp/openvla_efficiency_project/scripts/Simulation/DF-06-02 LoRA+OFT INT4/output/videos/task_07_trial_013.mp4,2026-07-29T02:06:08.941754+00:00,2026-07-29T02:06:18.564796+00:00
task_07_trial_014,df_06_02_lora_oft_nf4_libero10_seed42_best_step100000,DF-04-03 LoRA+OFT 4-bit NF4 Language Model,bitsandbytes,bnb_4bit_nf4,True,7,LIVING_ROOM_SCENE1_put_both_the_alphabet_soup_and_the_cream_cheese_box_in_the_basket,put both the alphabet soup and the cream cheese box in the basket,14,14,7056,True,False,success,251,251,10.619778,32,256,251,31,154.62078398559242,155.63676562160254,19.712609910513777,12.680103163795167,14.03539627790451,285.90414917562157,298.96565759554505,36.449931369003544,27.4348939062855,6.277223587036133,6.953125,0,0,0,0,0,0,0,0,,,,,/root/autodl-tmp/openvla_efficiency_project/scripts/Simulation/DF-06-02 LoRA+OFT INT4/output/videos/task_07_trial_014.mp4,2026-07-29T02:06:18.567312+00:00,2026-07-29T02:06:29.187827+00:00
task_07_trial_015,df_06_02_lora_oft_nf4_libero10_seed42_best_step100000,DF-04-03 LoRA+OFT 4-bit NF4 Language Model,bitsandbytes,bnb_4bit_nf4,True,7,LIVING_ROOM_SCENE1_put_both_the_alphabet_soup_and_the_cream_cheese_box_in_the_basket,put both the alphabet soup and the cream cheese box in the basket,15,15,7057,True,False,success,221,221,9.552288,28,224,221,27,154.74832683269466,156.42815893515944,19.606122856631,13.624385488114205,16.637634485960007,293.11837422262346,316.20667073875666,37.137169584766774,26.92720019271981,6.277223587036133,6.953125,0,0,0,0,0,0,0,0,,,,,/root/autodl-tmp/openvla_efficiency_project/scripts/Simulation/DF-06-02 LoRA+OFT INT4/output/videos/task_07_trial_015.mp4,2026-07-29T02:06:29.211547+00:00,2026-07-29T02:06:38.764531+00:00
task_07_trial_016,df_06_02_lora_oft_nf4_libero10_seed42_best_step100000,DF-04-03 LoRA+OFT 4-bit NF4 Language Model,bitsandbytes,bnb_4bit_nf4,True,7,LIVING_ROOM_SCENE1_put_both_the_alphabet_soup_and_the_cream_cheese_box_in_the_basket,put both the alphabet soup and the cream cheese box in the basket,16,16,7058,True,False,success,250,250,10.700656,32,256,250,31,153.98002520669252,155.23009384050965,19.709443226456642,13.661570824682713,17.78402104973793,291.8436082545668,326.51911079883575,37.35598185658455,26.769474400088217,6.277223587036133,6.953125,0,0,0,0,0,0,0,0,,,,,/root/autodl-tmp/openvla_efficiency_project/scripts/Simulation/DF-06-02 LoRA+OFT INT4/output/videos/task_07_trial_016.mp4,2026-07-29T02:06:38.766762+00:00,2026-07-29T02:06:49.468124+00:00
task_07_trial_017,df_06_02_lora_oft_nf4_libero10_seed42_best_step100000,DF-04-03 LoRA+OFT 4-bit NF4 Language Model,bitsandbytes,bnb_4bit_nf4,True,7,LIVING_ROOM_SCENE1_put_both_the_alphabet_soup_and_the_cream_cheese_box_in_the_basket,put both the alphabet soup and the cream cheese box in the basket,17,17,7059,True,False,success,231,231,9.89692,29,232,231,28,154.82365751060945,156.90983273088932,19.43673622427565,13.67476632520234,17.694427631795406,295.1663746016807,326.7634853720665,37.05551888938848,26.986533449579305,6.277223587036133,6.953125,0,0,0,0,0,0,0,0,,,,,/root/autodl-tmp/openvla_efficiency_project/scripts/Simulation/DF-06-02 LoRA+OFT INT4/output/videos/task_07_trial_017.mp4,2026-07-29T02:06:49.523476+00:00,2026-07-29T02:06:59.421255+00:00
task_07_trial_018,df_06_02_lora_oft_nf4_libero10_seed42_best_step100000,DF-04-03 LoRA+OFT 4-bit NF4 Language Model,bitsandbytes,bnb_4bit_nf4,True,7,LIVING_ROOM_SCENE1_put_both_the_alphabet_soup_and_the_cream_cheese_box_in_the_basket,put both the alphabet soup and the cream cheese box in the basket,18,18,7060,True,False,success,226,226,9.961827,29,232,226,28,155.08091815843665,156.86974488198757,19.899763834489658,13.828334060654177,18.23986927047372,294.81372205090935,330.28283417224884,37.83007937821403,26.433991586491096,6.277223587036133,6.953125,0,0,0,0,0,0,0,0,,,,,/root/autodl-tmp/openvla_efficiency_project/scripts/Simulation/DF-06-02 LoRA+OFT INT4/output/videos/task_07_trial_018.mp4,2026-07-29T02:06:59.426461+00:00,2026-07-29T02:07:09.389081+00:00
task_07_trial_019,df_06_02_lora_oft_nf4_libero10_seed42_best_step100000,DF-04-03 LoRA+OFT 4-bit NF4 Language Model,bitsandbytes,bnb_4bit_nf4,True,7,LIVING_ROOM_SCENE1_put_both_the_alphabet_soup_and_the_cream_cheese_box_in_the_basket,put both the alphabet soup and the cream cheese box in the basket,19,19,7061,True,False,success,249,249,10.865695,32,256,249,31,156.5327323623933,167.29623656719923,20.11665636785777,13.513145474604814,15.81474281847477,293.54401148157194,323.60800839960575,37.72453159602531,26.507950071018534,6.277223587036133,6.953125,0,0,0,0,0,0,0,0,,,,,/root/autodl-tmp/openvla_efficiency_project/scripts/Simulation/DF-06-02 LoRA+OFT INT4/output/videos/task_07_trial_019.mp4,2026-07-29T02:07:09.446586+00:00,2026-07-29T02:07:20.313080+00:00
task_07_trial_020,df_06_02_lora_oft_nf4_libero10_seed42_best_step100000,DF-04-03 LoRA+OFT 4-bit NF4 Language Model,bitsandbytes,bnb_4bit_nf4,True,7,LIVING_ROOM_SCENE1_put_both_the_alphabet_soup_and_the_cream_cheese_box_in_the_basket,put both the alphabet soup and the cream cheese box in the basket,20,20,7062,True,False,success,233,233,10.336174,30,240,233,29,155.31329655398926,156.53627421706915,19.997420157165998,13.733438148199232,17.49048940837383,293.6040523772438,322.37967550754547,37.8030968726065,26.452859229229876,6.277223587036133,6.953125,0,0,0,0,0,0,0,0,,,,,/root/autodl-tmp/openvla_efficiency_project/scripts/Simulation/DF-06-02 LoRA+OFT INT4/output/videos/task_07_trial_020.mp4,2026-07-29T02:07:20.315232+00:00,2026-07-29T02:07:30.652191+00:00
task_07_trial_021,df_06_02_lora_oft_nf4_libero10_seed42_best_step100000,DF-04-03 LoRA+OFT 4-bit NF4 Language Model,bitsandbytes,bnb_4bit_nf4,True,7,LIVING_ROOM_SCENE1_put_both_the_alphabet_soup_and_the_cream_cheese_box_in_the_basket,put both the alphabet soup and the cream cheese box in the basket,21,21,7063,True,False,success,228,228,10.00504,29,232,228,28,154.71849892416904,156.4326923340559,19.679107319302204,14.063112805352398,18.528450373560183,296.9241015099246,331.58206194639206,37.76666203415707,26.478379240812334,6.277223587036133,6.953125,0,0,0,0,0,0,0,0,,,,,/root/autodl-tmp/openvla_efficiency_project/scripts/Simulation/DF-06-02 LoRA+OFT INT4/output/videos/task_07_trial_021.mp4,2026-07-29T02:07:30.660431+00:00,2026-07-29T02:07:40.666333+00:00
task_07_trial_022,df_06_02_lora_oft_nf4_libero10_seed42_best_step100000,DF-04-03 LoRA+OFT 4-bit NF4 Language Model,bitsandbytes,bnb_4bit_nf4,True,7,LIVING_ROOM_SCENE1_put_both_the_alphabet_soup_and_the_cream_cheese_box_in_the_basket,put both the alphabet soup and the cream cheese box in the basket,22,22,7064,True,False,success,218,218,9.692537,28,224,218,27,154.67974111171705,155.95663860440254,19.867122711596686,13.662911379077565,17.18598064035177,293.30577621502533,320.65767850726843,37.67230153220509,26.544701526800146,6.277223587036133,6.953125,0,0,0,0,0,0,0,0,,,,,/root/autodl-tmp/openvla_efficiency_project/scripts/Simulation/DF-06-02 LoRA+OFT INT4/output/videos/task_07_trial_022.mp4,2026-07-29T02:07:40.725324+00:00,2026-07-29T02:07:50.418651+00:00
task_07_trial_023,df_06_02_lora_oft_nf4_libero10_seed42_best_step100000,DF-04-03 LoRA+OFT 4-bit NF4 Language Model,bitsandbytes,bnb_4bit_nf4,True,7,LIVING_ROOM_SCENE1_put_both_the_alphabet_soup_and_the_cream_cheese_box_in_the_basket,put both the alphabet soup and the cream cheese box in the basket,23,23,7065,False,True,timeout,520,,20.864947,65,520,520,64,154.8365719616413,156.8079210817814,19.354571495205164,13.819938281980845,15.833063051104546,296.9289853882331,310.7877966016531,37.11612317352914,26.94246905380437,6.277223587036133,6.953125,0,0,0,0,0,0,0,0,timeout,"collapse_diagnostics={""zero_equivalent_arm_action_count"":0,""zero_equivalent_full_noop_count"":0,""repeated_action_count"":0,""repeated_chunk_count"":0,""max_consecutive_zero_equivalent_actions"":0,""max_consecutive_repeated_chunks"":0}",,,/root/autodl-tmp/openvla_efficiency_project/scripts/Simulation/DF-06-02 LoRA+OFT INT4/output/videos/task_07_trial_023.mp4,2026-07-29T02:07:50.457990+00:00,2026-07-29T02:08:11.323828+00:00
task_07_trial_024,df_06_02_lora_oft_nf4_libero10_seed42_best_step100000,DF-04-03 LoRA+OFT 4-bit NF4 Language Model,bitsandbytes,bnb_4bit_nf4,True,7,LIVING_ROOM_SCENE1_put_both_the_alphabet_soup_and_the_cream_cheese_box_in_the_basket,put both the alphabet soup and the cream cheese box in the basket,24,24,7066,True,False,success,233,233,10.272574,30,240,233,29,154.73286639899015,155.79332523047924,19.922686660814183,13.627089048404038,16.769812256097794,292.58761188636225,320.99893894046545,37.67222470639857,26.54475566000092,6.277223587036133,6.953125,0,0,0,0,0,0,0,0,,,,,/root/autodl-tmp/openvla_efficiency_project/scripts/Simulation/DF-06-02 LoRA+OFT INT4/output/videos/task_07_trial_024.mp4,2026-07-29T02:08:11.372332+00:00,2026-07-29T02:08:21.645731+00:00
task_07_trial_025,df_06_02_lora_oft_nf4_libero10_seed42_best_step100000,DF-04-03 LoRA+OFT 4-bit NF4 Language Model,bitsandbytes,bnb_4bit_nf4,True,7,LIVING_ROOM_SCENE1_put_both_the_alphabet_soup_and_the_cream_cheese_box_in_the_basket,put both the alphabet soup and the cream cheese box in the basket,25,25,7067,True,False,success,262,262,10.937432,33,264,262,32,154.8275931766539,156.06622025370598,19.501185400112895,12.728653123019306,13.937653973698616,287.2094749049707,295.4773489385843,36.175239205587914,27.643217348664614,6.277223587036133,6.953125,0,0,0,0,0,0,0,0,,,,,/root/autodl-tmp/openvla_efficiency_project/scripts/Simulation/DF-06-02 LoRA+OFT INT4/output/videos/task_07_trial_025.mp4,2026-07-29T02:08:21.647978+00:00,2026-07-29T02:08:32.586201+00:00
task_07_trial_026,df_06_02_lora_oft_nf4_libero10_seed42_best_step100000,DF-04-03 LoRA+OFT 4-bit NF4 Language Model,bitsandbytes,bnb_4bit_nf4,True,7,LIVING_ROOM_SCENE1_put_both_the_alphabet_soup_and_the_cream_cheese_box_in_the_basket,put both the alphabet soup and the cream cheese box in the basket,26,26,7068,True,False,success,242,242,10.401738,31,248,242,30,156.93208521171923,157.0753501728177,20.102870419683043,12.700844748515236,14.352460764348505,287.6995038842001,299.04128331691027,36.85406867938101,27.134046140188495,6.277223587036133,6.953125,0,0,0,0,0,0,0,0,,,,,/root/autodl-tmp/openvla_efficiency_project/scripts/Simulation/DF-06-02 LoRA+OFT INT4/output/videos/task_07_trial_026.mp4,2026-07-29T02:08:32.588384+00:00,2026-07-29T02:08:42.990856+00:00
task_07_trial_027,df_06_02_lora_oft_nf4_libero10_seed42_best_step100000,DF-04-03 LoRA+OFT 4-bit NF4 Language Model,bitsandbytes,bnb_4bit_nf4,True,7,LIVING_ROOM_SCENE1_put_both_the_alphabet_soup_and_the_cream_cheese_box_in_the_basket,put both the alphabet soup and the cream cheese box in the basket,27,27,7069,True,False,success,273,273,11.340009,35,280,273,34,154.33760327952248,155.53065780550241,19.786872215323395,12.673522164915507,14.021303877234457,283.915551379323,294.36408169567585,36.39942966401577,27.47295793451932,6.277223587036133,6.953125,0,0,0,0,0,0,0,0,,,,,/root/autodl-tmp/openvla_efficiency_project/scripts/Simulation/DF-06-02 LoRA+OFT INT4/output/videos/task_07_trial_027.mp4,2026-07-29T02:08:42.993056+00:00,2026-07-29T02:08:54.333809+00:00
task_07_trial_028,df_06_02_lora_oft_nf4_libero10_seed42_best_step100000,DF-04-03 LoRA+OFT 4-bit NF4 Language Model,bitsandbytes,bnb_4bit_nf4,True,7,LIVING_ROOM_SCENE1_put_both_the_alphabet_soup_and_the_cream_cheese_box_in_the_basket,put both the alphabet soup and the cream cheese box in the basket,28,28,7070,True,False,success,256,256,10.714833,32,256,256,31,154.70100805396214,156.58665811643004,19.337626006745268,13.046492756984662,15.012545511126518,291.0694522433914,304.26577646285295,36.38368153042393,27.484849194378608,6.277223587036133,6.953125,0,0,0,0,0,0,0,0,,,,,/root/autodl-tmp/openvla_efficiency_project/scripts/Simulation/DF-06-02 LoRA+OFT INT4/output/videos/task_07_trial_028.mp4,2026-07-29T02:08:54.336092+00:00,2026-07-29T02:09:05.051801+00:00
task_07_trial_029,df_06_02_lora_oft_nf4_libero10_seed42_best_step100000,DF-04-03 LoRA+OFT 4-bit NF4 Language Model,bitsandbytes,bnb_4bit_nf4,True,7,LIVING_ROOM_SCENE1_put_both_the_alphabet_soup_and_the_cream_cheese_box_in_the_basket,put both the alphabet soup and the cream cheese box in the basket,29,29,7071,True,False,success,237,237,10.446022,30,240,237,29,157.61953424662352,181.76478566601858,19.95183977805361,14.044522453209519,20.135561004281044,300.76884428660077,358.6108508519828,38.07200560589883,26.266018406055846,6.277223587036133,6.953125,0,0,0,0,0,0,0,0,,,,,/root/autodl-tmp/openvla_efficiency_project/scripts/Simulation/DF-06-02 LoRA+OFT INT4/output/videos/task_07_trial_029.mp4,2026-07-29T02:09:05.092117+00:00,2026-07-29T02:09:15.538987+00:00
task_07_trial_030,df_06_02_lora_oft_nf4_libero10_seed42_best_step100000,DF-04-03 LoRA+OFT 4-bit NF4 Language Model,bitsandbytes,bnb_4bit_nf4,True,7,LIVING_ROOM_SCENE1_put_both_the_alphabet_soup_and_the_cream_cheese_box_in_the_basket,put both the alphabet soup and the cream cheese box in the basket,30,30,7072,True,False,success,239,239,10.420058,30,240,239,29,154.29916741947332,155.8699938468635,19.368096328804185,13.733588548759037,17.446215078234673,295.7259439552824,320.0534453615546,37.120411375140044,26.939356622262842,6.277223587036133,6.953125,0,0,0,0,0,0,0,0,,,,,/root/autodl-tmp/openvla_efficiency_project/scripts/Simulation/DF-06-02 LoRA+OFT INT4/output/videos/task_07_trial_030.mp4,2026-07-29T02:09:15.540983+00:00,2026-07-29T02:09:25.961801+00:00
task_07_trial_031,df_06_02_lora_oft_nf4_libero10_seed42_best_step100000,DF-04-03 LoRA+OFT 4-bit NF4 Language Model,bitsandbytes,bnb_4bit_nf4,True,7,LIVING_ROOM_SCENE1_put_both_the_alphabet_soup_and_the_cream_cheese_box_in_the_basket,put both the alphabet soup and the cream cheese box in the basket,31,31,7073,True,False,success,241,241,10.370998,31,248,241,30,154.41904583525272,155.38366418331861,19.86303079208645,13.335034119823167,16.099853441119194,289.1872719290756,309.4695536419749,37.198362779258694,26.882903581917496,6.277223587036133,6.953125,0,0,0,0,0,0,0,0,,,,,/root/autodl-tmp/openvla_efficiency_project/scripts/Simulation/DF-06-02 LoRA+OFT INT4/output/videos/task_07_trial_031.mp4,2026-07-29T02:09:25.964572+00:00,2026-07-29T02:09:36.336391+00:00
task_07_trial_032,df_06_02_lora_oft_nf4_libero10_seed42_best_step100000,DF-04-03 LoRA+OFT 4-bit NF4 Language Model,bitsandbytes,bnb_4bit_nf4,True,7,LIVING_ROOM_SCENE1_put_both_the_alphabet_soup_and_the_cream_cheese_box_in_the_basket,put both the alphabet soup and the cream cheese box in the basket,32,32,7074,True,False,success,247,247,10.496861,31,248,247,30,154.64761823175414,156.06054663658142,19.409215243661453,13.515706652933769,17.00211614370346,294.1929219110358,320.12596260756254,36.922998296526764,27.083391006576708,6.277223587036133,6.953125,0,0,0,0,0,0,0,0,,,,,/root/autodl-tmp/openvla_efficiency_project/scripts/Simulation/DF-06-02 LoRA+OFT INT4/output/videos/task_07_trial_032.mp4,2026-07-29T02:09:36.338839+00:00,2026-07-29T02:09:46.836546+00:00
task_07_trial_033,df_06_02_lora_oft_nf4_libero10_seed42_best_step100000,DF-04-03 LoRA+OFT 4-bit NF4 Language Model,bitsandbytes,bnb_4bit_nf4,True,7,LIVING_ROOM_SCENE1_put_both_the_alphabet_soup_and_the_cream_cheese_box_in_the_basket,put both the alphabet soup and the cream cheese box in the basket,33,33,7075,True,False,success,239,239,10.292117,30,240,239,29,155.28991812219223,160.05760105326772,19.49245834169777,13.482467127207931,16.60498585551977,294.29023259629804,321.6615031473338,36.940196560204775,27.07078178022712,6.277223587036133,6.953125,0,0,0,0,0,0,0,0,,,,,/root/autodl-tmp/openvla_efficiency_project/scripts/Simulation/DF-06-02 LoRA+OFT INT4/output/videos/task_07_trial_033.mp4,2026-07-29T02:09:46.943438+00:00,2026-07-29T02:09:57.236313+00:00
task_07_trial_034,df_06_02_lora_oft_nf4_libero10_seed42_best_step100000,DF-04-03 LoRA+OFT 4-bit NF4 Language Model,bitsandbytes,bnb_4bit_nf4,True,7,LIVING_ROOM_SCENE1_put_both_the_alphabet_soup_and_the_cream_cheese_box_in_the_basket,put both the alphabet soup and the cream cheese box in the basket,34,34,7076,True,False,success,235,235,10.12414,30,240,235,29,154.00585997849703,155.04269683733582,19.66032255044643,13.246650423141237,16.560683399438858,288.8102549438675,313.52908993139863,36.8693942481533,27.122767281431198,6.277223587036133,6.953125,0,0,0,0,0,0,0,0,,,,,/root/autodl-tmp/openvla_efficiency_project/scripts/Simulation/DF-06-02 LoRA+OFT INT4/output/videos/task_07_trial_034.mp4,2026-07-29T02:09:57.239950+00:00,2026-07-29T02:10:07.364817+00:00
task_07_trial_035,df_06_02_lora_oft_nf4_libero10_seed42_best_step100000,DF-04-03 LoRA+OFT 4-bit NF4 Language Model,bitsandbytes,bnb_4bit_nf4,True,7,LIVING_ROOM_SCENE1_put_both_the_alphabet_soup_and_the_cream_cheese_box_in_the_basket,put both the alphabet soup and the cream cheese box in the basket,35,35,7077,True,False,success,233,233,9.902347,30,240,233,29,154.55359015613794,155.88480504229665,19.89960388276454,12.698614985837956,14.15705271065235,284.5539052660267,297.16223096475005,36.63784187974592,27.29418406472294,6.277223587036133,6.953125,0,0,0,0,0,0,0,0,,,,,/root/autodl-tmp/openvla_efficiency_project/scripts/Simulation/DF-06-02 LoRA+OFT INT4/output/videos/task_07_trial_035.mp4,2026-07-29T02:10:07.412756+00:00,2026-07-29T02:10:17.315880+00:00
task_07_trial_036,df_06_02_lora_oft_nf4_libero10_seed42_best_step100000,DF-04-03 LoRA+OFT 4-bit NF4 Language Model,bitsandbytes,bnb_4bit_nf4,True,7,LIVING_ROOM_SCENE1_put_both_the_alphabet_soup_and_the_cream_cheese_box_in_the_basket,put both the alphabet soup and the cream cheese box in the basket,36,36,7078,True,False,success,237,237,10.147767,30,240,237,29,154.10407688468695,155.64033016562462,19.50684517527683,13.45993091159732,16.368211433291435,292.3683838297923,312.3530295677483,37.00865618098637,27.020705510343866,6.277223587036133,6.953125,0,0,0,0,0,0,0,0,,,,,/root/autodl-tmp/openvla_efficiency_project/scripts/Simulation/DF-06-02 LoRA+OFT INT4/output/videos/task_07_trial_036.mp4,2026-07-29T02:10:17.320135+00:00,2026-07-29T02:10:27.468750+00:00
task_07_trial_037,df_06_02_lora_oft_nf4_libero10_seed42_best_step100000,DF-04-03 LoRA+OFT 4-bit NF4 Language Model,bitsandbytes,bnb_4bit_nf4,True,7,LIVING_ROOM_SCENE1_put_both_the_alphabet_soup_and_the_cream_cheese_box_in_the_basket,put both the alphabet soup and the cream cheese box in the basket,37,37,7079,True,False,success,235,235,10.247534,30,240,235,29,154.5207324127356,157.8798365779221,19.726050946306675,13.826538622379303,18.30961536616087,294.2666926731666,331.1393444426358,37.56596076678723,26.619843592130856,6.277223587036133,6.953125,0,0,0,0,0,0,0,0,,,,,/root/autodl-tmp/openvla_efficiency_project/scripts/Simulation/DF-06-02 LoRA+OFT INT4/output/videos/task_07_trial_037.mp4,2026-07-29T02:10:27.472635+00:00,2026-07-29T02:10:37.720965+00:00
task_07_trial_038,df_06_02_lora_oft_nf4_libero10_seed42_best_step100000,DF-04-03 LoRA+OFT 4-bit NF4 Language Model,bitsandbytes,bnb_4bit_nf4,True,7,LIVING_ROOM_SCENE1_put_both_the_alphabet_soup_and_the_cream_cheese_box_in_the_basket,put both the alphabet soup and the cream cheese box in the basket,38,38,7080,True,False,success,274,274,11.661544,35,280,274,34,153.78778779080935,154.65222839266062,19.644425447731123,13.40396484074584,16.891920939087864,290.04354359848156,316.0260185599327,37.04935775893013,26.991021180629417,6.277223587036133,6.953125,0,0,0,0,0,0,0,0,,,,,/root/autodl-tmp/openvla_efficiency_project/scripts/Simulation/DF-06-02 LoRA+OFT INT4/output/videos/task_07_trial_038.mp4,2026-07-29T02:10:37.724614+00:00,2026-07-29T02:10:49.386888+00:00
task_07_trial_039,df_06_02_lora_oft_nf4_libero10_seed42_best_step100000,DF-04-03 LoRA+OFT 4-bit NF4 Language Model,bitsandbytes,bnb_4bit_nf4,True,7,LIVING_ROOM_SCENE1_put_both_the_alphabet_soup_and_the_cream_cheese_box_in_the_basket,put both the alphabet soup and the cream cheese box in the basket,39,39,7081,True,False,success,279,279,11.612444,35,280,279,34,154.2639293308769,156.1025332659483,19.35210583003832,13.26070808702045,15.402994491159914,291.3201153278351,307.8866094350815,36.54553418091121,27.36312445317406,6.277223587036133,6.953125,0,0,0,0,0,0,0,0,,,,,/root/autodl-tmp/openvla_efficiency_project/scripts/Simulation/DF-06-02 LoRA+OFT INT4/output/videos/task_07_trial_039.mp4,2026-07-29T02:10:49.422411+00:00,2026-07-29T02:11:01.035602+00:00
task_07_trial_040,df_06_02_lora_oft_nf4_libero10_seed42_best_step100000,DF-04-03 LoRA+OFT 4-bit NF4 Language Model,bitsandbytes,bnb_4bit_nf4,True,7,LIVING_ROOM_SCENE1_put_both_the_alphabet_soup_and_the_cream_cheese_box_in_the_basket,put both the alphabet soup and the cream cheese box in the basket,40,40,7082,True,False,success,233,233,9.901107,30,240,233,29,153.67689269284406,155.152219068259,19.786724381052885,12.747619668813222,14.02001716196537,284.0271720041831,295.26667976751924,36.57002214646135,27.34480159719465,6.277223587036133,6.953125,0,0,0,0,0,0,0,0,,,,,/root/autodl-tmp/openvla_efficiency_project/scripts/Simulation/DF-06-02 LoRA+OFT INT4/output/videos/task_07_trial_040.mp4,2026-07-29T02:11:01.037547+00:00,2026-07-29T02:11:10.939495+00:00
task_07_trial_041,df_06_02_lora_oft_nf4_libero10_seed42_best_step100000,DF-04-03 LoRA+OFT 4-bit NF4 Language Model,bitsandbytes,bnb_4bit_nf4,True,7,LIVING_ROOM_SCENE1_put_both_the_alphabet_soup_and_the_cream_cheese_box_in_the_basket,put both the alphabet soup and the cream cheese box in the basket,41,41,7083,True,False,success,231,231,9.966186,29,232,231,28,153.95479026282655,155.23642860352993,19.32765765204316,13.641815576137919,17.343897372484207,294.0361527404908,321.0122127085924,36.91362956482352,27.09026480974767,6.277223587036133,6.953125,0,0,0,0,0,0,0,0,,,,,/root/autodl-tmp/openvla_efficiency_project/scripts/Simulation/DF-06-02 LoRA+OFT INT4/output/videos/task_07_trial_041.mp4,2026-07-29T02:11:10.944381+00:00,2026-07-29T02:11:20.911366+00:00
task_07_trial_042,df_06_02_lora_oft_nf4_libero10_seed42_best_step100000,DF-04-03 LoRA+OFT 4-bit NF4 Language Model,bitsandbytes,bnb_4bit_nf4,True,7,LIVING_ROOM_SCENE1_put_both_the_alphabet_soup_and_the_cream_cheese_box_in_the_basket,put both the alphabet soup and the cream cheese box in the basket,42,42,7084,True,False,success,240,240,10.249015,30,240,240,29,153.91257101049027,155.48205161467195,19.239071376311284,13.442612338500718,16.660187486559153,292.51460935920477,316.0040476359427,36.564326169900596,27.349061359790365,6.277223587036133,6.953125,0,0,0,0,0,0,0,0,,,,,/root/autodl-tmp/openvla_efficiency_project/scripts/Simulation/DF-06-02 LoRA+OFT INT4/output/videos/task_07_trial_042.mp4,2026-07-29T02:11:20.913854+00:00,2026-07-29T02:11:31.163620+00:00
task_07_trial_043,df_06_02_lora_oft_nf4_libero10_seed42_best_step100000,DF-04-03 LoRA+OFT 4-bit NF4 Language Model,bitsandbytes,bnb_4bit_nf4,True,7,LIVING_ROOM_SCENE1_put_both_the_alphabet_soup_and_the_cream_cheese_box_in_the_basket,put both the alphabet soup and the cream cheese box in the basket,43,43,7085,True,False,success,250,250,10.713667,32,256,250,31,154.56989326048642,155.4184946231544,19.784946337342262,13.427899740636349,15.54971020668745,290.6998854014091,309.7712188027799,37.20958533138037,26.874795596194378,6.277223587036133,6.953125,0,0,0,0,0,0,0,0,,,,,/root/autodl-tmp/openvla_efficiency_project/scripts/Simulation/DF-06-02 LoRA+OFT INT4/output/videos/task_07_trial_043.mp4,2026-07-29T02:11:31.165696+00:00,2026-07-29T02:11:41.880136+00:00
task_07_trial_044,df_06_02_lora_oft_nf4_libero10_seed42_best_step100000,DF-04-03 LoRA+OFT 4-bit NF4 Language Model,bitsandbytes,bnb_4bit_nf4,True,7,LIVING_ROOM_SCENE1_put_both_the_alphabet_soup_and_the_cream_cheese_box_in_the_basket,put both the alphabet soup and the cream cheese box in the basket,44,44,7086,False,True,timeout,520,,19.925374,65,520,520,64,154.53169085085392,156.31369054317474,19.31646135635674,12.391897523775697,14.181941561400889,285.1988416451674,294.56424973905087,35.64985520564593,28.050604812600426,6.277223587036133,6.953125,0,0,0,0,0,0,0,0,timeout,"collapse_diagnostics={""zero_equivalent_arm_action_count"":0,""zero_equivalent_full_noop_count"":0,""repeated_action_count"":0,""repeated_chunk_count"":0,""max_consecutive_zero_equivalent_actions"":0,""max_consecutive_repeated_chunks"":0}",,,/root/autodl-tmp/openvla_efficiency_project/scripts/Simulation/DF-06-02 LoRA+OFT INT4/output/videos/task_07_trial_044.mp4,2026-07-29T02:11:41.882121+00:00,2026-07-29T02:12:01.808435+00:00
task_07_trial_045,df_06_02_lora_oft_nf4_libero10_seed42_best_step100000,DF-04-03 LoRA+OFT 4-bit NF4 Language Model,bitsandbytes,bnb_4bit_nf4,True,7,LIVING_ROOM_SCENE1_put_both_the_alphabet_soup_and_the_cream_cheese_box_in_the_basket,put both the alphabet soup and the cream cheese box in the basket,45,45,7087,True,False,success,237,237,10.186255,30,240,237,29,154.6470321714878,156.54717162251472,19.575573692593395,13.391371093344588,17.118965834379193,291.7327482253313,318.4848064556718,36.92819597789004,27.07957899158487,6.277223587036133,6.953125,0,0,0,0,0,0,0,0,,,,,/root/autodl-tmp/openvla_efficiency_project/scripts/Simulation/DF-06-02 LoRA+OFT INT4/output/videos/task_07_trial_045.mp4,2026-07-29T02:12:01.811342+00:00,2026-07-29T02:12:11.998469+00:00
task_07_trial_046,df_06_02_lora_oft_nf4_libero10_seed42_best_step100000,DF-04-03 LoRA+OFT 4-bit NF4 Language Model,bitsandbytes,bnb_4bit_nf4,True,7,LIVING_ROOM_SCENE1_put_both_the_alphabet_soup_and_the_cream_cheese_box_in_the_basket,put both the alphabet soup and the cream cheese box in the basket,46,46,7088,True,False,success,247,247,10.523132,31,248,247,30,155.63342624133634,157.29424729943275,19.532940135552334,12.859582848213462,14.917410537600517,290.6961846015146,303.0662536621094,36.484136528935025,27.40917272927413,6.277223587036133,6.953125,0,0,0,0,0,0,0,0,,,,,/root/autodl-tmp/openvla_efficiency_project/scripts/Simulation/DF-06-02 LoRA+OFT INT4/output/videos/task_07_trial_046.mp4,2026-07-29T02:12:12.340699+00:00,2026-07-29T02:12:22.864667+00:00
task_07_trial_047,df_06_02_lora_oft_nf4_libero10_seed42_best_step100000,DF-04-03 LoRA+OFT 4-bit NF4 Language Model,bitsandbytes,bnb_4bit_nf4,True,7,LIVING_ROOM_SCENE1_put_both_the_alphabet_soup_and_the_cream_cheese_box_in_the_basket,put both the alphabet soup and the cream cheese box in the basket,47,47,7089,True,False,success,243,243,10.512556,31,248,243,30,155.05915327418236,158.38506259024143,19.781208853908037,13.704511409801711,17.413714341819283,294.09880413403437,323.8091543316841,37.51877748211961,26.65332047337022,6.277223587036133,6.953125,0,0,0,0,0,0,0,0,,,,,/root/autodl-tmp/openvla_efficiency_project/scripts/Simulation/DF-06-02 LoRA+OFT INT4/output/videos/task_07_trial_047.mp4,2026-07-29T02:12:22.867334+00:00,2026-07-29T02:12:33.380681+00:00
task_07_trial_048,df_06_02_lora_oft_nf4_libero10_seed42_best_step100000,DF-04-03 LoRA+OFT 4-bit NF4 Language Model,bitsandbytes,bnb_4bit_nf4,True,7,LIVING_ROOM_SCENE1_put_both_the_alphabet_soup_and_the_cream_cheese_box_in_the_basket,put both the alphabet soup and the cream cheese box in the basket,48,48,7090,True,False,success,234,234,10.164391,30,240,234,29,154.11885883659124,156.9556032307446,19.758828055973236,13.434600761621935,17.60433735325932,290.3258449708422,325.3047966398299,37.221262175749,26.866364586946656,6.277223587036133,6.953125,0,0,0,0,0,0,0,0,,,,,/root/autodl-tmp/openvla_efficiency_project/scripts/Simulation/DF-06-02 LoRA+OFT INT4/output/videos/task_07_trial_048.mp4,2026-07-29T02:12:33.387624+00:00,2026-07-29T02:12:43.552778+00:00
task_07_trial_049,df_06_02_lora_oft_nf4_libero10_seed42_best_step100000,DF-04-03 LoRA+OFT 4-bit NF4 Language Model,bitsandbytes,bnb_4bit_nf4,True,7,LIVING_ROOM_SCENE1_put_both_the_alphabet_soup_and_the_cream_cheese_box_in_the_basket,put both the alphabet soup and the cream cheese box in the basket,49,49,7091,True,False,success,232,232,9.941927,29,232,232,28,153.95186321231824,155.61677068471909,19.24398290153978,13.385494239628315,16.57340293750167,292.6154521390282,310.74796356260777,36.576931517378526,27.339636172730277,6.277223587036133,6.953125,0,0,0,0,0,0,0,0,,,,,/root/autodl-tmp/openvla_efficiency_project/scripts/Simulation/DF-06-02 LoRA+OFT INT4/output/videos/task_07_trial_049.mp4,2026-07-29T02:12:43.555750+00:00,2026-07-29T02:12:53.498413+00:00
task_08_trial_000,df_06_02_lora_oft_nf4_libero10_seed42_best_step100000,DF-04-03 LoRA+OFT 4-bit NF4 Language Model,bitsandbytes,bnb_4bit_nf4,True,8,KITCHEN_SCENE8_put_both_moka_pots_on_the_stove,put both moka pots on the stove,0,0,8042,True,False,success,369,369,14.538875,47,376,369,46,154.62009561188677,156.4628792926669,19.694158519671216,12.940584245291829,14.121713489294052,287.460880948508,297.54415936768055,36.61425854899696,27.31176431339738,6.273154258728027,6.953125,0,0,0,0,0,0,0,0,,,,,/root/autodl-tmp/openvla_efficiency_project/scripts/Simulation/DF-06-02 LoRA+OFT INT4/output/videos/task_08_trial_000.mp4,2026-07-29T02:12:54.446458+00:00,2026-07-29T02:13:08.986163+00:00
task_08_trial_001,df_06_02_lora_oft_nf4_libero10_seed42_best_step100000,DF-04-03 LoRA+OFT 4-bit NF4 Language Model,bitsandbytes,bnb_4bit_nf4,True,8,KITCHEN_SCENE8_put_both_moka_pots_on_the_stove,put both moka pots on the stove,1,1,8043,True,False,success,362,362,14.320383,46,368,362,45,154.89374797629273,156.88485419377685,19.682630958313442,13.121647240583739,14.566140621900557,288.85682599376076,299.7673060745001,36.70556352406905,27.24382638463695,6.273154258728027,6.953125,0,0,0,0,0,0,0,0,,,,,/root/autodl-tmp/openvla_efficiency_project/scripts/Simulation/DF-06-02 LoRA+OFT INT4/output/videos/task_08_trial_001.mp4,2026-07-29T02:13:09.000027+00:00,2026-07-29T02:13:23.321157+00:00
task_08_trial_002,df_06_02_lora_oft_nf4_libero10_seed42_best_step100000,DF-04-03 LoRA+OFT 4-bit NF4 Language Model,bitsandbytes,bnb_4bit_nf4,True,8,KITCHEN_SCENE8_put_both_moka_pots_on_the_stove,put both moka pots on the stove,2,2,8044,False,True,timeout,520,,20.237849,65,520,520,64,155.4979352423778,157.7384002506733,19.437241905297224,13.430948114882295,15.032066684216261,294.44083634477397,311.20621003210545,36.805104543096746,27.170144261621516,6.273154258728027,6.953125,0,0,0,0,0,0,0,0,timeout,"collapse_diagnostics={""zero_equivalent_arm_action_count"":0,""zero_equivalent_full_noop_count"":0,""repeated_action_count"":0,""repeated_chunk_count"":0,""max_consecutive_zero_equivalent_actions"":0,""max_consecutive_repeated_chunks"":0}",,,/root/autodl-tmp/openvla_efficiency_project/scripts/Simulation/DF-06-02 LoRA+OFT INT4/output/videos/task_08_trial_002.mp4,2026-07-29T02:13:23.323283+00:00,2026-07-29T02:13:43.562149+00:00
task_08_trial_003,df_06_02_lora_oft_nf4_libero10_seed42_best_step100000,DF-04-03 LoRA+OFT 4-bit NF4 Language Model,bitsandbytes,bnb_4bit_nf4,True,8,KITCHEN_SCENE8_put_both_moka_pots_on_the_stove,put both moka pots on the stove,3,3,8045,True,False,success,426,426,17.002408,54,432,426,53,154.93744880788856,157.59258568286896,19.63995829959151,13.40993558944251,15.225783456116915,291.7226852711152,304.8473854549229,36.978931935775165,27.042425177038517,6.273154258728027,6.953125,0,0,0,0,0,0,0,0,,,,,/root/autodl-tmp/openvla_efficiency_project/scripts/Simulation/DF-06-02 LoRA+OFT INT4/output/videos/task_08_trial_003.mp4,2026-07-29T02:13:43.565330+00:00,2026-07-29T02:14:00.568623+00:00
task_08_trial_004,df_06_02_lora_oft_nf4_libero10_seed42_best_step100000,DF-04-03 LoRA+OFT 4-bit NF4 Language Model,bitsandbytes,bnb_4bit_nf4,True,8,KITCHEN_SCENE8_put_both_moka_pots_on_the_stove,put both moka pots on the stove,4,4,8046,True,False,success,411,411,16.162681,52,416,411,51,154.7304977519581,156.3282746821642,19.57660798808229,13.101871395053074,14.39029723405838,289.18603625005255,298.1634693220258,36.58801431874144,27.33135477887279,6.273154258728027,6.953125,0,0,0,0,0,0,0,0,,,,,/root/autodl-tmp/openvla_efficiency_project/scripts/Simulation/DF-06-02 LoRA+OFT INT4/output/videos/task_08_trial_004.mp4,2026-07-29T02:14:00.570525+00:00,2026-07-29T02:14:16.734042+00:00
task_08_trial_005,df_06_02_lora_oft_nf4_libero10_seed42_best_step100000,DF-04-03 LoRA+OFT 4-bit NF4 Language Model,bitsandbytes,bnb_4bit_nf4,True,8,KITCHEN_SCENE8_put_both_moka_pots_on_the_stove,put both moka pots on the stove,5,5,8047,True,False,success,433,433,17.021464,55,440,433,54,154.90255982361057,157.85607490688562,19.675844781290024,13.04477599490322,14.848299324512482,288.4629650888118,298.77192061394453,36.64079233229711,27.291986235749267,6.273154258728027,6.953125,0,0,0,0,0,0,0,0,,,,,/root/autodl-tmp/openvla_efficiency_project/scripts/Simulation/DF-06-02 LoRA+OFT INT4/output/videos/task_08_trial_005.mp4,2026-07-29T02:14:16.736079+00:00,2026-07-29T02:14:33.758345+00:00
task_08_trial_006,df_06_02_lora_oft_nf4_libero10_seed42_best_step100000,DF-04-03 LoRA+OFT 4-bit NF4 Language Model,bitsandbytes,bnb_4bit_nf4,True,8,KITCHEN_SCENE8_put_both_moka_pots_on_the_stove,put both moka pots on the stove,6,6,8048,False,True,timeout,520,,20.251371,65,520,520,64,155.86077811626288,159.37885716557503,19.48259726453286,13.460928853601217,15.368994977325201,294.90119258944804,306.36478289961815,36.862649073681006,27.127730239929353,6.273154258728027,6.953125,0,0,0,0,0,0,0,0,timeout,"collapse_diagnostics={""zero_equivalent_arm_action_count"":0,""zero_equivalent_full_noop_count"":0,""repeated_action_count"":0,""repeated_chunk_count"":0,""max_consecutive_zero_equivalent_actions"":0,""max_consecutive_repeated_chunks"":0}",,,/root/autodl-tmp/openvla_efficiency_project/scripts/Simulation/DF-06-02 LoRA+OFT INT4/output/videos/task_08_trial_006.mp4,2026-07-29T02:14:33.760304+00:00,2026-07-29T02:14:54.012669+00:00
task_08_trial_007,df_06_02_lora_oft_nf4_libero10_seed42_best_step100000,DF-04-03 LoRA+OFT 4-bit NF4 Language Model,bitsandbytes,bnb_4bit_nf4,True,8,KITCHEN_SCENE8_put_both_moka_pots_on_the_stove,put both moka pots on the stove,7,7,8049,False,True,timeout,520,,19.842072,65,520,520,64,154.6070705812711,156.31022825837135,19.325883822658888,12.66321287705348,14.134418219327927,286.81871885290514,295.32723538577557,35.85233985661314,27.892182323367802,6.273154258728027,6.953125,0,0,0,0,0,0,0,0,timeout,"collapse_diagnostics={""zero_equivalent_arm_action_count"":0,""zero_equivalent_full_noop_count"":0,""repeated_action_count"":0,""repeated_chunk_count"":0,""max_consecutive_zero_equivalent_actions"":0,""max_consecutive_repeated_chunks"":0}",,,/root/autodl-tmp/openvla_efficiency_project/scripts/Simulation/DF-06-02 LoRA+OFT INT4/output/videos/task_08_trial_007.mp4,2026-07-29T02:14:54.015571+00:00,2026-07-29T02:15:13.858449+00:00
task_08_trial_008,df_06_02_lora_oft_nf4_libero10_seed42_best_step100000,DF-04-03 LoRA+OFT 4-bit NF4 Language Model,bitsandbytes,bnb_4bit_nf4,True,8,KITCHEN_SCENE8_put_both_moka_pots_on_the_stove,put both moka pots on the stove,8,8,8050,False,True,timeout,520,,20.316215,65,520,520,64,154.51133262652618,155.97007237374783,19.313916578315773,13.740607870456119,15.474822651594877,295.88821470164334,309.7542207688093,36.98602683770542,27.037237721910415,6.273154258728027,6.953125,0,0,0,0,0,0,0,0,timeout,"collapse_diagnostics={""zero_equivalent_arm_action_count"":0,""zero_equivalent_full_noop_count"":0,""repeated_action_count"":0,""repeated_chunk_count"":0,""max_consecutive_zero_equivalent_actions"":0,""max_consecutive_repeated_chunks"":0}",,,/root/autodl-tmp/openvla_efficiency_project/scripts/Simulation/DF-06-02 LoRA+OFT INT4/output/videos/task_08_trial_008.mp4,2026-07-29T02:15:13.903723+00:00,2026-07-29T02:15:34.220993+00:00
task_08_trial_009,df_06_02_lora_oft_nf4_libero10_seed42_best_step100000,DF-04-03 LoRA+OFT 4-bit NF4 Language Model,bitsandbytes,bnb_4bit_nf4,True,8,KITCHEN_SCENE8_put_both_moka_pots_on_the_stove,put both moka pots on the stove,9,9,8051,True,False,success,398,398,15.637077,50,400,398,49,154.2489705607295,155.40642887353897,19.37801137697607,13.121403444876623,14.438624400645493,289.77335441857576,299.36592169106007,36.403687741027106,27.469744469678986,6.273154258728027,6.953125,0,0,0,0,0,0,0,0,,,,,/root/autodl-tmp/openvla_efficiency_project/scripts/Simulation/DF-06-02 LoRA+OFT INT4/output/videos/task_08_trial_009.mp4,2026-07-29T02:15:34.224265+00:00,2026-07-29T02:15:49.862155+00:00
task_08_trial_010,df_06_02_lora_oft_nf4_libero10_seed42_best_step100000,DF-04-03 LoRA+OFT 4-bit NF4 Language Model,bitsandbytes,bnb_4bit_nf4,True,8,KITCHEN_SCENE8_put_both_moka_pots_on_the_stove,put both moka pots on the stove,10,10,8052,True,False,success,391,391,15.652158,49,392,391,48,155.50138436409893,161.03517003357408,19.487385764298843,13.711159129429351,15.841384418308735,296.4125354299132,317.69462563097477,37.14632796947761,26.920561322284126,6.273154258728027,6.953125,0,0,0,0,0,0,0,0,,,,,/root/autodl-tmp/openvla_efficiency_project/scripts/Simulation/DF-06-02 LoRA+OFT INT4/output/videos/task_08_trial_010.mp4,2026-07-29T02:15:49.864622+00:00,2026-07-29T02:16:05.517705+00:00
task_08_trial_011,df_06_02_lora_oft_nf4_libero10_seed42_best_step100000,DF-04-03 LoRA+OFT 4-bit NF4 Language Model,bitsandbytes,bnb_4bit_nf4,True,8,KITCHEN_SCENE8_put_both_moka_pots_on_the_stove,put both moka pots on the stove,11,11,8053,True,False,success,493,493,19.188565,62,496,493,61,154.619348265471,156.30346685647964,19.445029599308725,13.289229532526182,14.432014897465706,291.2127470237113,298.3207178302109,36.62310408817464,27.305167732161003,6.273154258728027,6.953125,0,0,0,0,0,0,0,0,,,,,/root/autodl-tmp/openvla_efficiency_project/scripts/Simulation/DF-06-02 LoRA+OFT INT4/output/videos/task_08_trial_011.mp4,2026-07-29T02:16:05.653672+00:00,2026-07-29T02:16:24.843083+00:00
task_08_trial_012,df_06_02_lora_oft_nf4_libero10_seed42_best_step100000,DF-04-03 LoRA+OFT 4-bit NF4 Language Model,bitsandbytes,bnb_4bit_nf4,True,8,KITCHEN_SCENE8_put_both_moka_pots_on_the_stove,put both moka pots on the stove,12,12,8054,False,True,timeout,520,,20.26274,65,520,520,64,154.88331380944985,156.5734639763832,19.36041422618123,13.444242343449822,15.284803789108992,293.6734388367488,306.827100366354,36.7091798545936,27.241142514244025,6.273154258728027,6.953125,0,0,0,0,0,0,0,0,timeout,"collapse_diagnostics={""zero_equivalent_arm_action_count"":0,""zero_equivalent_full_noop_count"":0,""repeated_action_count"":0,""repeated_chunk_count"":0,""max_consecutive_zero_equivalent_actions"":0,""max_consecutive_repeated_chunks"":0}",,,/root/autodl-tmp/openvla_efficiency_project/scripts/Simulation/DF-06-02 LoRA+OFT INT4/output/videos/task_08_trial_012.mp4,2026-07-29T02:16:24.847790+00:00,2026-07-29T02:16:45.111441+00:00
task_08_trial_013,df_06_02_lora_oft_nf4_libero10_seed42_best_step100000,DF-04-03 LoRA+OFT 4-bit NF4 Language Model,bitsandbytes,bnb_4bit_nf4,True,8,KITCHEN_SCENE8_put_both_moka_pots_on_the_stove,put both moka pots on the stove,13,13,8055,True,False,success,359,359,14.169501,45,360,359,44,154.50838084022203,156.40820786356926,19.367345787771566,13.117281491751458,14.337772689759731,290.40095512237815,298.05093966424465,36.4012339289889,27.471596208820507,6.273154258728027,6.953125,0,0,0,0,0,0,0,0,,,,,/root/autodl-tmp/openvla_efficiency_project/scripts/Simulation/DF-06-02 LoRA+OFT INT4/output/videos/task_08_trial_013.mp4,2026-07-29T02:16:45.114760+00:00,2026-07-29T02:16:59.285080+00:00
task_08_trial_014,df_06_02_lora_oft_nf4_libero10_seed42_best_step100000,DF-04-03 LoRA+OFT 4-bit NF4 Language Model,bitsandbytes,bnb_4bit_nf4,True,8,KITCHEN_SCENE8_put_both_moka_pots_on_the_stove,put both moka pots on the stove,14,14,8056,True,False,success,376,376,14.89178,47,376,376,46,154.48916033702963,156.02253414690495,19.311145042128704,13.199436909301166,14.463530853390694,291.1465421636054,299.30341616272926,36.39331777045067,27.47757174290781,6.273154258728027,6.953125,0,0,0,0,0,0,0,0,,,,,/root/autodl-tmp/openvla_efficiency_project/scripts/Simulation/DF-06-02 LoRA+OFT INT4/output/videos/task_08_trial_014.mp4,2026-07-29T02:16:59.287594+00:00,2026-07-29T02:17:14.180139+00:00
task_08_trial_015,df_06_02_lora_oft_nf4_libero10_seed42_best_step100000,DF-04-03 LoRA+OFT 4-bit NF4 Language Model,bitsandbytes,bnb_4bit_nf4,True,8,KITCHEN_SCENE8_put_both_moka_pots_on_the_stove,put both moka pots on the stove,15,15,8057,True,False,success,358,358,14.179095,45,360,358,44,153.65747176110744,155.49728348851204,19.31448667388222,13.412055200454908,14.896413311362267,290.8319555222988,304.1220463812351,36.557089381294546,27.354475340470568,6.273154258728027,6.953125,0,0,0,0,0,0,0,0,,,,,/root/autodl-tmp/openvla_efficiency_project/scripts/Simulation/DF-06-02 LoRA+OFT INT4/output/videos/task_08_trial_015.mp4,2026-07-29T02:17:14.182387+00:00,2026-07-29T02:17:28.362400+00:00
task_08_trial_016,df_06_02_lora_oft_nf4_libero10_seed42_best_step100000,DF-04-03 LoRA+OFT 4-bit NF4 Language Model,bitsandbytes,bnb_4bit_nf4,True,8,KITCHEN_SCENE8_put_both_moka_pots_on_the_stove,put both moka pots on the stove,16,16,8058,True,False,success,395,395,15.681861,50,400,395,49,155.47141414135695,156.48059658706188,19.679925840678095,13.274809100394007,14.876093901693821,291.6154583916068,303.2596246339381,36.91334916349453,27.090470592924422,6.273154258728027,6.953125,0,0,0,0,0,0,0,0,,,,,/root/autodl-tmp/openvla_efficiency_project/scripts/Simulation/DF-06-02 LoRA+OFT INT4/output/videos/task_08_trial_016.mp4,2026-07-29T02:17:28.364516+00:00,2026-07-29T02:17:44.047267+00:00
task_08_trial_017,df_06_02_lora_oft_nf4_libero10_seed42_best_step100000,DF-04-03 LoRA+OFT 4-bit NF4 Language Model,bitsandbytes,bnb_4bit_nf4,True,8,KITCHEN_SCENE8_put_both_moka_pots_on_the_stove,put both moka pots on the stove,17,17,8059,True,False,success,397,397,16.003618,50,400,397,49,156.70538648962975,159.3784799799323,19.73619477199367,13.526052297550425,15.422485023736954,296.1459121480584,309.60576701909304,37.2979738221736,26.811107883975755,6.273154258728027,6.953125,0,0,0,0,0,0,0,0,,,,,/root/autodl-tmp/openvla_efficiency_project/scripts/Simulation/DF-06-02 LoRA+OFT INT4/output/videos/task_08_trial_017.mp4,2026-07-29T02:17:44.049646+00:00,2026-07-29T02:18:00.054255+00:00
task_08_trial_018,df_06_02_lora_oft_nf4_libero10_seed42_best_step100000,DF-04-03 LoRA+OFT 4-bit NF4 Language Model,bitsandbytes,bnb_4bit_nf4,True,8,KITCHEN_SCENE8_put_both_moka_pots_on_the_stove,put both moka pots on the stove,18,18,8060,True,False,success,450,450,18.311904,57,456,450,56,156.81384869834832,158.06483179330826,19.863087501790787,13.872511026759943,15.510865859687328,298.1171941286639,308.90488736331463,37.76151125629743,26.48199096727707,6.273154258728027,6.953125,0,0,0,0,0,0,0,0,,,,,/root/autodl-tmp/openvla_efficiency_project/scripts/Simulation/DF-06-02 LoRA+OFT INT4/output/videos/task_08_trial_018.mp4,2026-07-29T02:18:00.056453+00:00,2026-07-29T02:18:18.369172+00:00
task_08_trial_019,df_06_02_lora_oft_nf4_libero10_seed42_best_step100000,DF-04-03 LoRA+OFT 4-bit NF4 Language Model,bitsandbytes,bnb_4bit_nf4,True,8,KITCHEN_SCENE8_put_both_moka_pots_on_the_stove,put both moka pots on the stove,19,19,8061,True,False,success,395,395,15.652614,50,400,395,49,156.33459445089102,157.39218508824706,19.789189170998863,13.113175884266443,14.66544549912214,291.55646227300167,301.76633931696415,36.90588130037996,27.095952318843683,6.273154258728027,6.953125,0,0,0,0,0,0,0,0,,,,,/root/autodl-tmp/openvla_efficiency_project/scripts/Simulation/DF-06-02 LoRA+OFT INT4/output/videos/task_08_trial_019.mp4,2026-07-29T02:18:18.370930+00:00,2026-07-29T02:18:34.024430+00:00
task_08_trial_020,df_06_02_lora_oft_nf4_libero10_seed42_best_step100000,DF-04-03 LoRA+OFT 4-bit NF4 Language Model,bitsandbytes,bnb_4bit_nf4,True,8,KITCHEN_SCENE8_put_both_moka_pots_on_the_stove,put both moka pots on the stove,20,20,8062,False,True,timeout,520,,20.205806,65,520,520,64,155.50349380534428,156.16323612630367,19.437936725668035,13.298792714396349,15.011150669306517,293.935385833566,306.7240670323372,36.74192322919575,27.216865969753677,6.273154258728027,6.953125,0,0,0,0,0,0,0,0,timeout,"collapse_diagnostics={""zero_equivalent_arm_action_count"":0,""zero_equivalent_full_noop_count"":0,""repeated_action_count"":0,""repeated_chunk_count"":0,""max_consecutive_zero_equivalent_actions"":0,""max_consecutive_repeated_chunks"":0}",,,/root/autodl-tmp/openvla_efficiency_project/scripts/Simulation/DF-06-02 LoRA+OFT INT4/output/videos/task_08_trial_020.mp4,2026-07-29T02:18:34.026632+00:00,2026-07-29T02:18:54.233343+00:00
task_08_trial_021,df_06_02_lora_oft_nf4_libero10_seed42_best_step100000,DF-04-03 LoRA+OFT 4-bit NF4 Language Model,bitsandbytes,bnb_4bit_nf4,True,8,KITCHEN_SCENE8_put_both_moka_pots_on_the_stove,put both moka pots on the stove,21,21,8063,False,True,timeout,520,,20.227335,65,520,520,64,155.40986304672865,156.2039278447628,19.42623288084108,13.201899099378632,15.147659368813038,292.7815404935525,306.88784569501877,36.59769256169406,27.324127014681693,6.273154258728027,6.953125,0,0,0,0,0,0,0,0,timeout,"collapse_diagnostics={""zero_equivalent_arm_action_count"":0,""zero_equivalent_full_noop_count"":0,""repeated_action_count"":0,""repeated_chunk_count"":0,""max_consecutive_zero_equivalent_actions"":0,""max_consecutive_repeated_chunks"":0}",,,/root/autodl-tmp/openvla_efficiency_project/scripts/Simulation/DF-06-02 LoRA+OFT INT4/output/videos/task_08_trial_021.mp4,2026-07-29T02:18:54.236076+00:00,2026-07-29T02:19:14.464219+00:00
task_08_trial_022,df_06_02_lora_oft_nf4_libero10_seed42_best_step100000,DF-04-03 LoRA+OFT 4-bit NF4 Language Model,bitsandbytes,bnb_4bit_nf4,True,8,KITCHEN_SCENE8_put_both_moka_pots_on_the_stove,put both moka pots on the stove,22,22,8064,True,False,success,392,392,15.418244,49,392,392,48,156.44111389256253,163.96253071725368,19.555139236570316,13.227904011134287,14.686219859868288,293.30759328238815,305.7254880666733,36.66344916029852,27.275120669303057,6.273154258728027,6.953125,0,0,0,0,0,0,0,0,,,,,/root/autodl-tmp/openvla_efficiency_project/scripts/Simulation/DF-06-02 LoRA+OFT INT4/output/videos/task_08_trial_022.mp4,2026-07-29T02:19:14.467479+00:00,2026-07-29T02:19:29.886608+00:00
task_08_trial_023,df_06_02_lora_oft_nf4_libero10_seed42_best_step100000,DF-04-03 LoRA+OFT 4-bit NF4 Language Model,bitsandbytes,bnb_4bit_nf4,True,8,KITCHEN_SCENE8_put_both_moka_pots_on_the_stove,put both moka pots on the stove,23,23,8065,True,False,success,417,417,16.307668,53,424,417,52,154.08838705493594,155.2172664552927,19.584375333121354,12.999425233482457,14.25184980034828,286.80228817997113,297.44227565824986,36.45208938498434,27.433269721211882,6.273154258728027,6.953125,0,0,0,0,0,0,0,0,,,,,/root/autodl-tmp/openvla_efficiency_project/scripts/Simulation/DF-06-02 LoRA+OFT INT4/output/videos/task_08_trial_023.mp4,2026-07-29T02:19:29.889448+00:00,2026-07-29T02:19:46.197923+00:00
task_08_trial_024,df_06_02_lora_oft_nf4_libero10_seed42_best_step100000,DF-04-03 LoRA+OFT 4-bit NF4 Language Model,bitsandbytes,bnb_4bit_nf4,True,8,KITCHEN_SCENE8_put_both_moka_pots_on_the_stove,put both moka pots on the stove,24,24,8066,True,False,success,384,384,15.1523,48,384,384,47,154.98316664403924,156.93654445931315,19.372895830504905,13.295331751578487,14.767520781606434,292.5517273057873,304.7857257537544,36.568965913223415,27.345591405919354,6.273154258728027,6.953125,0,0,0,0,0,0,0,0,,,,,/root/autodl-tmp/openvla_efficiency_project/scripts/Simulation/DF-06-02 LoRA+OFT INT4/output/videos/task_08_trial_024.mp4,2026-07-29T02:19:46.200081+00:00,2026-07-29T02:20:01.353281+00:00
task_08_trial_025,df_06_02_lora_oft_nf4_libero10_seed42_best_step100000,DF-04-03 LoRA+OFT 4-bit NF4 Language Model,bitsandbytes,bnb_4bit_nf4,True,8,KITCHEN_SCENE8_put_both_moka_pots_on_the_stove,put both moka pots on the stove,25,25,8067,True,False,success,403,403,15.661607,51,408,403,50,153.9154904438,155.5577488616109,19.478138989165757,12.8573333710506,14.19334653764963,285.93904901222857,293.9641671255231,36.185834986659195,27.635122980267685,6.273154258728027,6.953125,0,0,0,0,0,0,0,0,,,,,/root/autodl-tmp/openvla_efficiency_project/scripts/Simulation/DF-06-02 LoRA+OFT INT4/output/videos/task_08_trial_025.mp4,2026-07-29T02:20:01.355670+00:00,2026-07-29T02:20:17.018127+00:00
task_08_trial_026,df_06_02_lora_oft_nf4_libero10_seed42_best_step100000,DF-04-03 LoRA+OFT 4-bit NF4 Language Model,bitsandbytes,bnb_4bit_nf4,True,8,KITCHEN_SCENE8_put_both_moka_pots_on_the_stove,put both moka pots on the stove,26,26,8068,False,True,timeout,520,,19.776165,65,520,520,64,154.5600528613879,156.31004981696606,19.320006607673488,12.730830109033446,14.077038876712322,286.6682999122601,296.6479793190956,35.833537489032516,27.906817748765874,6.273154258728027,6.953125,0,0,0,0,0,0,0,0,timeout,"collapse_diagnostics={""zero_equivalent_arm_action_count"":0,""zero_equivalent_full_noop_count"":0,""repeated_action_count"":0,""repeated_chunk_count"":0,""max_consecutive_zero_equivalent_actions"":0,""max_consecutive_repeated_chunks"":0}",,,/root/autodl-tmp/openvla_efficiency_project/scripts/Simulation/DF-06-02 LoRA+OFT INT4/output/videos/task_08_trial_026.mp4,2026-07-29T02:20:17.020203+00:00,2026-07-29T02:20:36.797219+00:00
task_08_trial_027,df_06_02_lora_oft_nf4_libero10_seed42_best_step100000,DF-04-03 LoRA+OFT 4-bit NF4 Language Model,bitsandbytes,bnb_4bit_nf4,True,8,KITCHEN_SCENE8_put_both_moka_pots_on_the_stove,put both moka pots on the stove,27,27,8069,True,False,success,410,410,16.026018,52,416,410,51,153.92068562169487,155.5789210833609,19.521647932507644,13.121184034318459,14.261121582239866,287.7855902680984,295.9162985906005,36.49963583888077,27.39753361963033,6.273154258728027,6.953125,0,0,0,0,0,0,0,0,,,,,/root/autodl-tmp/openvla_efficiency_project/scripts/Simulation/DF-06-02 LoRA+OFT INT4/output/videos/task_08_trial_027.mp4,2026-07-29T02:20:36.800539+00:00,2026-07-29T02:20:52.827317+00:00
task_08_trial_028,df_06_02_lora_oft_nf4_libero10_seed42_best_step100000,DF-04-03 LoRA+OFT 4-bit NF4 Language Model,bitsandbytes,bnb_4bit_nf4,True,8,KITCHEN_SCENE8_put_both_moka_pots_on_the_stove,put both moka pots on the stove,28,28,8070,True,False,success,421,421,16.410497,53,424,421,52,154.20119109440526,155.252343416214,19.412501491694723,13.1648055359615,14.272511005401611,289.2145768581134,296.47436439991,36.409436041520216,27.465407562468982,6.273154258728027,6.953125,0,0,0,0,0,0,0,0,,,,,/root/autodl-tmp/openvla_efficiency_project/scripts/Simulation/DF-06-02 LoRA+OFT INT4/output/videos/task_08_trial_028.mp4,2026-07-29T02:20:52.829343+00:00,2026-07-29T02:21:09.240626+00:00
task_08_trial_029,df_06_02_lora_oft_nf4_libero10_seed42_best_step100000,DF-04-03 LoRA+OFT 4-bit NF4 Language Model,bitsandbytes,bnb_4bit_nf4,True,8,KITCHEN_SCENE8_put_both_moka_pots_on_the_stove,put both moka pots on the stove,29,29,8071,True,False,success,416,416,16.271425,52,416,416,51,154.38325592101768,155.8512861840427,19.29790699012721,13.382805797916193,14.71811719238758,292.12982354399105,301.88644528388977,36.51622794299888,27.385084832994814,6.273154258728027,6.953125,0,0,0,0,0,0,0,0,,,,,/root/autodl-tmp/openvla_efficiency_project/scripts/Simulation/DF-06-02 LoRA+OFT INT4/output/videos/task_08_trial_029.mp4,2026-07-29T02:21:09.242646+00:00,2026-07-29T02:21:25.514836+00:00
task_08_trial_030,df_06_02_lora_oft_nf4_libero10_seed42_best_step100000,DF-04-03 LoRA+OFT 4-bit NF4 Language Model,bitsandbytes,bnb_4bit_nf4,True,8,KITCHEN_SCENE8_put_both_moka_pots_on_the_stove,put both moka pots on the stove,30,30,8072,False,True,timeout,520,,19.924249,65,520,520,64,154.04017195105553,154.9092911183834,19.25502149388194,13.307973724574996,15.001220442354679,291.2513825755853,305.57355880737305,36.40642282194816,27.467680768601493,6.273154258728027,6.953125,0,0,0,0,0,0,0,0,timeout,"collapse_diagnostics={""zero_equivalent_arm_action_count"":0,""zero_equivalent_full_noop_count"":0,""repeated_action_count"":0,""repeated_chunk_count"":0,""max_consecutive_zero_equivalent_actions"":0,""max_consecutive_repeated_chunks"":0}",,,/root/autodl-tmp/openvla_efficiency_project/scripts/Simulation/DF-06-02 LoRA+OFT INT4/output/videos/task_08_trial_030.mp4,2026-07-29T02:21:25.517290+00:00,2026-07-29T02:21:45.442455+00:00
task_08_trial_031,df_06_02_lora_oft_nf4_libero10_seed42_best_step100000,DF-04-03 LoRA+OFT 4-bit NF4 Language Model,bitsandbytes,bnb_4bit_nf4,True,8,KITCHEN_SCENE8_put_both_moka_pots_on_the_stove,put both moka pots on the stove,31,31,8073,True,False,success,367,367,14.402501,46,368,367,45,154.2018011779241,155.2567291073501,19.327746196688032,13.104301519509232,14.479750767350197,289.7792250808814,298.2965437695384,36.321101781254896,27.53220444750093,6.273154258728027,6.953125,0,0,0,0,0,0,0,0,,,,,/root/autodl-tmp/openvla_efficiency_project/scripts/Simulation/DF-06-02 LoRA+OFT INT4/output/videos/task_08_trial_031.mp4,2026-07-29T02:21:45.445267+00:00,2026-07-29T02:21:59.848532+00:00
task_08_trial_032,df_06_02_lora_oft_nf4_libero10_seed42_best_step100000,DF-04-03 LoRA+OFT 4-bit NF4 Language Model,bitsandbytes,bnb_4bit_nf4,True,8,KITCHEN_SCENE8_put_both_moka_pots_on_the_stove,put both moka pots on the stove,32,32,8074,True,False,success,383,383,15.020226,48,384,383,47,153.93488951182613,155.39538180455565,19.292101035424686,13.11096665753397,14.271317981183527,289.077787194401,294.4842603057623,36.22906993559073,27.602143852376944,6.273154258728027,6.953125,0,0,0,0,0,0,0,0,,,,,/root/autodl-tmp/openvla_efficiency_project/scripts/Simulation/DF-06-02 LoRA+OFT INT4/output/videos/task_08_trial_032.mp4,2026-07-29T02:21:59.851251+00:00,2026-07-29T02:22:14.872251+00:00
task_08_trial_033,df_06_02_lora_oft_nf4_libero10_seed42_best_step100000,DF-04-03 LoRA+OFT 4-bit NF4 Language Model,bitsandbytes,bnb_4bit_nf4,True,8,KITCHEN_SCENE8_put_both_moka_pots_on_the_stove,put both moka pots on the stove,33,33,8075,False,True,timeout,520,,19.435458,65,520,520,64,154.46391842113093,156.01017698645592,19.307989802641366,12.280773199521578,13.380000833421946,283.49028908862516,290.97154922783375,35.436286136078145,28.219661511929345,6.273154258728027,6.953125,0,0,0,0,0,0,0,0,timeout,"collapse_diagnostics={""zero_equivalent_arm_action_count"":0,""zero_equivalent_full_noop_count"":0,""repeated_action_count"":0,""repeated_chunk_count"":0,""max_consecutive_zero_equivalent_actions"":0,""max_consecutive_repeated_chunks"":0}",,,/root/autodl-tmp/openvla_efficiency_project/scripts/Simulation/DF-06-02 LoRA+OFT INT4/output/videos/task_08_trial_033.mp4,2026-07-29T02:22:14.874250+00:00,2026-07-29T02:22:34.310629+00:00
task_08_trial_034,df_06_02_lora_oft_nf4_libero10_seed42_best_step100000,DF-04-03 LoRA+OFT 4-bit NF4 Language Model,bitsandbytes,bnb_4bit_nf4,True,8,KITCHEN_SCENE8_put_both_moka_pots_on_the_stove,put both moka pots on the stove,34,34,8076,True,False,success,377,377,14.903527,48,384,377,47,155.32740574174872,157.77810011059046,19.776433622291613,12.655602229526885,14.009643346071243,285.4838968099405,298.07404074817896,36.34808235245927,27.511767754436736,6.273154258728027,6.953125,0,0,0,0,0,0,0,0,,,,,/root/autodl-tmp/openvla_efficiency_project/scripts/Simulation/DF-06-02 LoRA+OFT INT4/output/videos/task_08_trial_034.mp4,2026-07-29T02:22:34.317609+00:00,2026-07-29T02:22:49.222050+00:00
task_08_trial_035,df_06_02_lora_oft_nf4_libero10_seed42_best_step100000,DF-04-03 LoRA+OFT 4-bit NF4 Language Model,bitsandbytes,bnb_4bit_nf4,True,8,KITCHEN_SCENE8_put_both_moka_pots_on_the_stove,put both moka pots on the stove,35,35,8077,False,True,timeout,520,,20.552691,65,520,520,64,155.79345658994637,156.9214902818203,19.474182073743297,13.92762277346964,15.199363697320221,297.7241416676686,305.8748349547386,37.21551770845858,26.870511592338097,6.273154258728027,6.953125,0,0,0,0,0,0,0,0,timeout,"collapse_diagnostics={""zero_equivalent_arm_action_count"":0,""zero_equivalent_full_noop_count"":0,""repeated_action_count"":0,""repeated_chunk_count"":0,""max_consecutive_zero_equivalent_actions"":0,""max_consecutive_repeated_chunks"":0}",,,/root/autodl-tmp/openvla_efficiency_project/scripts/Simulation/DF-06-02 LoRA+OFT INT4/output/videos/task_08_trial_035.mp4,2026-07-29T02:22:49.224603+00:00,2026-07-29T02:23:09.778096+00:00
task_08_trial_036,df_06_02_lora_oft_nf4_libero10_seed42_best_step100000,DF-04-03 LoRA+OFT 4-bit NF4 Language Model,bitsandbytes,bnb_4bit_nf4,True,8,KITCHEN_SCENE8_put_both_moka_pots_on_the_stove,put both moka pots on the stove,36,36,8078,True,False,success,380,380,14.97162,48,384,380,47,154.06537909681597,155.69157442077994,19.460889991176757,13.300680217186088,14.630491845309734,290.01873824745417,299.959640391171,36.63394588388895,27.297086783102575,6.273154258728027,6.953125,0,0,0,0,0,0,0,0,,,,,/root/autodl-tmp/openvla_efficiency_project/scripts/Simulation/DF-06-02 LoRA+OFT INT4/output/videos/task_08_trial_036.mp4,2026-07-29T02:23:09.781199+00:00,2026-07-29T02:23:24.753725+00:00
task_08_trial_037,df_06_02_lora_oft_nf4_libero10_seed42_best_step100000,DF-04-03 LoRA+OFT 4-bit NF4 Language Model,bitsandbytes,bnb_4bit_nf4,True,8,KITCHEN_SCENE8_put_both_moka_pots_on_the_stove,put both moka pots on the stove,37,37,8079,True,False,success,394,394,15.430204,50,400,394,49,154.18521493673325,155.41011271998286,19.566651641717417,12.944113179511831,14.084386732429266,286.66597556322813,296.05775075033307,36.378930909039106,27.488438362863743,6.273154258728027,6.953125,0,0,0,0,0,0,0,0,,,,,/root/autodl-tmp/openvla_efficiency_project/scripts/Simulation/DF-06-02 LoRA+OFT INT4/output/videos/task_08_trial_037.mp4,2026-07-29T02:23:24.755913+00:00,2026-07-29T02:23:40.186946+00:00
task_08_trial_038,df_06_02_lora_oft_nf4_libero10_seed42_best_step100000,DF-04-03 LoRA+OFT 4-bit NF4 Language Model,bitsandbytes,bnb_4bit_nf4,True,8,KITCHEN_SCENE8_put_both_moka_pots_on_the_stove,put both moka pots on the stove,38,38,8080,False,True,timeout,520,,20.052467,65,520,520,64,154.21877199640642,155.8219362050295,19.277346499550802,13.208157296937246,14.60913186892867,291.0017186632523,302.04117745161057,36.375214832906536,27.491246569775807,6.273154258728027,6.953125,0,0,0,0,0,0,0,0,timeout,"collapse_diagnostics={""zero_equivalent_arm_action_count"":0,""zero_equivalent_full_noop_count"":0,""repeated_action_count"":0,""repeated_chunk_count"":0,""max_consecutive_zero_equivalent_actions"":0,""max_consecutive_repeated_chunks"":0}",,,/root/autodl-tmp/openvla_efficiency_project/scripts/Simulation/DF-06-02 LoRA+OFT INT4/output/videos/task_08_trial_038.mp4,2026-07-29T02:23:40.219805+00:00,2026-07-29T02:24:00.273210+00:00
task_08_trial_039,df_06_02_lora_oft_nf4_libero10_seed42_best_step100000,DF-04-03 LoRA+OFT 4-bit NF4 Language Model,bitsandbytes,bnb_4bit_nf4,True,8,KITCHEN_SCENE8_put_both_moka_pots_on_the_stove,put both moka pots on the stove,39,39,8081,True,False,success,376,376,14.849976,47,376,376,46,154.22041967828224,155.23083098232746,19.27755245978528,13.36333522711821,14.761099591851234,291.70843582362573,302.43065916001797,36.46355447795322,27.424643985397125,6.273154258728027,6.953125,0,0,0,0,0,0,0,0,,,,,/root/autodl-tmp/openvla_efficiency_project/scripts/Simulation/DF-06-02 LoRA+OFT INT4/output/videos/task_08_trial_039.mp4,2026-07-29T02:24:00.275875+00:00,2026-07-29T02:24:15.126647+00:00
task_08_trial_040,df_06_02_lora_oft_nf4_libero10_seed42_best_step100000,DF-04-03 LoRA+OFT 4-bit NF4 Language Model,bitsandbytes,bnb_4bit_nf4,True,8,KITCHEN_SCENE8_put_both_moka_pots_on_the_stove,put both moka pots on the stove,40,40,8082,True,False,success,388,388,15.24088,49,392,388,48,153.95545533725195,155.57561591267586,19.442828122488002,13.1510177377573,14.4837636500597,288.57300875290315,297.1897590905428,36.44349852807282,27.439736589221507,6.273154258728027,6.953125,0,0,0,0,0,0,0,0,,,,,/root/autodl-tmp/openvla_efficiency_project/scripts/Simulation/DF-06-02 LoRA+OFT INT4/output/videos/task_08_trial_040.mp4,2026-07-29T02:24:15.128753+00:00,2026-07-29T02:24:30.370474+00:00
task_08_trial_041,df_06_02_lora_oft_nf4_libero10_seed42_best_step100000,DF-04-03 LoRA+OFT 4-bit NF4 Language Model,bitsandbytes,bnb_4bit_nf4,True,8,KITCHEN_SCENE8_put_both_moka_pots_on_the_stove,put both moka pots on the stove,41,41,8083,False,True,timeout,520,,19.727627,65,520,520,64,154.8358281931052,154.66137155890465,19.35447852413815,12.735691899433732,14.032716024667021,287.1320050782882,295.5082204192877,35.89150063478603,27.861749503747426,6.273154258728027,6.953125,0,0,0,0,0,0,0,0,timeout,"collapse_diagnostics={""zero_equivalent_arm_action_count"":0,""zero_equivalent_full_noop_count"":0,""repeated_action_count"":0,""repeated_chunk_count"":0,""max_consecutive_zero_equivalent_actions"":0,""max_consecutive_repeated_chunks"":0}",,,/root/autodl-tmp/openvla_efficiency_project/scripts/Simulation/DF-06-02 LoRA+OFT INT4/output/videos/task_08_trial_041.mp4,2026-07-29T02:24:30.373609+00:00,2026-07-29T02:24:50.102062+00:00
task_08_trial_042,df_06_02_lora_oft_nf4_libero10_seed42_best_step100000,DF-04-03 LoRA+OFT 4-bit NF4 Language Model,bitsandbytes,bnb_4bit_nf4,True,8,KITCHEN_SCENE8_put_both_moka_pots_on_the_stove,put both moka pots on the stove,42,42,8084,True,False,success,367,367,14.482965,46,368,367,45,154.03689099880665,154.8070441931486,19.307076255981215,13.160129075194899,14.640606194734573,289.2968188566358,296.7311670072377,36.260636695927104,27.578114758043473,6.273154258728027,6.953125,0,0,0,0,0,0,0,0,,,,,/root/autodl-tmp/openvla_efficiency_project/scripts/Simulation/DF-06-02 LoRA+OFT INT4/output/videos/task_08_trial_042.mp4,2026-07-29T02:24:50.104502+00:00,2026-07-29T02:25:04.588172+00:00
task_08_trial_043,df_06_02_lora_oft_nf4_libero10_seed42_best_step100000,DF-04-03 LoRA+OFT 4-bit NF4 Language Model,bitsandbytes,bnb_4bit_nf4,True,8,KITCHEN_SCENE8_put_both_moka_pots_on_the_stove,put both moka pots on the stove,43,43,8085,True,False,success,359,359,14.187709,45,360,359,44,155.8233916759491,166.38319678604603,19.53218001509111,13.27915420148698,14.997608587145805,293.1353008167611,312.7541556954384,36.743979211014626,27.215343070416097,6.273154258728027,6.953125,0,0,0,0,0,0,0,0,,,,,/root/autodl-tmp/openvla_efficiency_project/scripts/Simulation/DF-06-02 LoRA+OFT INT4/output/videos/task_08_trial_043.mp4,2026-07-29T02:25:04.590210+00:00,2026-07-29T02:25:18.778788+00:00
task_08_trial_044,df_06_02_lora_oft_nf4_libero10_seed42_best_step100000,DF-04-03 LoRA+OFT 4-bit NF4 Language Model,bitsandbytes,bnb_4bit_nf4,True,8,KITCHEN_SCENE8_put_both_moka_pots_on_the_stove,put both moka pots on the stove,44,44,8086,True,False,success,513,513,19.897154,65,520,513,64,155.2744048146101,166.9627357274294,19.67414485955099,13.044163664588687,14.297230541706083,288.75149849515697,306.0808505862951,36.58644717774893,27.33252548796752,6.273154258728027,6.953125,0,0,0,0,0,0,0,0,,,,,/root/autodl-tmp/openvla_efficiency_project/scripts/Simulation/DF-06-02 LoRA+OFT INT4/output/videos/task_08_trial_044.mp4,2026-07-29T02:25:18.781147+00:00,2026-07-29T02:25:38.679128+00:00
task_08_trial_045,df_06_02_lora_oft_nf4_libero10_seed42_best_step100000,DF-04-03 LoRA+OFT 4-bit NF4 Language Model,bitsandbytes,bnb_4bit_nf4,True,8,KITCHEN_SCENE8_put_both_moka_pots_on_the_stove,put both moka pots on the stove,45,45,8087,True,False,success,351,351,13.895022,44,352,351,43,154.56223758784208,156.2361527234316,19.375323230384762,13.07004677434253,14.262127690017223,289.5495285788043,304.1282884776592,36.296807001331594,27.550632758504452,6.273154258728027,6.953125,0,0,0,0,0,0,0,0,,,,,/root/autodl-tmp/openvla_efficiency_project/scripts/Simulation/DF-06-02 LoRA+OFT INT4/output/videos/task_08_trial_045.mp4,2026-07-29T02:25:38.681242+00:00,2026-07-29T02:25:52.577124+00:00
task_08_trial_046,df_06_02_lora_oft_nf4_libero10_seed42_best_step100000,DF-04-03 LoRA+OFT 4-bit NF4 Language Model,bitsandbytes,bnb_4bit_nf4,True,8,KITCHEN_SCENE8_put_both_moka_pots_on_the_stove,put both moka pots on the stove,46,46,8088,True,False,success,406,406,16.036253,51,408,406,50,154.41020384576976,155.53106646984816,19.396355655503097,13.587095916931853,15.128597151488066,293.2772264980218,302.5852534919977,36.840242737436235,27.144229399547964,6.273154258728027,6.953125,0,0,0,0,0,0,0,0,,,,,/root/autodl-tmp/openvla_efficiency_project/scripts/Simulation/DF-06-02 LoRA+OFT INT4/output/videos/task_08_trial_046.mp4,2026-07-29T02:25:52.579223+00:00,2026-07-29T02:26:08.616332+00:00
task_08_trial_047,df_06_02_lora_oft_nf4_libero10_seed42_best_step100000,DF-04-03 LoRA+OFT 4-bit NF4 Language Model,bitsandbytes,bnb_4bit_nf4,True,8,KITCHEN_SCENE8_put_both_moka_pots_on_the_stove,put both moka pots on the stove,47,47,8089,False,True,timeout,520,,19.858815,65,520,520,64,154.21500770518412,155.61100244522095,19.276875963148015,12.892229636557973,14.311199635267258,287.53261849857296,297.6144302636385,35.94157731232162,27.822930287958634,6.273154258728027,6.953125,0,0,0,0,0,0,0,0,timeout,"collapse_diagnostics={""zero_equivalent_arm_action_count"":0,""zero_equivalent_full_noop_count"":0,""repeated_action_count"":0,""repeated_chunk_count"":0,""max_consecutive_zero_equivalent_actions"":0,""max_consecutive_repeated_chunks"":0}",,,/root/autodl-tmp/openvla_efficiency_project/scripts/Simulation/DF-06-02 LoRA+OFT INT4/output/videos/task_08_trial_047.mp4,2026-07-29T02:26:08.618867+00:00,2026-07-29T02:26:28.478434+00:00
task_08_trial_048,df_06_02_lora_oft_nf4_libero10_seed42_best_step100000,DF-04-03 LoRA+OFT 4-bit NF4 Language Model,bitsandbytes,bnb_4bit_nf4,True,8,KITCHEN_SCENE8_put_both_moka_pots_on_the_stove,put both moka pots on the stove,48,48,8090,True,False,success,368,368,14.377083,46,368,368,45,154.3542349954014,155.6755155324936,19.294279374425177,13.154440680923669,14.354949165135622,290.41106954378927,298.9510199986398,36.30138369297366,27.547159316507148,6.273154258728027,6.953125,0,0,0,0,0,0,0,0,,,,,/root/autodl-tmp/openvla_efficiency_project/scripts/Simulation/DF-06-02 LoRA+OFT INT4/output/videos/task_08_trial_048.mp4,2026-07-29T02:26:28.481243+00:00,2026-07-29T02:26:42.859261+00:00
task_08_trial_049,df_06_02_lora_oft_nf4_libero10_seed42_best_step100000,DF-04-03 LoRA+OFT 4-bit NF4 Language Model,bitsandbytes,bnb_4bit_nf4,True,8,KITCHEN_SCENE8_put_both_moka_pots_on_the_stove,put both moka pots on the stove,49,49,8091,True,False,success,389,389,15.32052,49,392,389,48,154.1535947471857,155.40142357349396,19.417804993861438,13.305996120895395,14.533289894461626,290.4256062620148,297.9988403618336,36.58317405356999,27.334970949641107,6.273154258728027,6.953125,0,0,0,0,0,0,0,0,,,,,/root/autodl-tmp/openvla_efficiency_project/scripts/Simulation/DF-06-02 LoRA+OFT INT4/output/videos/task_08_trial_049.mp4,2026-07-29T02:26:42.861798+00:00,2026-07-29T02:26:58.183090+00:00
task_09_trial_000,df_06_02_lora_oft_nf4_libero10_seed42_best_step100000,DF-04-03 LoRA+OFT 4-bit NF4 Language Model,bitsandbytes,bnb_4bit_nf4,True,9,KITCHEN_SCENE6_put_the_yellow_and_white_mug_in_the_microwave_and_close_it,put the yellow and white mug in the microwave and close it,0,0,9042,True,False,success,240,240,10.491442,30,240,240,29,154.00136870642504,155.03330640494823,19.25017108830313,12.533239616702,13.934296742081642,284.81382603446644,297.67169561237097,35.601728254308306,28.088524041778395,6.277223587036133,6.953125,0,0,0,0,0,0,0,0,,,,,/root/autodl-tmp/openvla_efficiency_project/scripts/Simulation/DF-06-02 LoRA+OFT INT4/output/videos/task_09_trial_000.mp4,2026-07-29T02:27:00.116026+00:00,2026-07-29T02:27:10.608233+00:00
task_09_trial_001,df_06_02_lora_oft_nf4_libero10_seed42_best_step100000,DF-04-03 LoRA+OFT 4-bit NF4 Language Model,bitsandbytes,bnb_4bit_nf4,True,9,KITCHEN_SCENE6_put_the_yellow_and_white_mug_in_the_microwave_and_close_it,put the yellow and white mug in the microwave and close it,1,1,9043,True,False,success,242,242,10.67809,31,248,242,30,154.33195287421827,156.3496757298708,19.76979561611887,12.518620741946146,14.082352444529532,282.6399460074402,296.45746294409037,36.20594349682085,27.619774639702662,6.277223587036133,6.953125,0,0,0,0,0,0,0,0,,,,,/root/autodl-tmp/openvla_efficiency_project/scripts/Simulation/DF-06-02 LoRA+OFT INT4/output/videos/task_09_trial_001.mp4,2026-07-29T02:27:10.610408+00:00,2026-07-29T02:27:21.289362+00:00
task_09_trial_002,df_06_02_lora_oft_nf4_libero10_seed42_best_step100000,DF-04-03 LoRA+OFT 4-bit NF4 Language Model,bitsandbytes,bnb_4bit_nf4,True,9,KITCHEN_SCENE6_put_the_yellow_and_white_mug_in_the_microwave_and_close_it,put the yellow and white mug in the microwave and close it,2,2,9044,False,True,timeout,520,,20.842124,65,520,520,64,154.39893322495314,160.95936335623261,19.299866653119143,13.101276758914956,14.6738369949162,289.97615575790405,305.8676313608885,36.24701946973801,27.58847526304562,6.277223587036133,6.953125,0,0,0,0,0,0,0,0,timeout,"collapse_diagnostics={""zero_equivalent_arm_action_count"":0,""zero_equivalent_full_noop_count"":0,""repeated_action_count"":0,""repeated_chunk_count"":0,""max_consecutive_zero_equivalent_actions"":0,""max_consecutive_repeated_chunks"":0}",,,/root/autodl-tmp/openvla_efficiency_project/scripts/Simulation/DF-06-02 LoRA+OFT INT4/output/videos/task_09_trial_002.mp4,2026-07-29T02:27:21.291309+00:00,2026-07-29T02:27:42.134745+00:00
task_09_trial_003,df_06_02_lora_oft_nf4_libero10_seed42_best_step100000,DF-04-03 LoRA+OFT 4-bit NF4 Language Model,bitsandbytes,bnb_4bit_nf4,True,9,KITCHEN_SCENE6_put_the_yellow_and_white_mug_in_the_microwave_and_close_it,put the yellow and white mug in the microwave and close it,3,3,9045,True,False,success,263,263,11.534239,33,264,263,32,155.07439275582632,161.75128556787965,19.458003653772884,12.59261210353429,14.730272628366942,286.75512004305017,304.14558574557304,35.9806804616755,27.79269283317588,6.277223587036133,6.953125,0,0,0,0,0,0,0,0,,,,,/root/autodl-tmp/openvla_efficiency_project/scripts/Simulation/DF-06-02 LoRA+OFT INT4/output/videos/task_09_trial_003.mp4,2026-07-29T02:27:42.138015+00:00,2026-07-29T02:27:53.673038+00:00
task_09_trial_004,df_06_02_lora_oft_nf4_libero10_seed42_best_step100000,DF-04-03 LoRA+OFT 4-bit NF4 Language Model,bitsandbytes,bnb_4bit_nf4,True,9,KITCHEN_SCENE6_put_the_yellow_and_white_mug_in_the_microwave_and_close_it,put the yellow and white mug in the microwave and close it,4,4,9046,True,False,success,454,454,18.5608,57,456,454,56,154.946615429301,164.24328722059727,19.453649954780083,13.293100746619281,15.311442874372005,291.766378505711,309.42211002111435,36.631461618558426,27.29893801161826,6.277223587036133,6.953125,0,0,0,0,0,0,0,0,,,,,/root/autodl-tmp/openvla_efficiency_project/scripts/Simulation/DF-06-02 LoRA+OFT INT4/output/videos/task_09_trial_004.mp4,2026-07-29T02:27:53.675624+00:00,2026-07-29T02:28:12.237340+00:00
task_09_trial_005,df_06_02_lora_oft_nf4_libero10_seed42_best_step100000,DF-04-03 LoRA+OFT 4-bit NF4 Language Model,bitsandbytes,bnb_4bit_nf4,True,9,KITCHEN_SCENE6_put_the_yellow_and_white_mug_in_the_microwave_and_close_it,put the yellow and white mug in the microwave and close it,5,5,9047,True,False,success,285,285,12.343968,36,288,285,35,154.1220418487986,155.0808260217309,19.46804739142719,12.809375725817262,14.422137662768364,286.33066002900404,298.18179085850716,36.168083372084716,27.64868654256147,6.277223587036133,6.953125,0,0,0,0,0,0,0,0,,,,,/root/autodl-tmp/openvla_efficiency_project/scripts/Simulation/DF-06-02 LoRA+OFT INT4/output/videos/task_09_trial_005.mp4,2026-07-29T02:28:12.239382+00:00,2026-07-29T02:28:24.584175+00:00
task_09_trial_006,df_06_02_lora_oft_nf4_libero10_seed42_best_step100000,DF-04-03 LoRA+OFT 4-bit NF4 Language Model,bitsandbytes,bnb_4bit_nf4,True,9,KITCHEN_SCENE6_put_the_yellow_and_white_mug_in_the_microwave_and_close_it,put the yellow and white mug in the microwave and close it,6,6,9048,True,False,success,238,238,10.532282,30,240,238,29,153.51705271750689,154.1259940713644,19.35088899800507,12.562628819787202,14.273380022495983,283.50369905432063,296.3928619399667,35.7357603849984,27.98317397549465,6.277223587036133,6.953125,0,0,0,0,0,0,0,0,,,,,/root/autodl-tmp/openvla_efficiency_project/scripts/Simulation/DF-06-02 LoRA+OFT INT4/output/videos/task_09_trial_006.mp4,2026-07-29T02:28:24.586526+00:00,2026-07-29T02:28:35.119561+00:00
task_09_trial_007,df_06_02_lora_oft_nf4_libero10_seed42_best_step100000,DF-04-03 LoRA+OFT 4-bit NF4 Language Model,bitsandbytes,bnb_4bit_nf4,True,9,KITCHEN_SCENE6_put_the_yellow_and_white_mug_in_the_microwave_and_close_it,put the yellow and white mug in the microwave and close it,7,7,9049,True,False,success,240,240,10.522608,30,240,240,29,154.5967378964027,156.8969126790762,19.324592237050336,12.650376705763241,15.038989577442395,286.86811570078135,308.03025737404823,35.85851446259767,27.88737946863507,6.277223587036133,6.953125,0,0,0,0,0,0,0,0,,,,,/root/autodl-tmp/openvla_efficiency_project/scripts/Simulation/DF-06-02 LoRA+OFT INT4/output/videos/task_09_trial_007.mp4,2026-07-29T02:28:35.121934+00:00,2026-07-29T02:28:45.645387+00:00
task_09_trial_008,df_06_02_lora_oft_nf4_libero10_seed42_best_step100000,DF-04-03 LoRA+OFT 4-bit NF4 Language Model,bitsandbytes,bnb_4bit_nf4,True,9,KITCHEN_SCENE6_put_the_yellow_and_white_mug_in_the_microwave_and_close_it,put the yellow and white mug in the microwave and close it,8,8,9050,True,False,success,246,246,10.845346,31,248,246,30,154.33984538239818,155.73407895863056,19.449330109164,12.640123353983329,14.683999586850405,285.7777864461945,298.4999381005764,36.01264788549605,27.768022034357156,6.277223587036133,6.953125,0,0,0,0,0,0,0,0,,,,,/root/autodl-tmp/openvla_efficiency_project/scripts/Simulation/DF-06-02 LoRA+OFT INT4/output/videos/task_09_trial_008.mp4,2026-07-29T02:28:45.647542+00:00,2026-07-29T02:28:56.493749+00:00
task_09_trial_009,df_06_02_lora_oft_nf4_libero10_seed42_best_step100000,DF-04-03 LoRA+OFT 4-bit NF4 Language Model,bitsandbytes,bnb_4bit_nf4,True,9,KITCHEN_SCENE6_put_the_yellow_and_white_mug_in_the_microwave_and_close_it,put the yellow and white mug in the microwave and close it,9,9,9051,True,False,success,254,254,11.127078,32,256,254,31,154.0316635509953,154.87543512135744,19.405563911936415,12.656723926445162,15.273385867476462,285.31611314974725,302.7671381831169,35.945337089731936,27.82002009060746,6.277223587036133,6.953125,0,0,0,0,0,0,0,0,,,,,/root/autodl-tmp/openvla_efficiency_project/scripts/Simulation/DF-06-02 LoRA+OFT INT4/output/videos/task_09_trial_009.mp4,2026-07-29T02:28:56.495966+00:00,2026-07-29T02:29:07.623839+00:00
task_09_trial_010,df_06_02_lora_oft_nf4_libero10_seed42_best_step100000,DF-04-03 LoRA+OFT 4-bit NF4 Language Model,bitsandbytes,bnb_4bit_nf4,True,9,KITCHEN_SCENE6_put_the_yellow_and_white_mug_in_the_microwave_and_close_it,put the yellow and white mug in the microwave and close it,10,10,9052,True,False,success,252,252,11.084707,32,256,252,31,154.14337121183053,155.54278874769807,19.573761423724513,12.704891049199635,14.300600253045557,285.08687851717696,294.1556609235704,36.20150838313358,27.623158389331195,6.277223587036133,6.953125,0,0,0,0,0,0,0,0,,,,,/root/autodl-tmp/openvla_efficiency_project/scripts/Simulation/DF-06-02 LoRA+OFT INT4/output/videos/task_09_trial_010.mp4,2026-07-29T02:29:07.626109+00:00,2026-07-29T02:29:18.711576+00:00
task_09_trial_011,df_06_02_lora_oft_nf4_libero10_seed42_best_step100000,DF-04-03 LoRA+OFT 4-bit NF4 Language Model,bitsandbytes,bnb_4bit_nf4,True,9,KITCHEN_SCENE6_put_the_yellow_and_white_mug_in_the_microwave_and_close_it,put the yellow and white mug in the microwave and close it,11,11,9053,True,False,success,254,254,11.206051,32,256,254,31,154.1912682587281,155.8599352836609,19.425671591650783,12.654444481444171,15.147926285862921,285.57202022057027,299.8327520675957,35.97757735062302,27.79508998769988,6.277223587036133,6.953125,0,0,0,0,0,0,0,0,,,,,/root/autodl-tmp/openvla_efficiency_project/scripts/Simulation/DF-06-02 LoRA+OFT INT4/output/videos/task_09_trial_011.mp4,2026-07-29T02:29:18.713793+00:00,2026-07-29T02:29:29.920576+00:00
task_09_trial_012,df_06_02_lora_oft_nf4_libero10_seed42_best_step100000,DF-04-03 LoRA+OFT 4-bit NF4 Language Model,bitsandbytes,bnb_4bit_nf4,True,9,KITCHEN_SCENE6_put_the_yellow_and_white_mug_in_the_microwave_and_close_it,put the yellow and white mug in the microwave and close it,12,12,9054,True,False,success,235,235,10.406909,30,240,235,29,154.13533691316843,155.60126481577754,19.676851520830013,12.443198327054368,14.14008494466543,282.3909298206369,295.23767987266183,36.04990593454939,27.739323420581336,6.277223587036133,6.953125,0,0,0,0,0,0,0,0,,,,,/root/autodl-tmp/openvla_efficiency_project/scripts/Simulation/DF-06-02 LoRA+OFT INT4/output/videos/task_09_trial_012.mp4,2026-07-29T02:29:29.923373+00:00,2026-07-29T02:29:40.331012+00:00
task_09_trial_013,df_06_02_lora_oft_nf4_libero10_seed42_best_step100000,DF-04-03 LoRA+OFT 4-bit NF4 Language Model,bitsandbytes,bnb_4bit_nf4,True,9,KITCHEN_SCENE6_put_the_yellow_and_white_mug_in_the_microwave_and_close_it,put the yellow and white mug in the microwave and close it,13,13,9055,True,False,success,284,284,12.23848,36,288,284,35,153.83809473779468,155.77871166169643,19.500603558312,12.883717620509191,14.539616741240023,286.68572784711915,297.20622207969427,36.34044437498694,27.517550134535455,6.277223587036133,6.953125,0,0,0,0,0,0,0,0,,,,,/root/autodl-tmp/openvla_efficiency_project/scripts/Simulation/DF-06-02 LoRA+OFT INT4/output/videos/task_09_trial_013.mp4,2026-07-29T02:29:40.333126+00:00,2026-07-29T02:29:52.572484+00:00
task_09_trial_014,df_06_02_lora_oft_nf4_libero10_seed42_best_step100000,DF-04-03 LoRA+OFT 4-bit NF4 Language Model,bitsandbytes,bnb_4bit_nf4,True,9,KITCHEN_SCENE6_put_the_yellow_and_white_mug_in_the_microwave_and_close_it,put the yellow and white mug in the microwave and close it,14,14,9056,True,False,success,244,244,10.920439,31,248,244,30,154.3271827000764,155.37785831838846,19.60714206435397,12.92593351214147,14.992789085954428,287.077821791172,300.33099837601185,36.47300194887841,27.417540278193393,6.277223587036133,6.953125,0,0,0,0,0,0,0,0,,,,,/root/autodl-tmp/openvla_efficiency_project/scripts/Simulation/DF-06-02 LoRA+OFT INT4/output/videos/task_09_trial_014.mp4,2026-07-29T02:29:52.574475+00:00,2026-07-29T02:30:03.495737+00:00
task_09_trial_015,df_06_02_lora_oft_nf4_libero10_seed42_best_step100000,DF-04-03 LoRA+OFT 4-bit NF4 Language Model,bitsandbytes,bnb_4bit_nf4,True,9,KITCHEN_SCENE6_put_the_yellow_and_white_mug_in_the_microwave_and_close_it,put the yellow and white mug in the microwave and close it,15,15,9057,True,False,success,253,253,11.263253,32,256,253,31,154.02315120445564,155.34974923357368,19.48118908514854,12.748439299318159,15.171852707862843,285.9719520783983,297.68911078572273,36.17036548027173,27.646942095330125,6.277223587036133,6.953125,0,0,0,0,0,0,0,0,,,,,/root/autodl-tmp/openvla_efficiency_project/scripts/Simulation/DF-06-02 LoRA+OFT INT4/output/videos/task_09_trial_015.mp4,2026-07-29T02:30:03.498844+00:00,2026-07-29T02:30:14.762868+00:00
task_09_trial_016,df_06_02_lora_oft_nf4_libero10_seed42_best_step100000,DF-04-03 LoRA+OFT 4-bit NF4 Language Model,bitsandbytes,bnb_4bit_nf4,True,9,KITCHEN_SCENE6_put_the_yellow_and_white_mug_in_the_microwave_and_close_it,put the yellow and white mug in the microwave and close it,16,16,9058,True,False,success,246,246,10.877824,31,248,246,30,154.4889420150749,156.49471897631884,19.468118709216757,12.612461801466903,13.978761155158281,285.4819356073295,293.9393352717161,35.97536586921632,27.796798610342634,6.277223587036133,6.953125,0,0,0,0,0,0,0,0,,,,,/root/autodl-tmp/openvla_efficiency_project/scripts/Simulation/DF-06-02 LoRA+OFT INT4/output/videos/task_09_trial_016.mp4,2026-07-29T02:30:14.764703+00:00,2026-07-29T02:30:25.643382+00:00
task_09_trial_017,df_06_02_lora_oft_nf4_libero10_seed42_best_step100000,DF-04-03 LoRA+OFT 4-bit NF4 Language Model,bitsandbytes,bnb_4bit_nf4,True,9,KITCHEN_SCENE6_put_the_yellow_and_white_mug_in_the_microwave_and_close_it,put the yellow and white mug in the microwave and close it,17,17,9059,True,False,success,268,268,11.656344,34,272,268,33,154.21720254508887,155.75230307877064,19.564868979600828,12.578453375165587,14.57435274496674,284.4426123534932,296.8406385742128,36.08600305977152,27.71157554755058,6.277223587036133,6.953125,0,0,0,0,0,0,0,0,,,,,/root/autodl-tmp/openvla_efficiency_project/scripts/Simulation/DF-06-02 LoRA+OFT INT4/output/videos/task_09_trial_017.mp4,2026-07-29T02:30:25.645680+00:00,2026-07-29T02:30:37.302889+00:00
task_09_trial_018,df_06_02_lora_oft_nf4_libero10_seed42_best_step100000,DF-04-03 LoRA+OFT 4-bit NF4 Language Model,bitsandbytes,bnb_4bit_nf4,True,9,KITCHEN_SCENE6_put_the_yellow_and_white_mug_in_the_microwave_and_close_it,put the yellow and white mug in the microwave and close it,18,18,9060,True,False,success,264,264,11.668611,33,264,264,32,158.91461587990776,201.42132639884946,19.86432698498847,12.75166476879156,16.616193298250437,292.92149796630395,342.86237582564354,36.61518724578799,27.311071585876824,6.277223587036133,6.953125,0,0,0,0,0,0,0,0,,,,,/root/autodl-tmp/openvla_efficiency_project/scripts/Simulation/DF-06-02 LoRA+OFT INT4/output/videos/task_09_trial_018.mp4,2026-07-29T02:30:37.306197+00:00,2026-07-29T02:30:48.975617+00:00
task_09_trial_019,df_06_02_lora_oft_nf4_libero10_seed42_best_step100000,DF-04-03 LoRA+OFT 4-bit NF4 Language Model,bitsandbytes,bnb_4bit_nf4,True,9,KITCHEN_SCENE6_put_the_yellow_and_white_mug_in_the_microwave_and_close_it,put the yellow and white mug in the microwave and close it,19,19,9061,True,False,success,251,251,11.325133,32,256,251,31,156.47569246357307,163.76585010439157,19.949092266272263,12.757508440381027,14.858027920126915,287.4741585110314,304.25076531246305,36.65009192172512,27.285061170807836,6.277223587036133,6.953125,0,0,0,0,0,0,0,0,,,,,/root/autodl-tmp/openvla_efficiency_project/scripts/Simulation/DF-06-02 LoRA+OFT INT4/output/videos/task_09_trial_019.mp4,2026-07-29T02:30:48.977692+00:00,2026-07-29T02:31:00.303608+00:00
task_09_trial_020,df_06_02_lora_oft_nf4_libero10_seed42_best_step100000,DF-04-03 LoRA+OFT 4-bit NF4 Language Model,bitsandbytes,bnb_4bit_nf4,True,9,KITCHEN_SCENE6_put_the_yellow_and_white_mug_in_the_microwave_and_close_it,put the yellow and white mug in the microwave and close it,20,20,9062,True,False,success,251,251,11.021337,32,256,251,31,153.9796912111342,155.3826630115509,19.63087696715655,12.686767915924232,14.325536787509918,284.2000678065233,296.8351770192385,36.23267796736552,27.599395244830976,6.277223587036133,6.953125,0,0,0,0,0,0,0,0,,,,,/root/autodl-tmp/openvla_efficiency_project/scripts/Simulation/DF-06-02 LoRA+OFT INT4/output/videos/task_09_trial_020.mp4,2026-07-29T02:31:00.306151+00:00,2026-07-29T02:31:11.328273+00:00
task_09_trial_021,df_06_02_lora_oft_nf4_libero10_seed42_best_step100000,DF-04-03 LoRA+OFT 4-bit NF4 Language Model,bitsandbytes,bnb_4bit_nf4,True,9,KITCHEN_SCENE6_put_the_yellow_and_white_mug_in_the_microwave_and_close_it,put the yellow and white mug in the microwave and close it,21,21,9063,True,False,success,244,244,10.833102,31,248,244,30,154.6997645449254,158.33601634949446,19.65447828234708,12.863934398857785,15.518592577427624,287.5093835135621,305.6385964155197,36.52783151196896,27.376385583478534,6.277223587036133,6.953125,0,0,0,0,0,0,0,0,,,,,/root/autodl-tmp/openvla_efficiency_project/scripts/Simulation/DF-06-02 LoRA+OFT INT4/output/videos/task_09_trial_021.mp4,2026-07-29T02:31:11.330413+00:00,2026-07-29T02:31:22.164377+00:00
task_09_trial_022,df_06_02_lora_oft_nf4_libero10_seed42_best_step100000,DF-04-03 LoRA+OFT 4-bit NF4 Language Model,bitsandbytes,bnb_4bit_nf4,True,9,KITCHEN_SCENE6_put_the_yellow_and_white_mug_in_the_microwave_and_close_it,put the yellow and white mug in the microwave and close it,22,22,9064,True,False,success,258,258,11.301502,33,264,258,32,153.4755364850615,154.52612228691578,19.630591875996238,12.357925526913284,14.288733620196577,280.9967917361946,298.66961762309074,35.94145010579233,27.823028760846793,6.277223587036133,6.953125,0,0,0,0,0,0,0,0,,,,,/root/autodl-tmp/openvla_efficiency_project/scripts/Simulation/DF-06-02 LoRA+OFT INT4/output/videos/task_09_trial_022.mp4,2026-07-29T02:31:22.166703+00:00,2026-07-29T02:31:33.468985+00:00
task_09_trial_023,df_06_02_lora_oft_nf4_libero10_seed42_best_step100000,DF-04-03 LoRA+OFT 4-bit NF4 Language Model,bitsandbytes,bnb_4bit_nf4,True,9,KITCHEN_SCENE6_put_the_yellow_and_white_mug_in_the_microwave_and_close_it,put the yellow and white mug in the microwave and close it,23,23,9065,True,False,success,265,265,11.628857,34,272,265,33,153.56866670224596,154.62482078000903,19.703149690099483,12.323973004548055,14.996012300252913,280.18075151040273,300.40724743157625,35.94771906171205,27.818176677170623,6.277223587036133,6.953125,0,0,0,0,0,0,0,0,,,,,/root/autodl-tmp/openvla_efficiency_project/scripts/Simulation/DF-06-02 LoRA+OFT INT4/output/videos/task_09_trial_023.mp4,2026-07-29T02:31:33.471553+00:00,2026-07-29T02:31:45.101189+00:00
task_09_trial_024,df_06_02_lora_oft_nf4_libero10_seed42_best_step100000,DF-04-03 LoRA+OFT 4-bit NF4 Language Model,bitsandbytes,bnb_4bit_nf4,True,9,KITCHEN_SCENE6_put_the_yellow_and_white_mug_in_the_microwave_and_close_it,put the yellow and white mug in the microwave and close it,24,24,9066,True,False,success,251,251,11.083238,32,256,251,31,155.09418095462024,156.10120929777622,19.772963308955568,12.36695895691317,13.977286405861378,283.06477988371626,304.39653070643544,36.087940064856255,27.710088140326864,6.277223587036133,6.953125,0,0,0,0,0,0,0,0,,,,,/root/autodl-tmp/openvla_efficiency_project/scripts/Simulation/DF-06-02 LoRA+OFT INT4/output/videos/task_09_trial_024.mp4,2026-07-29T02:31:45.103534+00:00,2026-07-29T02:31:56.187599+00:00
task_09_trial_025,df_06_02_lora_oft_nf4_libero10_seed42_best_step100000,DF-04-03 LoRA+OFT 4-bit NF4 Language Model,bitsandbytes,bnb_4bit_nf4,True,9,KITCHEN_SCENE6_put_the_yellow_and_white_mug_in_the_microwave_and_close_it,put the yellow and white mug in the microwave and close it,25,25,9067,True,False,success,290,290,12.392246,37,296,290,36,153.8619073862965,155.27434274554253,19.630657149286105,12.356661761115337,14.297191705554724,281.71413522717114,293.9439699053764,35.94283794277701,27.821954448673626,6.277223587036133,6.953125,0,0,0,0,0,0,0,0,,,,,/root/autodl-tmp/openvla_efficiency_project/scripts/Simulation/DF-06-02 LoRA+OFT INT4/output/videos/task_09_trial_025.mp4,2026-07-29T02:31:56.189358+00:00,2026-07-29T02:32:08.582484+00:00
task_09_trial_026,df_06_02_lora_oft_nf4_libero10_seed42_best_step100000,DF-04-03 LoRA+OFT 4-bit NF4 Language Model,bitsandbytes,bnb_4bit_nf4,True,9,KITCHEN_SCENE6_put_the_yellow_and_white_mug_in_the_microwave_and_close_it,put the yellow and white mug in the microwave and close it,26,26,9068,True,False,success,251,251,11.138724,32,256,251,31,153.65303150610998,154.51458683237433,19.589231108348685,12.381305918097496,13.741726987063885,281.63489734288305,292.11499709635973,35.905644282758,27.85077443883114,6.277223587036133,6.953125,0,0,0,0,0,0,0,0,,,,,/root/autodl-tmp/openvla_efficiency_project/scripts/Simulation/DF-06-02 LoRA+OFT INT4/output/videos/task_09_trial_026.mp4,2026-07-29T02:32:08.584810+00:00,2026-07-29T02:32:19.724241+00:00
task_09_trial_027,df_06_02_lora_oft_nf4_libero10_seed42_best_step100000,DF-04-03 LoRA+OFT 4-bit NF4 Language Model,bitsandbytes,bnb_4bit_nf4,True,9,KITCHEN_SCENE6_put_the_yellow_and_white_mug_in_the_microwave_and_close_it,put the yellow and white mug in the microwave and close it,27,27,9069,True,False,success,251,251,10.967491,32,256,251,31,154.04135279823095,155.51522327587008,19.63873820535215,12.490241064790236,14.058354310691357,282.8599981730804,294.08535743132234,36.06183243640866,27.730149369514084,6.277223587036133,6.953125,0,0,0,0,0,0,0,0,,,,,/root/autodl-tmp/openvla_efficiency_project/scripts/Simulation/DF-06-02 LoRA+OFT INT4/output/videos/task_09_trial_027.mp4,2026-07-29T02:32:19.726240+00:00,2026-07-29T02:32:30.694598+00:00
task_09_trial_028,df_06_02_lora_oft_nf4_libero10_seed42_best_step100000,DF-04-03 LoRA+OFT 4-bit NF4 Language Model,bitsandbytes,bnb_4bit_nf4,True,9,KITCHEN_SCENE6_put_the_yellow_and_white_mug_in_the_microwave_and_close_it,put the yellow and white mug in the microwave and close it,28,28,9070,True,False,success,253,253,11.018176,32,256,253,31,153.54789438424632,154.66901399195194,19.42107755057661,12.501385769707412,14.200786128640173,283.324584714137,296.7441635206342,35.83552059625448,27.905273409213976,6.277223587036133,6.953125,0,0,0,0,0,0,0,0,,,,,/root/autodl-tmp/openvla_efficiency_project/scripts/Simulation/DF-06-02 LoRA+OFT INT4/output/videos/task_09_trial_028.mp4,2026-07-29T02:32:30.696915+00:00,2026-07-29T02:32:41.715865+00:00
task_09_trial_029,df_06_02_lora_oft_nf4_libero10_seed42_best_step100000,DF-04-03 LoRA+OFT 4-bit NF4 Language Model,bitsandbytes,bnb_4bit_nf4,True,9,KITCHEN_SCENE6_put_the_yellow_and_white_mug_in_the_microwave_and_close_it,put the yellow and white mug in the microwave and close it,29,29,9071,True,False,success,234,234,10.359391,30,240,234,29,153.4037927786509,154.23585679382086,19.667152920339863,12.378604923430672,14.609586168080568,280.44040258973837,295.7939921878278,35.95389776791517,27.813396101170092,6.277223587036133,6.953125,0,0,0,0,0,0,0,0,,,,,/root/autodl-tmp/openvla_efficiency_project/scripts/Simulation/DF-06-02 LoRA+OFT INT4/output/videos/task_09_trial_029.mp4,2026-07-29T02:32:41.718020+00:00,2026-07-29T02:32:52.078168+00:00
task_09_trial_030,df_06_02_lora_oft_nf4_libero10_seed42_best_step100000,DF-04-03 LoRA+OFT 4-bit NF4 Language Model,bitsandbytes,bnb_4bit_nf4,True,9,KITCHEN_SCENE6_put_the_yellow_and_white_mug_in_the_microwave_and_close_it,put the yellow and white mug in the microwave and close it,30,30,9072,True,False,success,308,308,12.963246,39,312,308,38,152.99373984527892,154.10888325423002,19.372583941447658,12.45365533735845,14.379786886274815,282.07412662987525,293.7064630910754,35.71717837196472,27.99773234004745,6.277223587036133,6.953125,0,0,0,0,0,0,0,0,,,,,/root/autodl-tmp/openvla_efficiency_project/scripts/Simulation/DF-06-02 LoRA+OFT INT4/output/videos/task_09_trial_030.mp4,2026-07-29T02:32:52.080108+00:00,2026-07-29T02:33:05.044128+00:00
task_09_trial_031,df_06_02_lora_oft_nf4_libero10_seed42_best_step100000,DF-04-03 LoRA+OFT 4-bit NF4 Language Model,bitsandbytes,bnb_4bit_nf4,True,9,KITCHEN_SCENE6_put_the_yellow_and_white_mug_in_the_microwave_and_close_it,put the yellow and white mug in the microwave and close it,31,31,9073,True,False,success,238,238,10.510529,30,240,238,29,153.63802189628282,155.49378227442503,19.366137213817165,12.372639703274775,13.750981818884604,282.47517831623554,292.41909673437476,35.606114913811204,28.085063546545808,6.277223587036133,6.953125,0,0,0,0,0,0,0,0,,,,,/root/autodl-tmp/openvla_efficiency_project/scripts/Simulation/DF-06-02 LoRA+OFT INT4/output/videos/task_09_trial_031.mp4,2026-07-29T02:33:05.046350+00:00,2026-07-29T02:33:15.557648+00:00
task_09_trial_032,df_06_02_lora_oft_nf4_libero10_seed42_best_step100000,DF-04-03 LoRA+OFT 4-bit NF4 Language Model,bitsandbytes,bnb_4bit_nf4,True,9,KITCHEN_SCENE6_put_the_yellow_and_white_mug_in_the_microwave_and_close_it,put the yellow and white mug in the microwave and close it,32,32,9074,True,False,success,244,244,10.668653,31,248,244,30,152.99524312778826,154.29301373660564,19.43792023344851,12.316649970522182,14.542842190712689,280.3853301992339,295.0572231784463,35.62272637777153,28.071967018897155,6.277223587036133,6.953125,0,0,0,0,0,0,0,0,,,,,/root/autodl-tmp/openvla_efficiency_project/scripts/Simulation/DF-06-02 LoRA+OFT INT4/output/videos/task_09_trial_032.mp4,2026-07-29T02:33:15.559581+00:00,2026-07-29T02:33:26.229042+00:00
task_09_trial_033,df_06_02_lora_oft_nf4_libero10_seed42_best_step100000,DF-04-03 LoRA+OFT 4-bit NF4 Language Model,bitsandbytes,bnb_4bit_nf4,True,9,KITCHEN_SCENE6_put_the_yellow_and_white_mug_in_the_microwave_and_close_it,put the yellow and white mug in the microwave and close it,33,33,9075,True,False,success,243,243,10.696796,31,248,243,30,153.13473013379883,155.0548430532217,19.53570631336528,12.601957215693753,14.945192076265808,282.4324707110082,301.90941598266363,36.03047980263891,27.754279306787335,6.277223587036133,6.953125,0,0,0,0,0,0,0,0,,,,,/root/autodl-tmp/openvla_efficiency_project/scripts/Simulation/DF-06-02 LoRA+OFT INT4/output/videos/task_09_trial_033.mp4,2026-07-29T02:33:26.231038+00:00,2026-07-29T02:33:36.928626+00:00
task_09_trial_034,df_06_02_lora_oft_nf4_libero10_seed42_best_step100000,DF-04-03 LoRA+OFT 4-bit NF4 Language Model,bitsandbytes,bnb_4bit_nf4,True,9,KITCHEN_SCENE6_put_the_yellow_and_white_mug_in_the_microwave_and_close_it,put the yellow and white mug in the microwave and close it,34,34,9076,True,False,success,363,363,15.089883,46,368,363,45,153.6391656440885,155.0220907665789,19.46942594938863,12.67722022742772,14.549705758690834,284.3580360159926,299.6148308739066,36.03435167144809,27.75129712663465,6.277223587036133,6.953125,0,0,0,0,0,0,0,0,,,,,/root/autodl-tmp/openvla_efficiency_project/scripts/Simulation/DF-06-02 LoRA+OFT INT4/output/videos/task_09_trial_034.mp4,2026-07-29T02:33:36.930974+00:00,2026-07-29T02:33:52.021631+00:00
task_09_trial_035,df_06_02_lora_oft_nf4_libero10_seed42_best_step100000,DF-04-03 LoRA+OFT 4-bit NF4 Language Model,bitsandbytes,bnb_4bit_nf4,True,9,KITCHEN_SCENE6_put_the_yellow_and_white_mug_in_the_microwave_and_close_it,put the yellow and white mug in the microwave and close it,35,35,9077,True,False,success,237,237,10.50125,30,240,237,29,153.9287052427729,155.35034704953432,19.484646233262392,12.504680294402037,14.318649843335152,283.3731065193812,296.1813747882843,35.870013483465975,27.878439478729018,6.277223587036133,6.953125,0,0,0,0,0,0,0,0,,,,,/root/autodl-tmp/openvla_efficiency_project/scripts/Simulation/DF-06-02 LoRA+OFT INT4/output/videos/task_09_trial_035.mp4,2026-07-29T02:33:52.027635+00:00,2026-07-29T02:34:02.529605+00:00
task_09_trial_036,df_06_02_lora_oft_nf4_libero10_seed42_best_step100000,DF-04-03 LoRA+OFT 4-bit NF4 Language Model,bitsandbytes,bnb_4bit_nf4,True,9,KITCHEN_SCENE6_put_the_yellow_and_white_mug_in_the_microwave_and_close_it,put the yellow and white mug in the microwave and close it,36,36,9078,True,False,success,267,267,11.503062,34,272,267,33,153.97769596208545,155.81585550680757,19.60764667681987,12.427452470311957,14.338126592338083,282.11428477045365,296.7163653112948,35.92466547638736,27.836028164473294,6.277223587036133,6.953125,0,0,0,0,0,0,0,0,,,,,/root/autodl-tmp/openvla_efficiency_project/scripts/Simulation/DF-06-02 LoRA+OFT INT4/output/videos/task_09_trial_036.mp4,2026-07-29T02:34:02.531583+00:00,2026-07-29T02:34:14.035491+00:00
task_09_trial_037,df_06_02_lora_oft_nf4_libero10_seed42_best_step100000,DF-04-03 LoRA+OFT 4-bit NF4 Language Model,bitsandbytes,bnb_4bit_nf4,True,9,KITCHEN_SCENE6_put_the_yellow_and_white_mug_in_the_microwave_and_close_it,put the yellow and white mug in the microwave and close it,37,37,9079,False,True,timeout,520,,20.520408,65,520,520,64,153.92155274748802,155.91645762324333,19.240194093436003,12.503761217857782,13.6201873421669,284.91657227277756,290.0526501238346,35.614571534097195,28.078394795304654,6.277223587036133,6.953125,0,0,0,0,0,0,0,0,timeout,"collapse_diagnostics={""zero_equivalent_arm_action_count"":0,""zero_equivalent_full_noop_count"":0,""repeated_action_count"":0,""repeated_chunk_count"":0,""max_consecutive_zero_equivalent_actions"":0,""max_consecutive_repeated_chunks"":0}",,,/root/autodl-tmp/openvla_efficiency_project/scripts/Simulation/DF-06-02 LoRA+OFT INT4/output/videos/task_09_trial_037.mp4,2026-07-29T02:34:14.038234+00:00,2026-07-29T02:34:34.559542+00:00
task_09_trial_038,df_06_02_lora_oft_nf4_libero10_seed42_best_step100000,DF-04-03 LoRA+OFT 4-bit NF4 Language Model,bitsandbytes,bnb_4bit_nf4,True,9,KITCHEN_SCENE6_put_the_yellow_and_white_mug_in_the_microwave_and_close_it,put the yellow and white mug in the microwave and close it,38,38,9080,True,False,success,235,235,10.59292,30,240,235,29,153.80077920854092,155.61600252985954,19.634142026622246,12.584262119328722,14.101658947765825,283.0428187424938,293.3722694404423,36.1331257969141,27.675435710170518,6.277223587036133,6.953125,0,0,0,0,0,0,0,0,,,,,/root/autodl-tmp/openvla_efficiency_project/scripts/Simulation/DF-06-02 LoRA+OFT INT4/output/videos/task_09_trial_038.mp4,2026-07-29T02:34:34.562684+00:00,2026-07-29T02:34:45.156387+00:00
task_09_trial_039,df_06_02_lora_oft_nf4_libero10_seed42_best_step100000,DF-04-03 LoRA+OFT 4-bit NF4 Language Model,bitsandbytes,bnb_4bit_nf4,True,9,KITCHEN_SCENE6_put_the_yellow_and_white_mug_in_the_microwave_and_close_it,put the yellow and white mug in the microwave and close it,39,39,9081,True,False,success,233,233,10.575799,30,240,233,29,155.8871390298009,166.60005608573556,20.0713054544808,12.94262665663666,14.871204271912573,287.63199150562286,310.45550564303994,37.034161996432125,27.0020960673105,6.277223587036133,6.953125,0,0,0,0,0,0,0,0,,,,,/root/autodl-tmp/openvla_efficiency_project/scripts/Simulation/DF-06-02 LoRA+OFT INT4/output/videos/task_09_trial_039.mp4,2026-07-29T02:34:45.158560+00:00,2026-07-29T02:34:55.735101+00:00
task_09_trial_040,df_06_02_lora_oft_nf4_libero10_seed42_best_step100000,DF-04-03 LoRA+OFT 4-bit NF4 Language Model,bitsandbytes,bnb_4bit_nf4,True,9,KITCHEN_SCENE6_put_the_yellow_and_white_mug_in_the_microwave_and_close_it,put the yellow and white mug in the microwave and close it,40,40,9082,True,False,success,267,267,11.623457,34,272,267,33,153.71820631930058,155.27317821979523,19.574603051895952,12.689894141999076,14.913170412182804,284.1514099718017,299.7339820489287,36.184074678057144,27.636467393386823,6.277223587036133,6.953125,0,0,0,0,0,0,0,0,,,,,/root/autodl-tmp/openvla_efficiency_project/scripts/Simulation/DF-06-02 LoRA+OFT INT4/output/videos/task_09_trial_040.mp4,2026-07-29T02:34:55.738022+00:00,2026-07-29T02:35:07.362336+00:00
task_09_trial_041,df_06_02_lora_oft_nf4_libero10_seed42_best_step100000,DF-04-03 LoRA+OFT 4-bit NF4 Language Model,bitsandbytes,bnb_4bit_nf4,True,9,KITCHEN_SCENE6_put_the_yellow_and_white_mug_in_the_microwave_and_close_it,put the yellow and white mug in the microwave and close it,41,41,9083,True,False,success,276,276,11.858371,35,280,276,34,153.85858294154917,155.54001908749342,19.51105218461674,12.488491961435564,13.893365394324064,283.092787116766,292.3474755138159,35.89944764161887,27.855581790085317,6.277223587036133,6.953125,0,0,0,0,0,0,0,0,,,,,/root/autodl-tmp/openvla_efficiency_project/scripts/Simulation/DF-06-02 LoRA+OFT INT4/output/videos/task_09_trial_041.mp4,2026-07-29T02:35:07.364983+00:00,2026-07-29T02:35:19.224154+00:00
task_09_trial_042,df_06_02_lora_oft_nf4_libero10_seed42_best_step100000,DF-04-03 LoRA+OFT 4-bit NF4 Language Model,bitsandbytes,bnb_4bit_nf4,True,9,KITCHEN_SCENE6_put_the_yellow_and_white_mug_in_the_microwave_and_close_it,put the yellow and white mug in the microwave and close it,42,42,9084,True,False,success,243,243,10.816094,31,248,243,30,153.60333692402608,154.34862207621336,19.595487426521846,12.560123140797202,14.832403883337971,282.70799348190906,298.33522345870733,36.065628798103624,27.72723042201835,6.277223587036133,6.953125,0,0,0,0,0,0,0,0,,,,,/root/autodl-tmp/openvla_efficiency_project/scripts/Simulation/DF-06-02 LoRA+OFT INT4/output/videos/task_09_trial_042.mp4,2026-07-29T02:35:19.226307+00:00,2026-07-29T02:35:30.043135+00:00
task_09_trial_043,df_06_02_lora_oft_nf4_libero10_seed42_best_step100000,DF-04-03 LoRA+OFT 4-bit NF4 Language Model,bitsandbytes,bnb_4bit_nf4,True,9,KITCHEN_SCENE6_put_the_yellow_and_white_mug_in_the_microwave_and_close_it,put the yellow and white mug in the microwave and close it,43,43,9085,True,False,success,234,234,10.423341,30,240,234,29,153.52817022552094,154.73951939493418,19.683098746861656,12.390773297629805,14.133584033697842,280.76178276290494,291.29270277917385,35.995100354218586,27.781558883271767,6.277223587036133,6.953125,0,0,0,0,0,0,0,0,,,,,/root/autodl-tmp/openvla_efficiency_project/scripts/Simulation/DF-06-02 LoRA+OFT INT4/output/videos/task_09_trial_043.mp4,2026-07-29T02:35:30.046469+00:00,2026-07-29T02:35:40.470625+00:00
task_09_trial_044,df_06_02_lora_oft_nf4_libero10_seed42_best_step100000,DF-04-03 LoRA+OFT 4-bit NF4 Language Model,bitsandbytes,bnb_4bit_nf4,True,9,KITCHEN_SCENE6_put_the_yellow_and_white_mug_in_the_microwave_and_close_it,put the yellow and white mug in the microwave and close it,44,44,9086,True,False,success,245,245,10.681651,31,248,245,30,153.7209380898745,155.65868094563484,19.450404411371874,12.527157814831149,14.669396355748177,283.3434530203381,299.95331540703773,35.85162058624686,27.892741908119287,6.277223587036133,6.953125,0,0,0,0,0,0,0,0,,,,,/root/autodl-tmp/openvla_efficiency_project/scripts/Simulation/DF-06-02 LoRA+OFT INT4/output/videos/task_09_trial_044.mp4,2026-07-29T02:35:40.472956+00:00,2026-07-29T02:35:51.155436+00:00
task_09_trial_045,df_06_02_lora_oft_nf4_libero10_seed42_best_step100000,DF-04-03 LoRA+OFT 4-bit NF4 Language Model,bitsandbytes,bnb_4bit_nf4,True,9,KITCHEN_SCENE6_put_the_yellow_and_white_mug_in_the_microwave_and_close_it,put the yellow and white mug in the microwave and close it,45,45,9087,True,False,success,348,348,14.706648,44,352,348,43,153.5169917836108,154.9598017707467,19.410194363445044,13.28157317214485,17.60693322867155,289.4547727720981,321.766853146255,36.59772989072505,27.324099144560048,6.277223587036133,6.953125,0,0,0,0,0,0,0,0,,,,,/root/autodl-tmp/openvla_efficiency_project/scripts/Simulation/DF-06-02 LoRA+OFT INT4/output/videos/task_09_trial_045.mp4,2026-07-29T02:35:51.157263+00:00,2026-07-29T02:36:05.864699+00:00
task_09_trial_046,df_06_02_lora_oft_nf4_libero10_seed42_best_step100000,DF-04-03 LoRA+OFT 4-bit NF4 Language Model,bitsandbytes,bnb_4bit_nf4,True,9,KITCHEN_SCENE6_put_the_yellow_and_white_mug_in_the_microwave_and_close_it,put the yellow and white mug in the microwave and close it,46,46,9088,True,False,success,241,241,10.717293,31,248,241,30,153.40457538202887,154.1816545650363,19.7325387420867,12.538681664654822,14.158634468913078,281.30273484895304,294.16193906217813,36.18416921293587,27.6363951902618,6.277223587036133,6.953125,0,0,0,0,0,0,0,0,,,,,/root/autodl-tmp/openvla_efficiency_project/scripts/Simulation/DF-06-02 LoRA+OFT INT4/output/videos/task_09_trial_046.mp4,2026-07-29T02:36:05.866961+00:00,2026-07-29T02:36:16.585013+00:00
task_09_trial_047,df_06_02_lora_oft_nf4_libero10_seed42_best_step100000,DF-04-03 LoRA+OFT 4-bit NF4 Language Model,bitsandbytes,bnb_4bit_nf4,True,9,KITCHEN_SCENE6_put_the_yellow_and_white_mug_in_the_microwave_and_close_it,put the yellow and white mug in the microwave and close it,47,47,9089,True,False,success,300,300,12.883274,38,304,300,37,153.9652279921268,155.36358393728733,19.502262212336063,12.78004818285505,14.79359418153763,285.53737239225916,297.1553834155202,36.16806716968616,27.64869892848845,6.277223587036133,6.953125,0,0,0,0,0,0,0,0,,,,,/root/autodl-tmp/openvla_efficiency_project/scripts/Simulation/DF-06-02 LoRA+OFT INT4/output/videos/task_09_trial_047.mp4,2026-07-29T02:36:16.587450+00:00,2026-07-29T02:36:29.471479+00:00
task_09_trial_048,df_06_02_lora_oft_nf4_libero10_seed42_best_step100000,DF-04-03 LoRA+OFT 4-bit NF4 Language Model,bitsandbytes,bnb_4bit_nf4,True,9,KITCHEN_SCENE6_put_the_yellow_and_white_mug_in_the_microwave_and_close_it,put the yellow and white mug in the microwave and close it,48,48,9090,True,False,success,263,263,11.269936,33,264,263,32,153.69230542670596,154.65400591492653,19.28458585202014,12.293309872764599,14.045156724750989,282.7981081650113,291.084723174572,35.48417326785312,28.181578092618256,6.277223587036133,6.953125,0,0,0,0,0,0,0,0,,,,,/root/autodl-tmp/openvla_efficiency_project/scripts/Simulation/DF-06-02 LoRA+OFT INT4/output/videos/task_09_trial_048.mp4,2026-07-29T02:36:29.473386+00:00,2026-07-29T02:36:40.744181+00:00
task_09_trial_049,df_06_02_lora_oft_nf4_libero10_seed42_best_step100000,DF-04-03 LoRA+OFT 4-bit NF4 Language Model,bitsandbytes,bnb_4bit_nf4,True,9,KITCHEN_SCENE6_put_the_yellow_and_white_mug_in_the_microwave_and_close_it,put the yellow and white mug in the microwave and close it,49,49,9091,True,False,success,326,326,13.682366,41,328,326,40,153.6461632789635,155.3202960640192,19.32359722220093,12.651100646178781,14.610684476792812,285.15563460021485,298.4837759286165,35.86313195892273,27.883788876704635,6.277223587036133,6.953125,0,0,0,0,0,0,0,0,,,,,/root/autodl-tmp/openvla_efficiency_project/scripts/Simulation/DF-06-02 LoRA+OFT INT4/output/videos/task_09_trial_049.mp4,2026-07-29T02:36:40.746584+00:00,2026-07-29T02:36:54.429769+00:00
