rollout_id,run_id,model_variant,quantization_backend,quantization_method,language_model_loaded_in_8bit,task_index,task_name,task_instruction,trial_index,initial_state_id,rollout_seed,success,timeout,termination_reason,episode_steps,steps_to_success,episode_time_seconds,inference_calls,actions_generated,actions_executed,replan_count,avg_inference_latency_ms,p95_inference_latency_ms,avg_amortized_inference_ms_per_action,avg_environment_step_latency_ms,p95_environment_step_latency_ms,avg_end_to_end_latency_ms,p95_end_to_end_latency_ms,avg_amortized_end_to_end_ms_per_action,control_frequency_hz,peak_vram_allocated_gb,peak_vram_reserved_gb,invalid_action_count,zero_equivalent_arm_action_count,zero_equivalent_full_noop_count,repeated_action_count,repeated_chunk_count,max_consecutive_zero_equivalent_actions,max_consecutive_repeated_chunks,collapse_warning_count,automatic_failure_reason,failure_detail,manual_failure_reason,manual_failure_note,video_path,started_at,finished_at
task_00_trial_000,df_06_01_lora_oft_int8_libero10_seed42_best_step100000,DF-04-03 LoRA+OFT INT8 Language Model,bitsandbytes,llm_int8,True,0,LIVING_ROOM_SCENE2_put_both_the_alphabet_soup_and_the_tomato_sauce_in_the_basket,put both the alphabet soup and the tomato sauce in the basket,0,0,42,True,False,success,264,264,15.172324,33,264,264,32,217.21001906376895,205.3254809230566,27.15125238297112,20.007612035525117,26.73920700326562,411.370449276133,418.3648996055126,51.421306159516625,19.44719173211683,9.248741149902344,9.66796875,0,0,0,0,0,0,0,0,,,,,/root/autodl-tmp/openvla_efficiency_project/scripts/Simulation/DF-06-01 LoRA+OFT INT8/output/videos/task_00_trial_000.mp4,2026-07-28T20:01:55.566690+00:00,2026-07-28T20:02:10.739707+00:00
task_00_trial_001,df_06_01_lora_oft_int8_libero10_seed42_best_step100000,DF-04-03 LoRA+OFT INT8 Language Model,bitsandbytes,llm_int8,True,0,LIVING_ROOM_SCENE2_put_both_the_alphabet_soup_and_the_tomato_sauce_in_the_basket,put both the alphabet soup and the tomato sauce in the basket,1,1,43,True,False,success,251,251,14.011543,32,256,251,31,199.1435681702569,206.54763588681817,25.388821440032753,19.980688798296974,28.227267786860466,388.121692056302,445.2826884575188,49.481649983273556,20.20951201784971,9.248741626739502,9.66796875,0,0,0,0,0,0,0,0,,,,,/root/autodl-tmp/openvla_efficiency_project/scripts/Simulation/DF-06-01 LoRA+OFT INT8/output/videos/task_00_trial_001.mp4,2026-07-28T20:02:10.754468+00:00,2026-07-28T20:02:24.766713+00:00
task_00_trial_002,df_06_01_lora_oft_int8_libero10_seed42_best_step100000,DF-04-03 LoRA+OFT INT8 Language Model,bitsandbytes,llm_int8,True,0,LIVING_ROOM_SCENE2_put_both_the_alphabet_soup_and_the_tomato_sauce_in_the_basket,put both the alphabet soup and the tomato sauce in the basket,2,2,44,True,False,success,242,242,13.289163,31,248,242,30,197.23967246470912,205.12523595243692,25.266239034735467,19.664667423599024,26.81572241708636,382.017279644647,414.99799955636263,48.936097805719236,20.434812844499596,9.24874210357666,9.66796875,0,0,0,0,0,0,0,0,,,,,/root/autodl-tmp/openvla_efficiency_project/scripts/Simulation/DF-06-01 LoRA+OFT INT8/output/videos/task_00_trial_002.mp4,2026-07-28T20:02:24.770197+00:00,2026-07-28T20:02:38.060077+00:00
task_00_trial_003,df_06_01_lora_oft_int8_libero10_seed42_best_step100000,DF-04-03 LoRA+OFT INT8 Language Model,bitsandbytes,llm_int8,True,0,LIVING_ROOM_SCENE2_put_both_the_alphabet_soup_and_the_tomato_sauce_in_the_basket,put both the alphabet soup and the tomato sauce in the basket,3,3,45,True,False,success,273,273,14.188299,35,280,273,34,193.25004257261753,200.69836881011724,24.775646483668915,18.42871479580909,22.914779558777806,366.909746453166,401.0229228064418,47.039711083739235,21.258633970345148,9.248741149902344,9.66796875,0,0,0,0,0,0,0,0,,,,,/root/autodl-tmp/openvla_efficiency_project/scripts/Simulation/DF-06-01 LoRA+OFT INT8/output/videos/task_00_trial_003.mp4,2026-07-28T20:02:38.070275+00:00,2026-07-28T20:02:52.259183+00:00
task_00_trial_004,df_06_01_lora_oft_int8_libero10_seed42_best_step100000,DF-04-03 LoRA+OFT INT8 Language Model,bitsandbytes,llm_int8,True,0,LIVING_ROOM_SCENE2_put_both_the_alphabet_soup_and_the_tomato_sauce_in_the_basket,put both the alphabet soup and the tomato sauce in the basket,4,4,46,True,False,success,340,340,17.47555,43,344,340,42,192.76046986843264,199.16952345520258,24.378530012772362,19.01771106812007,24.26449414342642,373.21517889409563,415.8888153731823,47.200743213076805,21.18610708068159,9.248741149902344,9.66796875,0,0,0,0,0,0,0,0,,,,,/root/autodl-tmp/openvla_efficiency_project/scripts/Simulation/DF-06-01 LoRA+OFT INT8/output/videos/task_00_trial_004.mp4,2026-07-28T20:02:52.261144+00:00,2026-07-28T20:03:09.737527+00:00
task_00_trial_005,df_06_01_lora_oft_int8_libero10_seed42_best_step100000,DF-04-03 LoRA+OFT INT8 Language Model,bitsandbytes,llm_int8,True,0,LIVING_ROOM_SCENE2_put_both_the_alphabet_soup_and_the_tomato_sauce_in_the_basket,put both the alphabet soup and the tomato sauce in the basket,5,5,47,True,False,success,257,257,13.932703,33,264,257,32,200.25216539700827,246.79024368524549,25.713313066541918,19.187260687293247,24.560043215751648,380.81657655085576,471.028346568346,48.898626561004825,20.450472136521512,9.24874210357666,9.66796875,0,0,0,0,0,0,0,0,,,,,/root/autodl-tmp/openvla_efficiency_project/scripts/Simulation/DF-06-01 LoRA+OFT INT8/output/videos/task_00_trial_005.mp4,2026-07-28T20:03:09.744483+00:00,2026-07-28T20:03:23.677981+00:00
task_00_trial_006,df_06_01_lora_oft_int8_libero10_seed42_best_step100000,DF-04-03 LoRA+OFT INT8 Language Model,bitsandbytes,llm_int8,True,0,LIVING_ROOM_SCENE2_put_both_the_alphabet_soup_and_the_tomato_sauce_in_the_basket,put both the alphabet soup and the tomato sauce in the basket,6,6,48,True,False,success,343,343,17.4845,43,344,343,42,192.5474296129027,199.3362044915557,24.13859904768168,17.949916346340764,22.46791236102581,366.4696186694295,395.3181244432926,45.9422554017069,21.76645424253261,9.248741149902344,9.66796875,0,0,0,0,0,0,0,0,,,,,/root/autodl-tmp/openvla_efficiency_project/scripts/Simulation/DF-06-01 LoRA+OFT INT8/output/videos/task_00_trial_006.mp4,2026-07-28T20:03:23.679977+00:00,2026-07-28T20:03:41.165231+00:00
task_00_trial_007,df_06_01_lora_oft_int8_libero10_seed42_best_step100000,DF-04-03 LoRA+OFT INT8 Language Model,bitsandbytes,llm_int8,True,0,LIVING_ROOM_SCENE2_put_both_the_alphabet_soup_and_the_tomato_sauce_in_the_basket,put both the alphabet soup and the tomato sauce in the basket,7,7,49,True,False,success,234,234,12.644878,30,240,234,29,195.31703473379216,202.00713155791163,25.0406454786913,18.277575954412804,22.877560183405876,368.1860351314147,401.36115336790675,47.20333783736086,21.184942544645907,9.248741626739502,9.66796875,0,0,0,0,0,0,0,0,,,,,/root/autodl-tmp/openvla_efficiency_project/scripts/Simulation/DF-06-01 LoRA+OFT INT8/output/videos/task_00_trial_007.mp4,2026-07-28T20:03:41.166964+00:00,2026-07-28T20:03:53.812475+00:00
task_00_trial_008,df_06_01_lora_oft_int8_libero10_seed42_best_step100000,DF-04-03 LoRA+OFT INT8 Language Model,bitsandbytes,llm_int8,True,0,LIVING_ROOM_SCENE2_put_both_the_alphabet_soup_and_the_tomato_sauce_in_the_basket,put both the alphabet soup and the tomato sauce in the basket,8,8,50,True,False,success,247,247,13.415664,31,248,247,30,198.7817571648667,206.35873917490244,24.948317700853714,19.644799351933514,25.27363020926714,386.7698196441896,415.83372186869383,48.54196116991854,20.600733384041767,9.248741626739502,9.66796875,0,0,0,0,0,0,0,0,,,,,/root/autodl-tmp/openvla_efficiency_project/scripts/Simulation/DF-06-01 LoRA+OFT INT8/output/videos/task_00_trial_008.mp4,2026-07-28T20:03:53.814778+00:00,2026-07-28T20:04:07.231089+00:00
task_00_trial_009,df_06_01_lora_oft_int8_libero10_seed42_best_step100000,DF-04-03 LoRA+OFT INT8 Language Model,bitsandbytes,llm_int8,True,0,LIVING_ROOM_SCENE2_put_both_the_alphabet_soup_and_the_tomato_sauce_in_the_basket,put both the alphabet soup and the tomato sauce in the basket,9,9,51,True,False,success,260,260,14.018333,33,264,260,32,198.26834767379543,204.70647029578686,25.1648287432125,19.321709520255144,24.436878692358732,381.6663527466131,419.79189328849316,48.44226784860859,20.64312932510081,9.248741626739502,9.66796875,0,0,0,0,0,0,0,0,,,,,/root/autodl-tmp/openvla_efficiency_project/scripts/Simulation/DF-06-01 LoRA+OFT INT8/output/videos/task_00_trial_009.mp4,2026-07-28T20:04:07.233212+00:00,2026-07-28T20:04:21.252307+00:00
task_00_trial_010,df_06_01_lora_oft_int8_libero10_seed42_best_step100000,DF-04-03 LoRA+OFT INT8 Language Model,bitsandbytes,llm_int8,True,0,LIVING_ROOM_SCENE2_put_both_the_alphabet_soup_and_the_tomato_sauce_in_the_basket,put both the alphabet soup and the tomato sauce in the basket,10,10,52,True,False,success,398,398,21.306253,50,400,398,49,198.96618720144033,205.7215416803956,24.995752160984967,20.175720148499888,26.595997065305706,391.2604422867298,433.124512527138,49.153321895317816,20.344504937625725,9.24874210357666,9.66796875,0,0,0,0,0,0,0,0,,,,,/root/autodl-tmp/openvla_efficiency_project/scripts/Simulation/DF-06-01 LoRA+OFT INT8/output/videos/task_00_trial_010.mp4,2026-07-28T20:04:21.254481+00:00,2026-07-28T20:04:42.561441+00:00
task_00_trial_011,df_06_01_lora_oft_int8_libero10_seed42_best_step100000,DF-04-03 LoRA+OFT INT8 Language Model,bitsandbytes,llm_int8,True,0,LIVING_ROOM_SCENE2_put_both_the_alphabet_soup_and_the_tomato_sauce_in_the_basket,put both the alphabet soup and the tomato sauce in the basket,11,11,53,True,False,success,295,295,15.308273,37,296,295,36,195.16125804669147,209.63415019214153,24.477852704161304,18.736988186078555,22.191009111702442,374.95872373315126,403.70742306113243,47.028721281785074,21.26360174686091,9.248741626739502,9.66796875,0,0,0,0,0,0,0,0,,,,,/root/autodl-tmp/openvla_efficiency_project/scripts/Simulation/DF-06-01 LoRA+OFT INT8/output/videos/task_00_trial_011.mp4,2026-07-28T20:04:42.563989+00:00,2026-07-28T20:04:57.873021+00:00
task_00_trial_012,df_06_01_lora_oft_int8_libero10_seed42_best_step100000,DF-04-03 LoRA+OFT INT8 Language Model,bitsandbytes,llm_int8,True,0,LIVING_ROOM_SCENE2_put_both_the_alphabet_soup_and_the_tomato_sauce_in_the_basket,put both the alphabet soup and the tomato sauce in the basket,12,12,54,True,False,success,257,257,13.809225,33,264,257,32,193.76044991341504,198.78212437033653,24.87974648693656,19.139328333712275,26.326201856136322,372.97393144531685,431.2058325856924,47.89159431009905,20.88049091715301,9.248741626739502,9.66796875,0,0,0,0,0,0,0,0,,,,,/root/autodl-tmp/openvla_efficiency_project/scripts/Simulation/DF-06-01 LoRA+OFT INT8/output/videos/task_00_trial_012.mp4,2026-07-28T20:04:57.875311+00:00,2026-07-28T20:05:11.685282+00:00
task_00_trial_013,df_06_01_lora_oft_int8_libero10_seed42_best_step100000,DF-04-03 LoRA+OFT INT8 Language Model,bitsandbytes,llm_int8,True,0,LIVING_ROOM_SCENE2_put_both_the_alphabet_soup_and_the_tomato_sauce_in_the_basket,put both the alphabet soup and the tomato sauce in the basket,13,13,55,True,False,success,275,275,15.165731,35,280,275,34,205.78627320272582,252.3289918899536,26.190980225801468,19.178492203354836,25.568902119994164,388.6142850986549,466.2752386182546,49.45999992164698,20.218358301337837,9.248741626739502,9.66796875,0,0,0,0,0,0,0,0,,,,,/root/autodl-tmp/openvla_efficiency_project/scripts/Simulation/DF-06-01 LoRA+OFT INT8/output/videos/task_00_trial_013.mp4,2026-07-28T20:05:11.687399+00:00,2026-07-28T20:05:26.853870+00:00
task_00_trial_014,df_06_01_lora_oft_int8_libero10_seed42_best_step100000,DF-04-03 LoRA+OFT INT8 Language Model,bitsandbytes,llm_int8,True,0,LIVING_ROOM_SCENE2_put_both_the_alphabet_soup_and_the_tomato_sauce_in_the_basket,put both the alphabet soup and the tomato sauce in the basket,14,14,56,True,False,success,300,300,15.57539,38,304,300,37,195.96594763233475,203.83558571338654,24.8223533667624,18.326001080373924,21.662345249205828,371.05362867250255,393.9237991347909,47.00012629851699,21.276538570313445,9.248741149902344,9.66796875,0,0,0,0,0,0,0,0,,,,,/root/autodl-tmp/openvla_efficiency_project/scripts/Simulation/DF-06-01 LoRA+OFT INT8/output/videos/task_00_trial_014.mp4,2026-07-28T20:05:26.855744+00:00,2026-07-28T20:05:42.431806+00:00
task_00_trial_015,df_06_01_lora_oft_int8_libero10_seed42_best_step100000,DF-04-03 LoRA+OFT INT8 Language Model,bitsandbytes,llm_int8,True,0,LIVING_ROOM_SCENE2_put_both_the_alphabet_soup_and_the_tomato_sauce_in_the_basket,put both the alphabet soup and the tomato sauce in the basket,15,15,57,True,False,success,265,265,14.408791,34,272,265,33,196.62320531685563,202.76475166901946,25.22712822933242,19.834025260412467,23.874091729521748,382.1730368277606,412.67920872196555,49.033521706203246,20.39421124984155,9.24874210357666,9.66796875,0,0,0,0,0,0,0,0,,,,,/root/autodl-tmp/openvla_efficiency_project/scripts/Simulation/DF-06-01 LoRA+OFT INT8/output/videos/task_00_trial_015.mp4,2026-07-28T20:05:42.434644+00:00,2026-07-28T20:05:56.844284+00:00
task_00_trial_016,df_06_01_lora_oft_int8_libero10_seed42_best_step100000,DF-04-03 LoRA+OFT INT8 Language Model,bitsandbytes,llm_int8,True,0,LIVING_ROOM_SCENE2_put_both_the_alphabet_soup_and_the_tomato_sauce_in_the_basket,put both the alphabet soup and the tomato sauce in the basket,16,16,58,True,False,success,313,313,17.430135,40,320,313,39,205.40808755904436,216.9101705774665,26.250234831826756,19.936644225217663,25.932081416249265,393.2844375260174,430.92792239040136,50.25999201610446,19.896541162990573,9.248741149902344,9.66796875,0,0,0,0,0,0,0,0,,,,,/root/autodl-tmp/openvla_efficiency_project/scripts/Simulation/DF-06-01 LoRA+OFT INT8/output/videos/task_00_trial_016.mp4,2026-07-28T20:05:56.846425+00:00,2026-07-28T20:06:14.277230+00:00
task_00_trial_017,df_06_01_lora_oft_int8_libero10_seed42_best_step100000,DF-04-03 LoRA+OFT INT8 Language Model,bitsandbytes,llm_int8,True,0,LIVING_ROOM_SCENE2_put_both_the_alphabet_soup_and_the_tomato_sauce_in_the_basket,put both the alphabet soup and the tomato sauce in the basket,17,17,59,True,False,success,294,294,15.833734,37,296,294,36,203.1159343550334,217.64909364283085,25.562209425633455,18.984676313390132,24.398538470268235,385.83841164772576,414.3068850040436,48.557895343421265,20.59397329574504,9.248741149902344,9.66796875,0,0,0,0,0,0,0,0,,,,,/root/autodl-tmp/openvla_efficiency_project/scripts/Simulation/DF-06-01 LoRA+OFT INT8/output/videos/task_00_trial_017.mp4,2026-07-28T20:06:14.279201+00:00,2026-07-28T20:06:30.113717+00:00
task_00_trial_018,df_06_01_lora_oft_int8_libero10_seed42_best_step100000,DF-04-03 LoRA+OFT INT8 Language Model,bitsandbytes,llm_int8,True,0,LIVING_ROOM_SCENE2_put_both_the_alphabet_soup_and_the_tomato_sauce_in_the_basket,put both the alphabet soup and the tomato sauce in the basket,18,18,60,True,False,success,272,272,14.836582,34,272,272,33,202.22378429025412,208.0420456826687,25.277973036281765,19.467161742367725,27.52975607290864,390.597936916439,424.0159199573099,48.82474211455487,20.48141898330469,9.248741626739502,9.66796875,0,0,0,0,0,0,0,0,,,,,/root/autodl-tmp/openvla_efficiency_project/scripts/Simulation/DF-06-01 LoRA+OFT INT8/output/videos/task_00_trial_018.mp4,2026-07-28T20:06:30.116072+00:00,2026-07-28T20:06:44.953442+00:00
task_00_trial_019,df_06_01_lora_oft_int8_libero10_seed42_best_step100000,DF-04-03 LoRA+OFT INT8 Language Model,bitsandbytes,llm_int8,True,0,LIVING_ROOM_SCENE2_put_both_the_alphabet_soup_and_the_tomato_sauce_in_the_basket,put both the alphabet soup and the tomato sauce in the basket,19,19,61,True,False,success,244,244,13.321251,31,248,244,30,196.43008282348032,206.12282864749432,24.956281014458565,18.39323146421401,21.44083259627223,371.61288626732363,388.87986075133085,47.21311259953702,21.180556522126146,9.248741626739502,9.66796875,0,0,0,0,0,0,0,0,,,,,/root/autodl-tmp/openvla_efficiency_project/scripts/Simulation/DF-06-01 LoRA+OFT INT8/output/videos/task_00_trial_019.mp4,2026-07-28T20:06:44.955821+00:00,2026-07-28T20:06:58.277699+00:00
task_00_trial_020,df_06_01_lora_oft_int8_libero10_seed42_best_step100000,DF-04-03 LoRA+OFT INT8 Language Model,bitsandbytes,llm_int8,True,0,LIVING_ROOM_SCENE2_put_both_the_alphabet_soup_and_the_tomato_sauce_in_the_basket,put both the alphabet soup and the tomato sauce in the basket,20,20,62,True,False,success,284,284,14.888712,36,288,284,35,198.02054245438842,205.9358423575759,25.10119552238726,18.319415689354212,21.398812811821692,373.9886878368755,392.0934433117509,47.407016768054646,21.09392381496262,9.248741149902344,9.66796875,0,0,0,0,0,0,0,0,,,,,/root/autodl-tmp/openvla_efficiency_project/scripts/Simulation/DF-06-01 LoRA+OFT INT8/output/videos/task_00_trial_020.mp4,2026-07-28T20:06:58.279851+00:00,2026-07-28T20:07:13.169514+00:00
task_00_trial_021,df_06_01_lora_oft_int8_libero10_seed42_best_step100000,DF-04-03 LoRA+OFT INT8 Language Model,bitsandbytes,llm_int8,True,0,LIVING_ROOM_SCENE2_put_both_the_alphabet_soup_and_the_tomato_sauce_in_the_basket,put both the alphabet soup and the tomato sauce in the basket,21,21,63,True,False,success,323,323,18.068032,41,328,323,40,209.8506714512662,274.8230770230293,26.637391732204073,18.93678712355832,24.14366155862808,391.1489837507649,461.66839450597763,49.650490197465516,20.14078805713476,9.24874210357666,9.66796875,0,0,0,0,0,0,0,0,,,,,/root/autodl-tmp/openvla_efficiency_project/scripts/Simulation/DF-06-01 LoRA+OFT INT8/output/videos/task_00_trial_021.mp4,2026-07-28T20:07:13.172187+00:00,2026-07-28T20:07:31.240923+00:00
task_00_trial_022,df_06_01_lora_oft_int8_libero10_seed42_best_step100000,DF-04-03 LoRA+OFT INT8 Language Model,bitsandbytes,llm_int8,True,0,LIVING_ROOM_SCENE2_put_both_the_alphabet_soup_and_the_tomato_sauce_in_the_basket,put both the alphabet soup and the tomato sauce in the basket,22,22,64,True,False,success,241,241,13.66362,31,248,241,30,197.8318359582655,208.79588928073645,25.447248608739546,18.94425286204241,24.65890720486641,375.16194215464975,422.7504776790738,48.257345256407234,20.722233987109515,9.248741626739502,9.66796875,0,0,0,0,0,0,0,0,,,,,/root/autodl-tmp/openvla_efficiency_project/scripts/Simulation/DF-06-01 LoRA+OFT INT8/output/videos/task_00_trial_022.mp4,2026-07-28T20:07:31.242685+00:00,2026-07-28T20:07:44.906943+00:00
task_00_trial_023,df_06_01_lora_oft_int8_libero10_seed42_best_step100000,DF-04-03 LoRA+OFT INT8 Language Model,bitsandbytes,llm_int8,True,0,LIVING_ROOM_SCENE2_put_both_the_alphabet_soup_and_the_tomato_sauce_in_the_basket,put both the alphabet soup and the tomato sauce in the basket,23,23,65,True,False,success,287,287,14.87557,36,288,287,35,197.112826940914,206.85156900435686,24.72495390199618,18.237852572564048,21.735183894634243,373.9016943404244,398.6699697561562,46.90056096256195,21.321706595327147,9.24874210357666,9.66796875,0,0,0,0,0,0,0,0,,,,,/root/autodl-tmp/openvla_efficiency_project/scripts/Simulation/DF-06-01 LoRA+OFT INT8/output/videos/task_00_trial_023.mp4,2026-07-28T20:07:44.909069+00:00,2026-07-28T20:07:59.785410+00:00
task_00_trial_024,df_06_01_lora_oft_int8_libero10_seed42_best_step100000,DF-04-03 LoRA+OFT INT8 Language Model,bitsandbytes,llm_int8,True,0,LIVING_ROOM_SCENE2_put_both_the_alphabet_soup_and_the_tomato_sauce_in_the_basket,put both the alphabet soup and the tomato sauce in the basket,24,24,66,True,False,success,256,256,14.100033,32,256,256,31,200.7796837715432,208.27200543135405,25.0974604714429,19.616261204646435,24.92179349064827,389.6989772329107,424.3098644539714,48.71237215411384,20.528665630083637,9.248741149902344,9.66796875,0,0,0,0,0,0,0,0,,,,,/root/autodl-tmp/openvla_efficiency_project/scripts/Simulation/DF-06-01 LoRA+OFT INT8/output/videos/task_00_trial_024.mp4,2026-07-28T20:07:59.787529+00:00,2026-07-28T20:08:13.888319+00:00
task_00_trial_025,df_06_01_lora_oft_int8_libero10_seed42_best_step100000,DF-04-03 LoRA+OFT INT8 Language Model,bitsandbytes,llm_int8,True,0,LIVING_ROOM_SCENE2_put_both_the_alphabet_soup_and_the_tomato_sauce_in_the_basket,put both the alphabet soup and the tomato sauce in the basket,25,25,67,True,False,success,253,253,13.951881,32,256,253,31,199.96676873415709,206.38298448175192,25.292239523687854,19.482756526809435,25.63769258558749,385.4843182489276,415.8221292309463,48.756909818046175,20.509913440615026,9.24874210357666,9.66796875,0,0,0,0,0,0,0,0,,,,,/root/autodl-tmp/openvla_efficiency_project/scripts/Simulation/DF-06-01 LoRA+OFT INT8/output/videos/task_00_trial_025.mp4,2026-07-28T20:08:13.894456+00:00,2026-07-28T20:08:27.847019+00:00
task_00_trial_026,df_06_01_lora_oft_int8_libero10_seed42_best_step100000,DF-04-03 LoRA+OFT INT8 Language Model,bitsandbytes,llm_int8,True,0,LIVING_ROOM_SCENE2_put_both_the_alphabet_soup_and_the_tomato_sauce_in_the_basket,put both the alphabet soup and the tomato sauce in the basket,26,26,68,True,False,success,256,256,13.872583,32,256,256,31,199.87319770734757,209.206810221076,24.984149713418446,19.138946721795946,25.948586408048868,385.7989943353459,418.7997252680361,48.22487429191824,20.736186764256324,9.248741626739502,9.66796875,0,0,0,0,0,0,0,0,,,,,/root/autodl-tmp/openvla_efficiency_project/scripts/Simulation/DF-06-01 LoRA+OFT INT8/output/videos/task_00_trial_026.mp4,2026-07-28T20:08:27.849024+00:00,2026-07-28T20:08:41.722355+00:00
task_00_trial_027,df_06_01_lora_oft_int8_libero10_seed42_best_step100000,DF-04-03 LoRA+OFT INT8 Language Model,bitsandbytes,llm_int8,True,0,LIVING_ROOM_SCENE2_put_both_the_alphabet_soup_and_the_tomato_sauce_in_the_basket,put both the alphabet soup and the tomato sauce in the basket,27,27,69,True,False,success,281,281,15.554754,36,288,281,35,198.37524519405432,207.5615799985826,25.414622160092367,19.64791645411919,26.33546106517315,383.0569923027522,426.6835041344166,49.07491716334192,20.377008414942004,9.248741149902344,9.66796875,0,0,0,0,0,0,0,0,,,,,/root/autodl-tmp/openvla_efficiency_project/scripts/Simulation/DF-06-01 LoRA+OFT INT8/output/videos/task_00_trial_027.mp4,2026-07-28T20:08:41.724561+00:00,2026-07-28T20:08:57.280048+00:00
task_00_trial_028,df_06_01_lora_oft_int8_libero10_seed42_best_step100000,DF-04-03 LoRA+OFT INT8 Language Model,bitsandbytes,llm_int8,True,0,LIVING_ROOM_SCENE2_put_both_the_alphabet_soup_and_the_tomato_sauce_in_the_basket,put both the alphabet soup and the tomato sauce in the basket,28,28,70,True,False,success,278,278,14.803739,35,280,278,34,195.89746030313628,201.94829478859901,24.663349318740178,19.444644591844767,25.002399180084467,381.5014046217714,415.62005300074816,48.03075238043885,20.819994491846916,9.248741149902344,9.66796875,0,0,0,0,0,0,0,0,,,,,/root/autodl-tmp/openvla_efficiency_project/scripts/Simulation/DF-06-01 LoRA+OFT INT8/output/videos/task_00_trial_028.mp4,2026-07-28T20:08:57.282124+00:00,2026-07-28T20:09:12.086642+00:00
task_00_trial_029,df_06_01_lora_oft_int8_libero10_seed42_best_step100000,DF-04-03 LoRA+OFT INT8 Language Model,bitsandbytes,llm_int8,True,0,LIVING_ROOM_SCENE2_put_both_the_alphabet_soup_and_the_tomato_sauce_in_the_basket,put both the alphabet soup and the tomato sauce in the basket,29,29,71,True,False,success,273,273,14.525827,35,280,273,34,194.40977738371916,201.03851296007633,24.92433043381015,18.477061531428017,22.839098796248436,368.59271489083767,403.1584778800607,47.255476268056114,21.16156854133714,9.248741626739502,9.66796875,0,0,0,0,0,0,0,0,,,,,/root/autodl-tmp/openvla_efficiency_project/scripts/Simulation/DF-06-01 LoRA+OFT INT8/output/videos/task_00_trial_029.mp4,2026-07-28T20:09:12.088346+00:00,2026-07-28T20:09:26.614823+00:00
task_00_trial_030,df_06_01_lora_oft_int8_libero10_seed42_best_step100000,DF-04-03 LoRA+OFT INT8 Language Model,bitsandbytes,llm_int8,True,0,LIVING_ROOM_SCENE2_put_both_the_alphabet_soup_and_the_tomato_sauce_in_the_basket,put both the alphabet soup and the tomato sauce in the basket,30,30,72,True,False,success,256,256,14.371467,32,256,256,31,206.88016689382493,269.92746824398637,25.860020861728117,19.827496784273535,25.152910966426134,397.1846657805145,464.23345832154155,49.64808322256431,20.141764497073574,9.24874210357666,9.66796875,0,0,0,0,0,0,0,0,,,,,/root/autodl-tmp/openvla_efficiency_project/scripts/Simulation/DF-06-01 LoRA+OFT INT8/output/videos/task_00_trial_030.mp4,2026-07-28T20:09:26.616733+00:00,2026-07-28T20:09:40.989075+00:00
task_00_trial_031,df_06_01_lora_oft_int8_libero10_seed42_best_step100000,DF-04-03 LoRA+OFT INT8 Language Model,bitsandbytes,llm_int8,True,0,LIVING_ROOM_SCENE2_put_both_the_alphabet_soup_and_the_tomato_sauce_in_the_basket,put both the alphabet soup and the tomato sauce in the basket,31,31,73,True,False,success,297,297,15.775232,38,304,297,37,194.74907582135577,204.55441800877452,24.917390172429357,19.252004703939562,22.57089801132679,375.5951873271873,404.9711039289832,48.0559498937142,20.8090777981022,9.24874210357666,9.66796875,0,0,0,0,0,0,0,0,,,,,/root/autodl-tmp/openvla_efficiency_project/scripts/Simulation/DF-06-01 LoRA+OFT INT8/output/videos/task_00_trial_031.mp4,2026-07-28T20:09:40.991521+00:00,2026-07-28T20:09:56.767437+00:00
task_00_trial_032,df_06_01_lora_oft_int8_libero10_seed42_best_step100000,DF-04-03 LoRA+OFT INT8 Language Model,bitsandbytes,llm_int8,True,0,LIVING_ROOM_SCENE2_put_both_the_alphabet_soup_and_the_tomato_sauce_in_the_basket,put both the alphabet soup and the tomato sauce in the basket,32,32,74,True,False,success,263,263,14.454155,33,264,263,32,199.44131775110057,205.13921603560448,25.024956219719844,19.38372865999153,24.018877372145653,385.45742822867453,410.7482485473156,48.36538072831277,20.67594599569867,9.248741626739502,9.66796875,0,0,0,0,0,0,0,0,,,,,/root/autodl-tmp/openvla_efficiency_project/scripts/Simulation/DF-06-01 LoRA+OFT INT8/output/videos/task_00_trial_032.mp4,2026-07-28T20:09:56.769671+00:00,2026-07-28T20:10:11.224533+00:00
task_00_trial_033,df_06_01_lora_oft_int8_libero10_seed42_best_step100000,DF-04-03 LoRA+OFT INT8 Language Model,bitsandbytes,llm_int8,True,0,LIVING_ROOM_SCENE2_put_both_the_alphabet_soup_and_the_tomato_sauce_in_the_basket,put both the alphabet soup and the tomato sauce in the basket,33,33,75,True,False,success,229,229,12.636339,29,232,229,28,198.93490279029155,208.18028636276722,25.19262961099762,19.016825305257303,24.68958161771297,381.4858534084312,402.80532501637936,48.310435584473815,20.69946147041952,9.248741149902344,9.66796875,0,0,0,0,0,0,0,0,,,,,/root/autodl-tmp/openvla_efficiency_project/scripts/Simulation/DF-06-01 LoRA+OFT INT8/output/videos/task_00_trial_033.mp4,2026-07-28T20:10:11.226489+00:00,2026-07-28T20:10:23.863691+00:00
task_00_trial_034,df_06_01_lora_oft_int8_libero10_seed42_best_step100000,DF-04-03 LoRA+OFT INT8 Language Model,bitsandbytes,llm_int8,True,0,LIVING_ROOM_SCENE2_put_both_the_alphabet_soup_and_the_tomato_sauce_in_the_basket,put both the alphabet soup and the tomato sauce in the basket,34,34,76,True,False,success,295,295,16.482824,37,296,295,36,200.080862168122,206.27755783498287,25.09488779735767,21.037778675051058,29.275440610945225,399.85462514733945,446.5523444116115,50.15125806932732,19.939679252265925,9.24874210357666,9.66796875,0,0,0,0,0,0,0,0,,,,,/root/autodl-tmp/openvla_efficiency_project/scripts/Simulation/DF-06-01 LoRA+OFT INT8/output/videos/task_00_trial_034.mp4,2026-07-28T20:10:23.865845+00:00,2026-07-28T20:10:40.349564+00:00
task_00_trial_035,df_06_01_lora_oft_int8_libero10_seed42_best_step100000,DF-04-03 LoRA+OFT INT8 Language Model,bitsandbytes,llm_int8,True,0,LIVING_ROOM_SCENE2_put_both_the_alphabet_soup_and_the_tomato_sauce_in_the_basket,put both the alphabet soup and the tomato sauce in the basket,35,35,77,True,False,success,237,237,13.003908,30,240,237,29,201.24289399633804,208.56246007606387,25.473784050169375,18.543303806633386,22.26780652999878,378.6370412136118,405.3027205169201,47.92873939412807,20.864308401203512,9.248741149902344,9.66796875,0,0,0,0,0,0,0,0,,,,,/root/autodl-tmp/openvla_efficiency_project/scripts/Simulation/DF-06-01 LoRA+OFT INT8/output/videos/task_00_trial_035.mp4,2026-07-28T20:10:40.351968+00:00,2026-07-28T20:10:53.356548+00:00
task_00_trial_036,df_06_01_lora_oft_int8_libero10_seed42_best_step100000,DF-04-03 LoRA+OFT INT8 Language Model,bitsandbytes,llm_int8,True,0,LIVING_ROOM_SCENE2_put_both_the_alphabet_soup_and_the_tomato_sauce_in_the_basket,put both the alphabet soup and the tomato sauce in the basket,36,36,78,True,False,success,290,290,15.402156,37,296,290,36,193.708287149265,199.4456686079502,24.714505601802777,18.557485655463974,22.0026102848351,369.2704909858671,397.6967994123696,47.11382126371409,21.225194076333086,9.24874210357666,9.66796875,0,0,0,0,0,0,0,0,,,,,/root/autodl-tmp/openvla_efficiency_project/scripts/Simulation/DF-06-01 LoRA+OFT INT8/output/videos/task_00_trial_036.mp4,2026-07-28T20:10:53.358795+00:00,2026-07-28T20:11:08.761581+00:00
task_00_trial_037,df_06_01_lora_oft_int8_libero10_seed42_best_step100000,DF-04-03 LoRA+OFT INT8 Language Model,bitsandbytes,llm_int8,True,0,LIVING_ROOM_SCENE2_put_both_the_alphabet_soup_and_the_tomato_sauce_in_the_basket,put both the alphabet soup and the tomato sauce in the basket,37,37,79,True,False,success,290,290,15.530474,37,296,290,36,193.70748298997813,202.30246260762215,24.714403002169625,19.86607070369967,24.92917980998755,379.60288718946885,418.7520109117031,48.43209250348395,20.647466345338376,9.248741626739502,9.66796875,0,0,0,0,0,0,0,0,,,,,/root/autodl-tmp/openvla_efficiency_project/scripts/Simulation/DF-06-01 LoRA+OFT INT8/output/videos/task_00_trial_037.mp4,2026-07-28T20:11:08.763509+00:00,2026-07-28T20:11:24.294853+00:00
task_00_trial_038,df_06_01_lora_oft_int8_libero10_seed42_best_step100000,DF-04-03 LoRA+OFT INT8 Language Model,bitsandbytes,llm_int8,True,0,LIVING_ROOM_SCENE2_put_both_the_alphabet_soup_and_the_tomato_sauce_in_the_basket,put both the alphabet soup and the tomato sauce in the basket,38,38,80,True,False,success,261,261,14.333722,33,264,261,32,202.30307525983363,253.6966037005186,25.578549745496204,19.5475904863342,25.5325548350811,389.06637539691997,442.99572855234146,49.1923003375416,20.328384587391206,9.248741626739502,9.66796875,0,0,0,0,0,0,0,0,,,,,/root/autodl-tmp/openvla_efficiency_project/scripts/Simulation/DF-06-01 LoRA+OFT INT8/output/videos/task_00_trial_038.mp4,2026-07-28T20:11:24.297352+00:00,2026-07-28T20:11:38.631819+00:00
task_00_trial_039,df_06_01_lora_oft_int8_libero10_seed42_best_step100000,DF-04-03 LoRA+OFT INT8 Language Model,bitsandbytes,llm_int8,True,0,LIVING_ROOM_SCENE2_put_both_the_alphabet_soup_and_the_tomato_sauce_in_the_basket,put both the alphabet soup and the tomato sauce in the basket,39,39,81,True,False,success,278,278,14.494755,35,280,278,34,192.75155966835362,202.94969771057367,24.26728269205891,18.021603791619377,20.77013431116938,366.4290715008974,385.74292939156294,46.13315648392593,21.676383673170676,9.248741626739502,9.66796875,0,0,0,0,0,0,0,0,,,,,/root/autodl-tmp/openvla_efficiency_project/scripts/Simulation/DF-06-01 LoRA+OFT INT8/output/videos/task_00_trial_039.mp4,2026-07-28T20:11:38.634112+00:00,2026-07-28T20:11:53.129498+00:00
task_00_trial_040,df_06_01_lora_oft_int8_libero10_seed42_best_step100000,DF-04-03 LoRA+OFT INT8 Language Model,bitsandbytes,llm_int8,True,0,LIVING_ROOM_SCENE2_put_both_the_alphabet_soup_and_the_tomato_sauce_in_the_basket,put both the alphabet soup and the tomato sauce in the basket,40,40,82,True,False,success,311,311,16.492988,39,312,311,38,197.25991250612796,206.8559842184186,24.736773594016046,19.57815603451905,25.329782627522945,384.7200321272398,420.10000981390476,48.244634253898234,20.727693669253977,9.248741626739502,9.66796875,0,0,0,0,0,0,0,0,,,,,/root/autodl-tmp/openvla_efficiency_project/scripts/Simulation/DF-06-01 LoRA+OFT INT8/output/videos/task_00_trial_040.mp4,2026-07-28T20:11:53.131453+00:00,2026-07-28T20:12:09.625356+00:00
task_00_trial_041,df_06_01_lora_oft_int8_libero10_seed42_best_step100000,DF-04-03 LoRA+OFT INT8 Language Model,bitsandbytes,llm_int8,True,0,LIVING_ROOM_SCENE2_put_both_the_alphabet_soup_and_the_tomato_sauce_in_the_basket,put both the alphabet soup and the tomato sauce in the basket,41,41,83,True,False,success,265,265,14.668115,34,272,265,33,202.95544817824575,208.24883319437504,26.039566936076813,19.464559058816928,25.230816006660447,386.165915933602,422.25471036508674,49.54581562921686,20.18333914378647,9.24874210357666,9.66796875,0,0,0,0,0,0,0,0,,,,,/root/autodl-tmp/openvla_efficiency_project/scripts/Simulation/DF-06-01 LoRA+OFT INT8/output/videos/task_00_trial_041.mp4,2026-07-28T20:12:09.628604+00:00,2026-07-28T20:12:24.297487+00:00
task_00_trial_042,df_06_01_lora_oft_int8_libero10_seed42_best_step100000,DF-04-03 LoRA+OFT INT8 Language Model,bitsandbytes,llm_int8,True,0,LIVING_ROOM_SCENE2_put_both_the_alphabet_soup_and_the_tomato_sauce_in_the_basket,put both the alphabet soup and the tomato sauce in the basket,42,42,84,True,False,success,305,305,17.012348,39,312,305,38,202.27791005984332,208.63858107477427,25.86504423716029,20.173389427974577,26.326902955770496,391.3512205084165,427.2822845727205,50.041631474846696,19.983361263963737,9.248741149902344,9.66796875,0,0,0,0,0,0,0,0,,,,,/root/autodl-tmp/openvla_efficiency_project/scripts/Simulation/DF-06-01 LoRA+OFT INT8/output/videos/task_00_trial_042.mp4,2026-07-28T20:12:24.299450+00:00,2026-07-28T20:12:41.312585+00:00
task_00_trial_043,df_06_01_lora_oft_int8_libero10_seed42_best_step100000,DF-04-03 LoRA+OFT INT8 Language Model,bitsandbytes,llm_int8,True,0,LIVING_ROOM_SCENE2_put_both_the_alphabet_soup_and_the_tomato_sauce_in_the_basket,put both the alphabet soup and the tomato sauce in the basket,43,43,85,True,False,success,249,249,13.758258,32,256,249,31,202.08816428203136,207.39457057788968,25.971169706927725,19.247071144272045,26.203728839755055,382.9335926566273,410.1800315082073,49.2123492570766,20.32010288263576,9.248741626739502,9.66796875,0,0,0,0,0,0,0,0,,,,,/root/autodl-tmp/openvla_efficiency_project/scripts/Simulation/DF-06-01 LoRA+OFT INT8/output/videos/task_00_trial_043.mp4,2026-07-28T20:12:41.314764+00:00,2026-07-28T20:12:55.073830+00:00
task_00_trial_044,df_06_01_lora_oft_int8_libero10_seed42_best_step100000,DF-04-03 LoRA+OFT INT8 Language Model,bitsandbytes,llm_int8,True,0,LIVING_ROOM_SCENE2_put_both_the_alphabet_soup_and_the_tomato_sauce_in_the_basket,put both the alphabet soup and the tomato sauce in the basket,44,44,86,True,False,success,241,241,13.247613,31,248,241,30,194.3176635691235,202.5072444230318,24.995218135447423,18.7209939499119,23.89686368405819,370.022966856918,408.08101929724216,47.596315238856675,21.01002976767454,9.248741626739502,9.66796875,0,0,0,0,0,0,0,0,,,,,/root/autodl-tmp/openvla_efficiency_project/scripts/Simulation/DF-06-01 LoRA+OFT INT8/output/videos/task_00_trial_044.mp4,2026-07-28T20:12:55.076110+00:00,2026-07-28T20:13:08.324466+00:00
task_00_trial_045,df_06_01_lora_oft_int8_libero10_seed42_best_step100000,DF-04-03 LoRA+OFT INT8 Language Model,bitsandbytes,llm_int8,True,0,LIVING_ROOM_SCENE2_put_both_the_alphabet_soup_and_the_tomato_sauce_in_the_basket,put both the alphabet soup and the tomato sauce in the basket,45,45,87,True,False,success,482,482,26.767359,61,488,482,60,200.3573219246063,248.2624538242817,25.356424558923205,22.899654628206587,30.582661181688305,412.6972838259134,554.2244799435139,52.22932430161975,19.14633232138115,9.248741149902344,9.66796875,0,0,0,0,0,0,0,0,,,,,/root/autodl-tmp/openvla_efficiency_project/scripts/Simulation/DF-06-01 LoRA+OFT INT8/output/videos/task_00_trial_045.mp4,2026-07-28T20:13:08.326679+00:00,2026-07-28T20:13:35.094926+00:00
task_00_trial_046,df_06_01_lora_oft_int8_libero10_seed42_best_step100000,DF-04-03 LoRA+OFT INT8 Language Model,bitsandbytes,llm_int8,True,0,LIVING_ROOM_SCENE2_put_both_the_alphabet_soup_and_the_tomato_sauce_in_the_basket,put both the alphabet soup and the tomato sauce in the basket,46,46,88,True,False,success,244,244,13.087733,31,248,244,30,195.54377160966396,201.52974966913462,24.843675901227797,18.529155948122995,21.579582523554564,371.5244608540689,396.3653966784477,47.20187822326285,21.185597642323533,9.248741626739502,9.66796875,0,0,0,0,0,0,0,0,,,,,/root/autodl-tmp/openvla_efficiency_project/scripts/Simulation/DF-06-01 LoRA+OFT INT8/output/videos/task_00_trial_046.mp4,2026-07-28T20:13:35.097350+00:00,2026-07-28T20:13:48.185845+00:00
task_00_trial_047,df_06_01_lora_oft_int8_libero10_seed42_best_step100000,DF-04-03 LoRA+OFT INT8 Language Model,bitsandbytes,llm_int8,True,0,LIVING_ROOM_SCENE2_put_both_the_alphabet_soup_and_the_tomato_sauce_in_the_basket,put both the alphabet soup and the tomato sauce in the basket,47,47,89,True,False,success,275,275,15.121609,35,280,275,34,195.94515130988188,201.03252716362476,24.938473803075876,19.78535659611225,25.49753151834011,381.8507759166615,413.2728621363639,48.59918966212056,20.576474771541825,9.248741149902344,9.66796875,0,0,0,0,0,0,0,0,,,,,/root/autodl-tmp/openvla_efficiency_project/scripts/Simulation/DF-06-01 LoRA+OFT INT8/output/videos/task_00_trial_047.mp4,2026-07-28T20:13:48.187788+00:00,2026-07-28T20:14:03.311325+00:00
task_00_trial_048,df_06_01_lora_oft_int8_libero10_seed42_best_step100000,DF-04-03 LoRA+OFT INT8 Language Model,bitsandbytes,llm_int8,True,0,LIVING_ROOM_SCENE2_put_both_the_alphabet_soup_and_the_tomato_sauce_in_the_basket,put both the alphabet soup and the tomato sauce in the basket,48,48,90,True,False,success,346,346,19.331492,44,352,346,43,209.291453727267,261.64147537201643,26.615098161848984,20.427444346808972,27.563906740397215,405.19791485911065,484.8318763077259,51.52805853699673,19.4069023439338,9.248741149902344,9.66796875,0,0,0,0,0,0,0,0,,,,,/root/autodl-tmp/openvla_efficiency_project/scripts/Simulation/DF-06-01 LoRA+OFT INT8/output/videos/task_00_trial_048.mp4,2026-07-28T20:14:03.315640+00:00,2026-07-28T20:14:22.647981+00:00
task_00_trial_049,df_06_01_lora_oft_int8_libero10_seed42_best_step100000,DF-04-03 LoRA+OFT INT8 Language Model,bitsandbytes,llm_int8,True,0,LIVING_ROOM_SCENE2_put_both_the_alphabet_soup_and_the_tomato_sauce_in_the_basket,put both the alphabet soup and the tomato sauce in the basket,49,49,91,True,False,success,449,449,23.51085,57,456,449,56,201.32915280236486,207.91550129652023,25.5584893312579,18.68828598467969,22.657085582613945,380.0630009684123,399.88182969391346,48.2485324169254,20.726019008387578,9.24874210357666,9.66796875,0,0,0,0,0,0,0,0,,,,,/root/autodl-tmp/openvla_efficiency_project/scripts/Simulation/DF-06-01 LoRA+OFT INT8/output/videos/task_00_trial_049.mp4,2026-07-28T20:14:22.652891+00:00,2026-07-28T20:14:46.164645+00:00
task_01_trial_000,df_06_01_lora_oft_int8_libero10_seed42_best_step100000,DF-04-03 LoRA+OFT INT8 Language Model,bitsandbytes,llm_int8,True,1,LIVING_ROOM_SCENE2_put_both_the_cream_cheese_box_and_the_butter_in_the_basket,put both the cream cheese box and the butter in the basket,0,0,1042,True,False,success,240,240,12.786533,30,240,240,29,197.74683496604362,205.2025462500751,24.718354370755453,18.276812493180234,22.08783887326717,375.4636590058605,390.3984712436795,46.93295737573256,21.30698886060536,9.24957799911499,9.66796875,0,0,0,0,0,0,0,0,,,,,/root/autodl-tmp/openvla_efficiency_project/scripts/Simulation/DF-06-01 LoRA+OFT INT8/output/videos/task_01_trial_000.mp4,2026-07-28T20:14:47.731541+00:00,2026-07-28T20:15:00.518772+00:00
task_01_trial_001,df_06_01_lora_oft_int8_libero10_seed42_best_step100000,DF-04-03 LoRA+OFT INT8 Language Model,bitsandbytes,llm_int8,True,1,LIVING_ROOM_SCENE2_put_both_the_cream_cheese_box_and_the_butter_in_the_basket,put both the cream cheese box and the butter in the basket,1,1,1043,True,False,success,257,257,13.669187,33,264,257,32,196.40020980979457,203.16995047032833,25.218703983358836,17.951145384040323,20.159371197223663,366.6757805780931,386.73441894352436,47.082882331039194,21.239141498793803,9.249578952789307,9.66796875,0,0,0,0,0,0,0,0,,,,,/root/autodl-tmp/openvla_efficiency_project/scripts/Simulation/DF-06-01 LoRA+OFT INT8/output/videos/task_01_trial_001.mp4,2026-07-28T20:15:00.520988+00:00,2026-07-28T20:15:14.190947+00:00
task_01_trial_002,df_06_01_lora_oft_int8_libero10_seed42_best_step100000,DF-04-03 LoRA+OFT INT8 Language Model,bitsandbytes,llm_int8,True,1,LIVING_ROOM_SCENE2_put_both_the_cream_cheese_box_and_the_butter_in_the_basket,put both the cream cheese box and the butter in the basket,2,2,1044,True,False,success,241,241,13.137822,31,248,241,30,200.56824926887788,238.26732765883207,25.79923538313367,18.488793614556187,21.905498579144478,376.253638837126,430.527763441205,48.39777097075065,20.662108604223803,9.249578475952148,9.66796875,0,0,0,0,0,0,0,0,,,,,/root/autodl-tmp/openvla_efficiency_project/scripts/Simulation/DF-06-01 LoRA+OFT INT8/output/videos/task_01_trial_002.mp4,2026-07-28T20:15:14.193199+00:00,2026-07-28T20:15:27.331898+00:00
task_01_trial_003,df_06_01_lora_oft_int8_libero10_seed42_best_step100000,DF-04-03 LoRA+OFT INT8 Language Model,bitsandbytes,llm_int8,True,1,LIVING_ROOM_SCENE2_put_both_the_cream_cheese_box_and_the_butter_in_the_basket,put both the cream cheese box and the butter in the basket,3,3,1045,True,False,success,239,239,12.627792,30,240,239,29,195.42203272382417,202.7894684113562,24.52996226658881,17.896603995536662,19.857099652290344,369.01508153726655,385.25829752907157,46.319884711790785,21.589000193375888,9.249577522277832,9.66796875,0,0,0,0,0,0,0,0,,,,,/root/autodl-tmp/openvla_efficiency_project/scripts/Simulation/DF-06-01 LoRA+OFT INT8/output/videos/task_01_trial_003.mp4,2026-07-28T20:15:27.334031+00:00,2026-07-28T20:15:39.962477+00:00
task_01_trial_004,df_06_01_lora_oft_int8_libero10_seed42_best_step100000,DF-04-03 LoRA+OFT INT8 Language Model,bitsandbytes,llm_int8,True,1,LIVING_ROOM_SCENE2_put_both_the_cream_cheese_box_and_the_butter_in_the_basket,put both the cream cheese box and the butter in the basket,4,4,1046,True,False,success,309,309,16.802291,39,312,309,38,205.91920896027332,253.12476754188538,25.989803072655857,18.91239475109238,23.087474331259717,388.4598626635778,463.4173549711704,49.02891470511176,20.3961275915361,9.24957799911499,9.66796875,0,0,0,0,0,0,0,0,,,,,/root/autodl-tmp/openvla_efficiency_project/scripts/Simulation/DF-06-01 LoRA+OFT INT8/output/videos/task_01_trial_004.mp4,2026-07-28T20:15:39.964711+00:00,2026-07-28T20:15:56.767666+00:00
task_01_trial_005,df_06_01_lora_oft_int8_libero10_seed42_best_step100000,DF-04-03 LoRA+OFT INT8 Language Model,bitsandbytes,llm_int8,True,1,LIVING_ROOM_SCENE2_put_both_the_cream_cheese_box_and_the_butter_in_the_basket,put both the cream cheese box and the butter in the basket,5,5,1047,True,False,success,250,250,13.476997,32,256,250,31,198.15400190418586,207.37055744975805,25.36371224373579,18.531230814754963,23.403447028249502,375.3938982845284,395.7784184254706,48.050418980419636,20.811473057237986,9.249577522277832,9.66796875,0,0,0,0,0,0,0,0,,,,,/root/autodl-tmp/openvla_efficiency_project/scripts/Simulation/DF-06-01 LoRA+OFT INT8/output/videos/task_01_trial_005.mp4,2026-07-28T20:15:56.769568+00:00,2026-07-28T20:16:10.247272+00:00
task_01_trial_006,df_06_01_lora_oft_int8_libero10_seed42_best_step100000,DF-04-03 LoRA+OFT INT8 Language Model,bitsandbytes,llm_int8,True,1,LIVING_ROOM_SCENE2_put_both_the_cream_cheese_box_and_the_butter_in_the_basket,put both the cream cheese box and the butter in the basket,6,6,1048,True,False,success,250,250,13.73052,32,256,250,31,202.1637667203322,208.84464969858527,25.876962140202522,18.756743244826794,25.00636698678135,380.4281108896248,403.94345922395587,48.694798193871975,20.536074428702438,9.24957799911499,9.66796875,0,0,0,0,0,0,0,0,,,,,/root/autodl-tmp/openvla_efficiency_project/scripts/Simulation/DF-06-01 LoRA+OFT INT8/output/videos/task_01_trial_006.mp4,2026-07-28T20:16:10.249266+00:00,2026-07-28T20:16:23.980776+00:00
task_01_trial_007,df_06_01_lora_oft_int8_libero10_seed42_best_step100000,DF-04-03 LoRA+OFT INT8 Language Model,bitsandbytes,llm_int8,True,1,LIVING_ROOM_SCENE2_put_both_the_cream_cheese_box_and_the_butter_in_the_basket,put both the cream cheese box and the butter in the basket,7,7,1049,True,False,success,241,241,13.095115,31,248,241,30,198.80105470938068,206.12061582505703,25.571919900376766,17.90426367762425,20.885981619358063,369.2594755801462,388.2655445486307,47.49810681736321,21.05347069610876,9.249577522277832,9.66796875,0,0,0,0,0,0,0,0,,,,,/root/autodl-tmp/openvla_efficiency_project/scripts/Simulation/DF-06-01 LoRA+OFT INT8/output/videos/task_01_trial_007.mp4,2026-07-28T20:16:23.983097+00:00,2026-07-28T20:16:37.078878+00:00
task_01_trial_008,df_06_01_lora_oft_int8_libero10_seed42_best_step100000,DF-04-03 LoRA+OFT INT8 Language Model,bitsandbytes,llm_int8,True,1,LIVING_ROOM_SCENE2_put_both_the_cream_cheese_box_and_the_butter_in_the_basket,put both the cream cheese box and the butter in the basket,8,8,1050,True,False,success,242,242,13.224623,31,248,242,30,198.11045312352718,203.94031703472137,25.377785317476622,18.440213670169026,22.256202436983575,373.7201021323281,389.7519735619426,47.87323622356269,20.888498018602945,9.249577045440674,9.66796875,0,0,0,0,0,0,0,0,,,,,/root/autodl-tmp/openvla_efficiency_project/scripts/Simulation/DF-06-01 LoRA+OFT INT8/output/videos/task_01_trial_008.mp4,2026-07-28T20:16:37.080887+00:00,2026-07-28T20:16:50.306270+00:00
task_01_trial_009,df_06_01_lora_oft_int8_libero10_seed42_best_step100000,DF-04-03 LoRA+OFT INT8 Language Model,bitsandbytes,llm_int8,True,1,LIVING_ROOM_SCENE2_put_both_the_cream_cheese_box_and_the_butter_in_the_basket,put both the cream cheese box and the butter in the basket,9,9,1051,True,False,success,248,248,13.118004,31,248,248,30,196.8631361040377,205.21723479032516,24.60789201300471,17.98705167077001,20.10345496237278,373.95035048886655,391.209501773119,46.74379381110832,21.393214338592205,9.249577522277832,9.66796875,0,0,0,0,0,0,0,0,,,,,/root/autodl-tmp/openvla_efficiency_project/scripts/Simulation/DF-06-01 LoRA+OFT INT8/output/videos/task_01_trial_009.mp4,2026-07-28T20:16:50.308729+00:00,2026-07-28T20:17:03.427618+00:00
task_01_trial_010,df_06_01_lora_oft_int8_libero10_seed42_best_step100000,DF-04-03 LoRA+OFT INT8 Language Model,bitsandbytes,llm_int8,True,1,LIVING_ROOM_SCENE2_put_both_the_cream_cheese_box_and_the_butter_in_the_basket,put both the cream cheese box and the butter in the basket,10,10,1052,True,False,success,257,257,13.65154,33,264,257,32,194.66767759259903,203.14184799790382,24.996238757026333,18.11977458487225,20.2919639647007,366.61755869334394,382.45353251695633,47.07540636918424,21.242514449213637,9.249577522277832,9.66796875,0,0,0,0,0,0,0,0,,,,,/root/autodl-tmp/openvla_efficiency_project/scripts/Simulation/DF-06-01 LoRA+OFT INT8/output/videos/task_01_trial_010.mp4,2026-07-28T20:17:03.429948+00:00,2026-07-28T20:17:17.082175+00:00
task_01_trial_011,df_06_01_lora_oft_int8_libero10_seed42_best_step100000,DF-04-03 LoRA+OFT INT8 Language Model,bitsandbytes,llm_int8,True,1,LIVING_ROOM_SCENE2_put_both_the_cream_cheese_box_and_the_butter_in_the_basket,put both the cream cheese box and the butter in the basket,11,11,1053,True,False,success,233,233,12.734758,30,240,233,29,194.58948019891977,201.3433394022286,25.05443951059053,18.326117317372127,20.208154618740082,368.2695588096976,386.5210520103574,47.41668139180656,21.089624382122967,9.249578475952148,9.66796875,0,0,0,0,0,0,0,0,,,,,/root/autodl-tmp/openvla_efficiency_project/scripts/Simulation/DF-06-01 LoRA+OFT INT8/output/videos/task_01_trial_011.mp4,2026-07-28T20:17:17.084123+00:00,2026-07-28T20:17:29.819619+00:00
task_01_trial_012,df_06_01_lora_oft_int8_libero10_seed42_best_step100000,DF-04-03 LoRA+OFT INT8 Language Model,bitsandbytes,llm_int8,True,1,LIVING_ROOM_SCENE2_put_both_the_cream_cheese_box_and_the_butter_in_the_basket,put both the cream cheese box and the butter in the basket,12,12,1054,True,False,success,227,227,12.741919,29,232,227,28,209.42305664307085,271.6197904199362,26.7544874125509,18.725083402403126,22.33477756381035,388.14810547849225,477.95351557433605,49.587202902538664,20.166493398820123,9.249577522277832,9.66796875,0,0,0,0,0,0,0,0,,,,,/root/autodl-tmp/openvla_efficiency_project/scripts/Simulation/DF-06-01 LoRA+OFT INT8/output/videos/task_01_trial_012.mp4,2026-07-28T20:17:29.821839+00:00,2026-07-28T20:17:42.564438+00:00
task_01_trial_013,df_06_01_lora_oft_int8_libero10_seed42_best_step100000,DF-04-03 LoRA+OFT INT8 Language Model,bitsandbytes,llm_int8,True,1,LIVING_ROOM_SCENE2_put_both_the_cream_cheese_box_and_the_butter_in_the_basket,put both the cream cheese box and the butter in the basket,13,13,1055,True,False,success,241,241,12.873199,31,248,241,30,195.55084305184502,201.7204463481903,25.153842882187536,18.187838656773707,20.16516402363777,367.1541907373936,384.10278782248497,47.22730254298424,21.174192599499907,9.24957799911499,9.66796875,0,0,0,0,0,0,0,0,,,,,/root/autodl-tmp/openvla_efficiency_project/scripts/Simulation/DF-06-01 LoRA+OFT INT8/output/videos/task_01_trial_013.mp4,2026-07-28T20:17:42.566231+00:00,2026-07-28T20:17:55.440350+00:00
task_01_trial_014,df_06_01_lora_oft_int8_libero10_seed42_best_step100000,DF-04-03 LoRA+OFT INT8 Language Model,bitsandbytes,llm_int8,True,1,LIVING_ROOM_SCENE2_put_both_the_cream_cheese_box_and_the_butter_in_the_basket,put both the cream cheese box and the butter in the basket,14,14,1056,True,False,success,249,249,13.228952,32,256,249,31,194.76518873125315,200.50735529512167,25.03006441526145,18.13671651883537,20.319556444883347,366.1892761592753,388.7507574632764,47.060469225288394,21.249256891442986,9.249578475952148,9.66796875,0,0,0,0,0,0,0,0,,,,,/root/autodl-tmp/openvla_efficiency_project/scripts/Simulation/DF-06-01 LoRA+OFT INT8/output/videos/task_01_trial_014.mp4,2026-07-28T20:17:55.442406+00:00,2026-07-28T20:18:08.672161+00:00
task_01_trial_015,df_06_01_lora_oft_int8_libero10_seed42_best_step100000,DF-04-03 LoRA+OFT INT8 Language Model,bitsandbytes,llm_int8,True,1,LIVING_ROOM_SCENE2_put_both_the_cream_cheese_box_and_the_butter_in_the_basket,put both the cream cheese box and the butter in the basket,15,15,1057,True,False,success,246,246,13.286591,31,248,246,30,198.41501825759488,203.291617333889,25.00351856091643,18.080168509689287,21.510889753699303,372.94499215579805,389.6365500986576,46.997133157844466,21.27789362473243,9.24957799911499,9.66796875,0,0,0,0,0,0,0,0,,,,,/root/autodl-tmp/openvla_efficiency_project/scripts/Simulation/DF-06-01 LoRA+OFT INT8/output/videos/task_01_trial_015.mp4,2026-07-28T20:18:08.674293+00:00,2026-07-28T20:18:21.961668+00:00
task_01_trial_016,df_06_01_lora_oft_int8_libero10_seed42_best_step100000,DF-04-03 LoRA+OFT INT8 Language Model,bitsandbytes,llm_int8,True,1,LIVING_ROOM_SCENE2_put_both_the_cream_cheese_box_and_the_butter_in_the_basket,put both the cream cheese box and the butter in the basket,16,16,1058,True,False,success,249,249,13.566392,32,256,249,31,198.27699608867988,206.57085543498397,25.481381023444804,18.772606143211743,23.9628579467535,376.1325684026815,398.9289414137602,48.3383220437181,20.68751991630121,9.24957799911499,9.66796875,0,0,0,0,0,0,0,0,,,,,/root/autodl-tmp/openvla_efficiency_project/scripts/Simulation/DF-06-01 LoRA+OFT INT8/output/videos/task_01_trial_016.mp4,2026-07-28T20:18:21.963822+00:00,2026-07-28T20:18:35.530964+00:00
task_01_trial_017,df_06_01_lora_oft_int8_libero10_seed42_best_step100000,DF-04-03 LoRA+OFT INT8 Language Model,bitsandbytes,llm_int8,True,1,LIVING_ROOM_SCENE2_put_both_the_cream_cheese_box_and_the_butter_in_the_basket,put both the cream cheese box and the butter in the basket,17,17,1059,True,False,success,296,296,15.536708,37,296,296,36,200.7184484721841,206.61767572164536,25.08980605902301,18.419843676776903,24.084083270281553,379.2099508180006,395.15984393656254,47.401243852250076,21.096492807593936,9.249577522277832,9.66796875,0,0,0,0,0,0,0,0,,,,,/root/autodl-tmp/openvla_efficiency_project/scripts/Simulation/DF-06-01 LoRA+OFT INT8/output/videos/task_01_trial_017.mp4,2026-07-28T20:18:35.533098+00:00,2026-07-28T20:18:51.070679+00:00
task_01_trial_018,df_06_01_lora_oft_int8_libero10_seed42_best_step100000,DF-04-03 LoRA+OFT INT8 Language Model,bitsandbytes,llm_int8,True,1,LIVING_ROOM_SCENE2_put_both_the_cream_cheese_box_and_the_butter_in_the_basket,put both the cream cheese box and the butter in the basket,18,18,1060,True,False,success,249,249,13.481585,32,256,249,31,199.2138220812194,206.97044171392918,25.601776331722977,18.246730610010136,21.644894033670422,372.15150968404487,396.98157757520676,47.82670003971661,20.90882287863416,9.249577522277832,9.66796875,0,0,0,0,0,0,0,0,,,,,/root/autodl-tmp/openvla_efficiency_project/scripts/Simulation/DF-06-01 LoRA+OFT INT8/output/videos/task_01_trial_018.mp4,2026-07-28T20:18:51.072697+00:00,2026-07-28T20:19:04.555075+00:00
task_01_trial_019,df_06_01_lora_oft_int8_libero10_seed42_best_step100000,DF-04-03 LoRA+OFT INT8 Language Model,bitsandbytes,llm_int8,True,1,LIVING_ROOM_SCENE2_put_both_the_cream_cheese_box_and_the_butter_in_the_basket,put both the cream cheese box and the butter in the basket,19,19,1061,True,False,success,280,280,14.680142,35,280,280,34,195.0803216546774,203.11412755399942,24.385040206834674,18.28898275271058,21.00257845595479,372.4928764360292,389.44206871092314,46.56160955450365,21.476920784480818,9.249577522277832,9.66796875,0,0,0,0,0,0,0,0,,,,,/root/autodl-tmp/openvla_efficiency_project/scripts/Simulation/DF-06-01 LoRA+OFT INT8/output/videos/task_01_trial_019.mp4,2026-07-28T20:19:04.557312+00:00,2026-07-28T20:19:19.238246+00:00
task_01_trial_020,df_06_01_lora_oft_int8_libero10_seed42_best_step100000,DF-04-03 LoRA+OFT INT8 Language Model,bitsandbytes,llm_int8,True,1,LIVING_ROOM_SCENE2_put_both_the_cream_cheese_box_and_the_butter_in_the_basket,put both the cream cheese box and the butter in the basket,20,20,1062,True,False,success,264,264,13.87887,33,264,264,32,197.44988135767704,204.77301441133022,24.68123516970963,18.158830779915053,20.035159308463335,373.2626260907361,384.9375531077385,46.65782826134201,21.43263064878959,9.24957799911499,9.66796875,0,0,0,0,0,0,0,0,,,,,/root/autodl-tmp/openvla_efficiency_project/scripts/Simulation/DF-06-01 LoRA+OFT INT8/output/videos/task_01_trial_020.mp4,2026-07-28T20:19:19.240392+00:00,2026-07-28T20:19:33.120169+00:00
task_01_trial_021,df_06_01_lora_oft_int8_libero10_seed42_best_step100000,DF-04-03 LoRA+OFT INT8 Language Model,bitsandbytes,llm_int8,True,1,LIVING_ROOM_SCENE2_put_both_the_cream_cheese_box_and_the_butter_in_the_basket,put both the cream cheese box and the butter in the basket,21,21,1063,True,False,success,281,281,15.540484,36,288,281,35,196.77129118806786,204.4669329188764,25.209133390642148,18.2607329758779,20.26485651731491,371.3236111216247,389.66747280210257,47.57170818640032,21.02089746455389,9.24957799911499,9.66796875,0,0,0,0,0,0,0,0,,,,,/root/autodl-tmp/openvla_efficiency_project/scripts/Simulation/DF-06-01 LoRA+OFT INT8/output/videos/task_01_trial_021.mp4,2026-07-28T20:19:33.122566+00:00,2026-07-28T20:19:48.663753+00:00
task_01_trial_022,df_06_01_lora_oft_int8_libero10_seed42_best_step100000,DF-04-03 LoRA+OFT INT8 Language Model,bitsandbytes,llm_int8,True,1,LIVING_ROOM_SCENE2_put_both_the_cream_cheese_box_and_the_butter_in_the_basket,put both the cream cheese box and the butter in the basket,22,22,1064,False,True,timeout,520,,25.925976,65,520,520,64,195.5974687463962,204.36362400650978,24.449683593299525,18.279923487884496,21.420476213097572,372.2774805071262,401.6948129981756,46.534685063390775,21.489347110392465,9.24957799911499,9.66796875,0,0,0,0,0,0,0,0,timeout,"collapse_diagnostics={""zero_equivalent_arm_action_count"":0,""zero_equivalent_full_noop_count"":0,""repeated_action_count"":0,""repeated_chunk_count"":0,""max_consecutive_zero_equivalent_actions"":0,""max_consecutive_repeated_chunks"":0}",,,/root/autodl-tmp/openvla_efficiency_project/scripts/Simulation/DF-06-01 LoRA+OFT INT8/output/videos/task_01_trial_022.mp4,2026-07-28T20:19:48.665722+00:00,2026-07-28T20:20:14.592550+00:00
task_01_trial_023,df_06_01_lora_oft_int8_libero10_seed42_best_step100000,DF-04-03 LoRA+OFT INT8 Language Model,bitsandbytes,llm_int8,True,1,LIVING_ROOM_SCENE2_put_both_the_cream_cheese_box_and_the_butter_in_the_basket,put both the cream cheese box and the butter in the basket,23,23,1065,True,False,success,231,231,12.616913,29,232,231,28,200.52618064500135,205.52444607019424,25.174282418636533,18.42851099836362,23.207981139421463,380.1639169968408,401.36048942804337,47.726206029906415,20.952849245409855,9.249578475952148,9.66796875,0,0,0,0,0,0,0,0,,,,,/root/autodl-tmp/openvla_efficiency_project/scripts/Simulation/DF-06-01 LoRA+OFT INT8/output/videos/task_01_trial_023.mp4,2026-07-28T20:20:14.595422+00:00,2026-07-28T20:20:27.213228+00:00
task_01_trial_024,df_06_01_lora_oft_int8_libero10_seed42_best_step100000,DF-04-03 LoRA+OFT INT8 Language Model,bitsandbytes,llm_int8,True,1,LIVING_ROOM_SCENE2_put_both_the_cream_cheese_box_and_the_butter_in_the_basket,put both the cream cheese box and the butter in the basket,24,24,1066,True,False,success,249,249,13.637951,32,256,249,31,199.79998073540628,206.32768077775836,25.67710595796386,18.460741715438395,24.108726531267166,374.56932198256254,397.0796162262559,48.13742290538956,20.773858250896062,9.249578475952148,9.66796875,0,0,0,0,0,0,0,0,,,,,/root/autodl-tmp/openvla_efficiency_project/scripts/Simulation/DF-06-01 LoRA+OFT INT8/output/videos/task_01_trial_024.mp4,2026-07-28T20:20:27.215227+00:00,2026-07-28T20:20:40.853877+00:00
task_01_trial_025,df_06_01_lora_oft_int8_libero10_seed42_best_step100000,DF-04-03 LoRA+OFT INT8 Language Model,bitsandbytes,llm_int8,True,1,LIVING_ROOM_SCENE2_put_both_the_cream_cheese_box_and_the_butter_in_the_basket,put both the cream cheese box and the butter in the basket,25,25,1067,True,False,success,241,241,13.445835,31,248,241,30,206.1272486443481,231.3799113035202,26.514293394086273,18.426746562803434,23.455237969756126,382.11938252131785,433.9436562731862,49.152285718509766,20.344933819088297,9.24957799911499,9.66796875,0,0,0,0,0,0,0,0,,,,,/root/autodl-tmp/openvla_efficiency_project/scripts/Simulation/DF-06-01 LoRA+OFT INT8/output/videos/task_01_trial_025.mp4,2026-07-28T20:20:40.855931+00:00,2026-07-28T20:20:54.302702+00:00
task_01_trial_026,df_06_01_lora_oft_int8_libero10_seed42_best_step100000,DF-04-03 LoRA+OFT INT8 Language Model,bitsandbytes,llm_int8,True,1,LIVING_ROOM_SCENE2_put_both_the_cream_cheese_box_and_the_butter_in_the_basket,put both the cream cheese box and the butter in the basket,26,26,1068,True,False,success,233,233,13.55268,30,240,233,29,212.678183366855,267.8768892772496,27.383457085861156,19.636033406649023,29.169450327754017,398.9857002471884,505.84367867559195,51.371549388050006,19.466027634210676,9.24957799911499,9.66796875,0,0,0,0,0,0,0,0,,,,,/root/autodl-tmp/openvla_efficiency_project/scripts/Simulation/DF-06-01 LoRA+OFT INT8/output/videos/task_01_trial_026.mp4,2026-07-28T20:20:54.305456+00:00,2026-07-28T20:21:07.858902+00:00
task_01_trial_027,df_06_01_lora_oft_int8_libero10_seed42_best_step100000,DF-04-03 LoRA+OFT INT8 Language Model,bitsandbytes,llm_int8,True,1,LIVING_ROOM_SCENE2_put_both_the_cream_cheese_box_and_the_butter_in_the_basket,put both the cream cheese box and the butter in the basket,27,27,1069,True,False,success,241,241,13.136686,31,248,241,30,197.17346522356235,206.80505502969027,25.362561916723784,18.64046813665089,24.988267570734024,372.4466448108996,398.9397045224905,47.908074643725676,20.873308047476833,9.249577522277832,9.66796875,0,0,0,0,0,0,0,0,,,,,/root/autodl-tmp/openvla_efficiency_project/scripts/Simulation/DF-06-01 LoRA+OFT INT8/output/videos/task_01_trial_027.mp4,2026-07-28T20:21:07.861109+00:00,2026-07-28T20:21:20.998479+00:00
task_01_trial_028,df_06_01_lora_oft_int8_libero10_seed42_best_step100000,DF-04-03 LoRA+OFT INT8 Language Model,bitsandbytes,llm_int8,True,1,LIVING_ROOM_SCENE2_put_both_the_cream_cheese_box_and_the_butter_in_the_basket,put both the cream cheese box and the butter in the basket,28,28,1070,True,False,success,239,239,13.480421,30,240,239,29,212.010144131879,259.0852024964988,26.61215198308105,18.877660769922464,25.050929747521877,396.96417941401404,513.38583054021,49.82813967539925,20.068981232580754,9.24957799911499,9.66796875,0,0,0,0,0,0,0,0,,,,,/root/autodl-tmp/openvla_efficiency_project/scripts/Simulation/DF-06-01 LoRA+OFT INT8/output/videos/task_01_trial_028.mp4,2026-07-28T20:21:21.000556+00:00,2026-07-28T20:21:34.481849+00:00
task_01_trial_029,df_06_01_lora_oft_int8_libero10_seed42_best_step100000,DF-04-03 LoRA+OFT INT8 Language Model,bitsandbytes,llm_int8,True,1,LIVING_ROOM_SCENE2_put_both_the_cream_cheese_box_and_the_butter_in_the_basket,put both the cream cheese box and the butter in the basket,29,29,1071,True,False,success,297,297,15.563643,38,304,297,37,195.33674904194316,203.53821339085698,24.992580685501146,18.261880874132068,20.38489691913128,369.3495356526814,389.93334490805864,47.25684294546092,21.160956544517777,9.24957799911499,9.66796875,0,0,0,0,0,0,0,0,,,,,/root/autodl-tmp/openvla_efficiency_project/scripts/Simulation/DF-06-01 LoRA+OFT INT8/output/videos/task_01_trial_029.mp4,2026-07-28T20:21:34.483977+00:00,2026-07-28T20:21:50.048362+00:00
task_01_trial_030,df_06_01_lora_oft_int8_libero10_seed42_best_step100000,DF-04-03 LoRA+OFT INT8 Language Model,bitsandbytes,llm_int8,True,1,LIVING_ROOM_SCENE2_put_both_the_cream_cheese_box_and_the_butter_in_the_basket,put both the cream cheese box and the butter in the basket,30,30,1072,True,False,success,249,249,13.62222,32,256,249,31,196.12775393761694,204.79496223852038,25.20517319680218,18.23620032145077,20.17112225294113,369.8058263398707,390.1794094592333,47.5252467585376,21.041447824157938,9.24957799911499,9.66796875,0,0,0,0,0,0,0,0,,,,,/root/autodl-tmp/openvla_efficiency_project/scripts/Simulation/DF-06-01 LoRA+OFT INT8/output/videos/task_01_trial_030.mp4,2026-07-28T20:21:50.050687+00:00,2026-07-28T20:22:03.673723+00:00
task_01_trial_031,df_06_01_lora_oft_int8_libero10_seed42_best_step100000,DF-04-03 LoRA+OFT INT8 Language Model,bitsandbytes,llm_int8,True,1,LIVING_ROOM_SCENE2_put_both_the_cream_cheese_box_and_the_butter_in_the_basket,put both the cream cheese box and the butter in the basket,31,31,1073,True,False,success,258,258,13.979253,33,264,258,32,196.32858291945675,202.60888077318668,25.111795489697954,18.413731647843075,22.56482550874352,371.97964023234266,393.6514962464571,47.578791192508945,21.017768104992236,9.24957799911499,9.66796875,0,0,0,0,0,0,0,0,,,,,/root/autodl-tmp/openvla_efficiency_project/scripts/Simulation/DF-06-01 LoRA+OFT INT8/output/videos/task_01_trial_031.mp4,2026-07-28T20:22:03.676087+00:00,2026-07-28T20:22:17.656093+00:00
task_01_trial_032,df_06_01_lora_oft_int8_libero10_seed42_best_step100000,DF-04-03 LoRA+OFT INT8 Language Model,bitsandbytes,llm_int8,True,1,LIVING_ROOM_SCENE2_put_both_the_cream_cheese_box_and_the_butter_in_the_basket,put both the cream cheese box and the butter in the basket,32,32,1074,True,False,success,243,243,13.394978,31,248,243,30,202.52788817930607,207.24908355623484,25.83689108460283,18.291487937233576,20.755073614418503,378.046014556481,396.00186236202717,48.228092391979054,20.734803107541378,9.24957799911499,9.66796875,0,0,0,0,0,0,0,0,,,,,/root/autodl-tmp/openvla_efficiency_project/scripts/Simulation/DF-06-01 LoRA+OFT INT8/output/videos/task_01_trial_032.mp4,2026-07-28T20:22:17.658275+00:00,2026-07-28T20:22:31.054044+00:00
task_01_trial_033,df_06_01_lora_oft_int8_libero10_seed42_best_step100000,DF-04-03 LoRA+OFT INT8 Language Model,bitsandbytes,llm_int8,True,1,LIVING_ROOM_SCENE2_put_both_the_cream_cheese_box_and_the_butter_in_the_basket,put both the cream cheese box and the butter in the basket,33,33,1075,True,False,success,234,234,13.231317,30,240,234,29,206.22741375118494,241.72336291521773,26.439412019382683,18.685414591151424,24.440062511712313,384.5239715029796,434.03516272082925,49.297945064484566,20.28482117645963,9.249578475952148,9.66796875,0,0,0,0,0,0,0,0,,,,,/root/autodl-tmp/openvla_efficiency_project/scripts/Simulation/DF-06-01 LoRA+OFT INT8/output/videos/task_01_trial_033.mp4,2026-07-28T20:22:31.086355+00:00,2026-07-28T20:22:44.318457+00:00
task_01_trial_034,df_06_01_lora_oft_int8_libero10_seed42_best_step100000,DF-04-03 LoRA+OFT INT8 Language Model,bitsandbytes,llm_int8,True,1,LIVING_ROOM_SCENE2_put_both_the_cream_cheese_box_and_the_butter_in_the_basket,put both the cream cheese box and the butter in the basket,34,34,1076,True,False,success,263,263,14.176884,33,264,263,32,199.96950769740525,206.68432302773,25.09123100385693,18.65729746964721,21.26295920461416,380.5371397598223,393.66772398352623,47.74800612955946,20.94328289408776,9.24957799911499,9.66796875,0,0,0,0,0,0,0,0,,,,,/root/autodl-tmp/openvla_efficiency_project/scripts/Simulation/DF-06-01 LoRA+OFT INT8/output/videos/task_01_trial_034.mp4,2026-07-28T20:22:44.320628+00:00,2026-07-28T20:22:58.498300+00:00
task_01_trial_035,df_06_01_lora_oft_int8_libero10_seed42_best_step100000,DF-04-03 LoRA+OFT INT8 Language Model,bitsandbytes,llm_int8,True,1,LIVING_ROOM_SCENE2_put_both_the_cream_cheese_box_and_the_butter_in_the_basket,put both the cream cheese box and the butter in the basket,35,35,1077,True,False,success,241,241,13.043805,31,248,241,30,196.50903344154358,203.96447461098433,25.277095587916396,18.651556671902352,23.159589618444443,372.1629244786116,399.2990143597126,47.8715794972488,20.88922092193491,9.249578475952148,9.66796875,0,0,0,0,0,0,0,0,,,,,/root/autodl-tmp/openvla_efficiency_project/scripts/Simulation/DF-06-01 LoRA+OFT INT8/output/videos/task_01_trial_035.mp4,2026-07-28T20:22:58.500607+00:00,2026-07-28T20:23:11.545202+00:00
task_01_trial_036,df_06_01_lora_oft_int8_libero10_seed42_best_step100000,DF-04-03 LoRA+OFT INT8 Language Model,bitsandbytes,llm_int8,True,1,LIVING_ROOM_SCENE2_put_both_the_cream_cheese_box_and_the_butter_in_the_basket,put both the cream cheese box and the butter in the basket,36,36,1078,True,False,success,263,263,14.05856,33,264,263,32,199.5864970553102,234.16371792554855,25.043172634316488,18.77125296670901,23.690878227353092,381.6590296725432,447.2869224846363,47.888775586288695,20.881719938697195,9.249577522277832,9.66796875,0,0,0,0,0,0,0,0,,,,,/root/autodl-tmp/openvla_efficiency_project/scripts/Simulation/DF-06-01 LoRA+OFT INT8/output/videos/task_01_trial_036.mp4,2026-07-28T20:23:11.547131+00:00,2026-07-28T20:23:25.606597+00:00
task_01_trial_037,df_06_01_lora_oft_int8_libero10_seed42_best_step100000,DF-04-03 LoRA+OFT INT8 Language Model,bitsandbytes,llm_int8,True,1,LIVING_ROOM_SCENE2_put_both_the_cream_cheese_box_and_the_butter_in_the_basket,put both the cream cheese box and the butter in the basket,37,37,1079,True,False,success,233,233,13.19221,30,240,233,29,205.65633767594895,272.01321739703417,26.479356782311022,19.177466487040334,25.77573955059051,386.1111695567767,487.6305740326643,49.71388449228884,20.115104868844252,9.249577522277832,9.66796875,0,0,0,0,0,0,0,0,,,,,/root/autodl-tmp/openvla_efficiency_project/scripts/Simulation/DF-06-01 LoRA+OFT INT8/output/videos/task_01_trial_037.mp4,2026-07-28T20:23:25.609098+00:00,2026-07-28T20:23:38.804011+00:00
task_01_trial_038,df_06_01_lora_oft_int8_libero10_seed42_best_step100000,DF-04-03 LoRA+OFT INT8 Language Model,bitsandbytes,llm_int8,True,1,LIVING_ROOM_SCENE2_put_both_the_cream_cheese_box_and_the_butter_in_the_basket,put both the cream cheese box and the butter in the basket,38,38,1080,True,False,success,226,226,12.397848,29,232,226,28,194.2312287744777,202.08494253456593,24.923476258671915,18.263255715765784,20.170297473669052,366.50854631744585,386.20131500065327,47.02985771330057,21.2630879322688,9.24957799911499,9.66796875,0,0,0,0,0,0,0,0,,,,,/root/autodl-tmp/openvla_efficiency_project/scripts/Simulation/DF-06-01 LoRA+OFT INT8/output/videos/task_01_trial_038.mp4,2026-07-28T20:23:38.807310+00:00,2026-07-28T20:23:51.205806+00:00
task_01_trial_039,df_06_01_lora_oft_int8_libero10_seed42_best_step100000,DF-04-03 LoRA+OFT INT8 Language Model,bitsandbytes,llm_int8,True,1,LIVING_ROOM_SCENE2_put_both_the_cream_cheese_box_and_the_butter_in_the_basket,put both the cream cheese box and the butter in the basket,39,39,1081,True,False,success,265,265,14.031313,34,272,265,33,195.49723648849655,204.11439323797822,25.082664304184465,18.32062317374742,21.112777665257447,368.91990801429046,387.25506626069546,47.333120273531605,21.12685566092278,9.249578475952148,9.66796875,0,0,0,0,0,0,0,0,,,,,/root/autodl-tmp/openvla_efficiency_project/scripts/Simulation/DF-06-01 LoRA+OFT INT8/output/videos/task_01_trial_039.mp4,2026-07-28T20:23:51.207382+00:00,2026-07-28T20:24:05.239413+00:00
task_01_trial_040,df_06_01_lora_oft_int8_libero10_seed42_best_step100000,DF-04-03 LoRA+OFT INT8 Language Model,bitsandbytes,llm_int8,True,1,LIVING_ROOM_SCENE2_put_both_the_cream_cheese_box_and_the_butter_in_the_basket,put both the cream cheese box and the butter in the basket,40,40,1082,True,False,success,234,234,12.634174,30,240,234,29,198.11080899089575,207.1761536411941,25.398821665499455,18.48933181892603,20.934828091412783,372.8770970677336,394.34724831953645,47.80475603432482,20.91842073792781,9.24957799911499,9.66796875,0,0,0,0,0,0,0,0,,,,,/root/autodl-tmp/openvla_efficiency_project/scripts/Simulation/DF-06-01 LoRA+OFT INT8/output/videos/task_01_trial_040.mp4,2026-07-28T20:24:05.241418+00:00,2026-07-28T20:24:17.876379+00:00
task_01_trial_041,df_06_01_lora_oft_int8_libero10_seed42_best_step100000,DF-04-03 LoRA+OFT INT8 Language Model,bitsandbytes,llm_int8,True,1,LIVING_ROOM_SCENE2_put_both_the_cream_cheese_box_and_the_butter_in_the_basket,put both the cream cheese box and the butter in the basket,41,41,1083,False,True,timeout,520,,26.298424,65,520,520,64,197.89744108342208,205.3966250270605,24.73718013542776,18.784380836698872,26.79311716929078,379.3657599733426,396.2296303361654,47.42071999666783,21.087828275704553,9.249578475952148,9.66796875,0,0,0,0,0,0,0,0,timeout,"collapse_diagnostics={""zero_equivalent_arm_action_count"":0,""zero_equivalent_full_noop_count"":0,""repeated_action_count"":0,""repeated_chunk_count"":0,""max_consecutive_zero_equivalent_actions"":0,""max_consecutive_repeated_chunks"":0}",,,/root/autodl-tmp/openvla_efficiency_project/scripts/Simulation/DF-06-01 LoRA+OFT INT8/output/videos/task_01_trial_041.mp4,2026-07-28T20:24:17.878495+00:00,2026-07-28T20:24:44.177746+00:00
task_01_trial_042,df_06_01_lora_oft_int8_libero10_seed42_best_step100000,DF-04-03 LoRA+OFT INT8 Language Model,bitsandbytes,llm_int8,True,1,LIVING_ROOM_SCENE2_put_both_the_cream_cheese_box_and_the_butter_in_the_basket,put both the cream cheese box and the butter in the basket,42,42,1084,False,True,timeout,520,,27.278827,65,520,520,64,201.7861105215091,208.78607593476772,25.223263815188638,19.980203765086255,25.03171721473334,393.7248257203744,413.99543434381485,49.2156032150468,20.318759390807745,9.249577522277832,9.66796875,0,0,0,0,0,0,0,0,timeout,"collapse_diagnostics={""zero_equivalent_arm_action_count"":0,""zero_equivalent_full_noop_count"":0,""repeated_action_count"":0,""repeated_chunk_count"":0,""max_consecutive_zero_equivalent_actions"":0,""max_consecutive_repeated_chunks"":0}",,,/root/autodl-tmp/openvla_efficiency_project/scripts/Simulation/DF-06-01 LoRA+OFT INT8/output/videos/task_01_trial_042.mp4,2026-07-28T20:24:44.180583+00:00,2026-07-28T20:25:11.460289+00:00
task_01_trial_043,df_06_01_lora_oft_int8_libero10_seed42_best_step100000,DF-04-03 LoRA+OFT INT8 Language Model,bitsandbytes,llm_int8,True,1,LIVING_ROOM_SCENE2_put_both_the_cream_cheese_box_and_the_butter_in_the_basket,put both the cream cheese box and the butter in the basket,43,43,1085,True,False,success,244,244,13.281083,31,248,244,30,195.78626805976515,205.03582432866096,24.87448487644557,18.363929315485425,20.911765843629837,370.5193265191009,392.9649479687214,47.07417672988577,21.24306933157972,9.24957799911499,9.66796875,0,0,0,0,0,0,0,0,,,,,/root/autodl-tmp/openvla_efficiency_project/scripts/Simulation/DF-06-01 LoRA+OFT INT8/output/videos/task_01_trial_043.mp4,2026-07-28T20:25:11.462498+00:00,2026-07-28T20:25:24.744366+00:00
task_01_trial_044,df_06_01_lora_oft_int8_libero10_seed42_best_step100000,DF-04-03 LoRA+OFT INT8 Language Model,bitsandbytes,llm_int8,True,1,LIVING_ROOM_SCENE2_put_both_the_cream_cheese_box_and_the_butter_in_the_basket,put both the cream cheese box and the butter in the basket,44,44,1086,True,False,success,253,253,14.059533,32,256,253,31,207.52218848792836,258.76589491963387,26.247865737603586,19.20300166273541,26.48263350129126,392.3737793811597,480.14105996116996,49.62830411145103,20.14979189605764,9.24957799911499,9.66796875,0,0,0,0,0,0,0,0,,,,,/root/autodl-tmp/openvla_efficiency_project/scripts/Simulation/DF-06-01 LoRA+OFT INT8/output/videos/task_01_trial_044.mp4,2026-07-28T20:25:24.746647+00:00,2026-07-28T20:25:38.806944+00:00
task_01_trial_045,df_06_01_lora_oft_int8_libero10_seed42_best_step100000,DF-04-03 LoRA+OFT INT8 Language Model,bitsandbytes,llm_int8,True,1,LIVING_ROOM_SCENE2_put_both_the_cream_cheese_box_and_the_butter_in_the_basket,put both the cream cheese box and the butter in the basket,45,45,1087,True,False,success,233,233,12.740412,30,240,233,29,197.21620809286833,204.5872145332396,25.392644818824248,18.973269639736593,21.806498989462852,375.15260359893244,400.7069923914969,48.30291033462649,20.70268629927954,9.24957799911499,9.66796875,0,0,0,0,0,0,0,0,,,,,/root/autodl-tmp/openvla_efficiency_project/scripts/Simulation/DF-06-01 LoRA+OFT INT8/output/videos/task_01_trial_045.mp4,2026-07-28T20:25:38.808997+00:00,2026-07-28T20:25:51.550190+00:00
task_01_trial_046,df_06_01_lora_oft_int8_libero10_seed42_best_step100000,DF-04-03 LoRA+OFT INT8 Language Model,bitsandbytes,llm_int8,True,1,LIVING_ROOM_SCENE2_put_both_the_cream_cheese_box_and_the_butter_in_the_basket,put both the cream cheese box and the butter in the basket,46,46,1088,True,False,success,265,265,14.24098,34,272,265,33,196.9574687673765,202.9323515482247,25.270014860720003,18.819071682837773,21.594917401671406,374.43350299316296,403.90174221247435,48.04052491233034,20.81575923295823,9.24957799911499,9.66796875,0,0,0,0,0,0,0,0,,,,,/root/autodl-tmp/openvla_efficiency_project/scripts/Simulation/DF-06-01 LoRA+OFT INT8/output/videos/task_01_trial_046.mp4,2026-07-28T20:25:51.552087+00:00,2026-07-28T20:26:05.793868+00:00
task_01_trial_047,df_06_01_lora_oft_int8_libero10_seed42_best_step100000,DF-04-03 LoRA+OFT INT8 Language Model,bitsandbytes,llm_int8,True,1,LIVING_ROOM_SCENE2_put_both_the_cream_cheese_box_and_the_butter_in_the_basket,put both the cream cheese box and the butter in the basket,47,47,1089,True,False,success,266,266,14.322674,34,272,266,33,196.60526941366055,205.15232514590025,25.12999684234759,18.312983186845493,20.196597557514906,370.1545459711376,392.41372011601925,47.312987079017596,21.135845816073637,9.249578475952148,9.66796875,0,0,0,0,0,0,0,0,,,,,/root/autodl-tmp/openvla_efficiency_project/scripts/Simulation/DF-06-01 LoRA+OFT INT8/output/videos/task_01_trial_047.mp4,2026-07-28T20:26:05.796463+00:00,2026-07-28T20:26:20.119931+00:00
task_01_trial_048,df_06_01_lora_oft_int8_libero10_seed42_best_step100000,DF-04-03 LoRA+OFT INT8 Language Model,bitsandbytes,llm_int8,True,1,LIVING_ROOM_SCENE2_put_both_the_cream_cheese_box_and_the_butter_in_the_basket,put both the cream cheese box and the butter in the basket,48,48,1090,True,False,success,247,247,13.44668,31,248,247,30,202.2418745102421,208.49650260061026,25.3825834405567,18.640566933975528,23.336376994848248,382.3281108371673,406.99856355786324,47.98449974069711,20.840063049607448,9.249577522277832,9.66796875,0,0,0,0,0,0,0,0,,,,,/root/autodl-tmp/openvla_efficiency_project/scripts/Simulation/DF-06-01 LoRA+OFT INT8/output/videos/task_01_trial_048.mp4,2026-07-28T20:26:20.122276+00:00,2026-07-28T20:26:33.569849+00:00
task_01_trial_049,df_06_01_lora_oft_int8_libero10_seed42_best_step100000,DF-04-03 LoRA+OFT INT8 Language Model,bitsandbytes,llm_int8,True,1,LIVING_ROOM_SCENE2_put_both_the_cream_cheese_box_and_the_butter_in_the_basket,put both the cream cheese box and the butter in the basket,49,49,1091,True,False,success,249,249,13.680026,32,256,249,31,201.19868440087885,209.0329710394144,25.856859039470375,18.57321416158753,23.460447415709492,376.99664663523436,397.3345262929797,48.449368242279114,20.640104015378157,9.24957799911499,9.66796875,0,0,0,0,0,0,0,0,,,,,/root/autodl-tmp/openvla_efficiency_project/scripts/Simulation/DF-06-01 LoRA+OFT INT8/output/videos/task_01_trial_049.mp4,2026-07-28T20:26:33.571979+00:00,2026-07-28T20:26:47.252745+00:00
task_02_trial_000,df_06_01_lora_oft_int8_libero10_seed42_best_step100000,DF-04-03 LoRA+OFT INT8 Language Model,bitsandbytes,llm_int8,True,2,KITCHEN_SCENE3_turn_on_the_stove_and_put_the_moka_pot_on_it,turn on the stove and put the moka pot on it,0,0,2042,True,False,success,238,238,10.891278,30,240,238,29,199.834999255836,211.78133208304644,25.18928562048353,12.3900679026206,14.18769443407653,329.41631991416216,344.27736764773726,41.523065535398594,24.083000306118915,9.24790334701538,9.66796875,0,0,0,0,0,0,0,0,,,,,/root/autodl-tmp/openvla_efficiency_project/scripts/Simulation/DF-06-01 LoRA+OFT INT8/output/videos/task_02_trial_000.mp4,2026-07-28T20:26:49.332827+00:00,2026-07-28T20:27:00.224797+00:00
task_02_trial_001,df_06_01_lora_oft_int8_libero10_seed42_best_step100000,DF-04-03 LoRA+OFT INT8 Language Model,bitsandbytes,llm_int8,True,2,KITCHEN_SCENE3_turn_on_the_stove_and_put_the_moka_pot_on_it,turn on the stove and put the moka pot on it,1,1,2043,True,False,success,228,228,10.642666,29,232,228,28,203.67944060728468,210.39348542690277,25.90659551583884,12.527731247246265,18.06475138291715,333.49465797173565,347.7278746664524,42.4181801806155,23.57479730959759,9.24790334701538,9.66796875,0,0,0,0,0,0,0,0,,,,,/root/autodl-tmp/openvla_efficiency_project/scripts/Simulation/DF-06-01 LoRA+OFT INT8/output/videos/task_02_trial_001.mp4,2026-07-28T20:27:00.226584+00:00,2026-07-28T20:27:10.869934+00:00
task_02_trial_002,df_06_01_lora_oft_int8_libero10_seed42_best_step100000,DF-04-03 LoRA+OFT INT8 Language Model,bitsandbytes,llm_int8,True,2,KITCHEN_SCENE3_turn_on_the_stove_and_put_the_moka_pot_on_it,turn on the stove and put the moka pot on it,2,2,2044,True,False,success,262,262,11.531388,33,264,262,32,193.88712846645802,197.36815877258778,24.420897860279066,12.071654300084552,13.535333517938852,319.69797142753094,333.0024853348732,40.267301744689014,24.834045408366435,9.247904300689697,9.66796875,0,0,0,0,0,0,0,0,,,,,/root/autodl-tmp/openvla_efficiency_project/scripts/Simulation/DF-06-01 LoRA+OFT INT8/output/videos/task_02_trial_002.mp4,2026-07-28T20:27:10.871720+00:00,2026-07-28T20:27:22.403881+00:00
task_02_trial_003,df_06_01_lora_oft_int8_libero10_seed42_best_step100000,DF-04-03 LoRA+OFT INT8 Language Model,bitsandbytes,llm_int8,True,2,KITCHEN_SCENE3_turn_on_the_stove_and_put_the_moka_pot_on_it,turn on the stove and put the moka pot on it,3,3,2045,True,False,success,263,263,12.379098,33,264,263,32,208.3476713548104,256.02441541850567,26.14248347798001,12.901429419791743,18.71673353016375,343.9847022069223,412.28554025292397,43.1615786039104,23.168754071228545,9.24790334701538,9.66796875,0,0,0,0,0,0,0,0,,,,,/root/autodl-tmp/openvla_efficiency_project/scripts/Simulation/DF-06-01 LoRA+OFT INT8/output/videos/task_02_trial_003.mp4,2026-07-28T20:27:22.406006+00:00,2026-07-28T20:27:34.785798+00:00
task_02_trial_004,df_06_01_lora_oft_int8_libero10_seed42_best_step100000,DF-04-03 LoRA+OFT INT8 Language Model,bitsandbytes,llm_int8,True,2,KITCHEN_SCENE3_turn_on_the_stove_and_put_the_moka_pot_on_it,turn on the stove and put the moka pot on it,4,4,2046,True,False,success,264,264,12.413567,33,264,264,32,207.74309878999537,257.53137320280075,25.96788734874942,12.960728575390847,19.348224531859156,343.893575058742,436.32498234510416,42.98669688234275,23.263010943526595,9.24790334701538,9.66796875,0,0,0,0,0,0,0,0,,,,,/root/autodl-tmp/openvla_efficiency_project/scripts/Simulation/DF-06-01 LoRA+OFT INT8/output/videos/task_02_trial_004.mp4,2026-07-28T20:27:34.788024+00:00,2026-07-28T20:27:47.202284+00:00
task_02_trial_005,df_06_01_lora_oft_int8_libero10_seed42_best_step100000,DF-04-03 LoRA+OFT INT8 Language Model,bitsandbytes,llm_int8,True,2,KITCHEN_SCENE3_turn_on_the_stove_and_put_the_moka_pot_on_it,turn on the stove and put the moka pot on it,5,5,2047,True,False,success,244,244,10.855577,31,248,244,30,193.88530187068446,200.1706026494503,24.632968680291878,12.068256331210742,13.810557220131159,318.2171116312665,341.01577289402485,40.429223199054356,24.734583572790243,9.24790334701538,9.66796875,0,0,0,0,0,0,0,0,,,,,/root/autodl-tmp/openvla_efficiency_project/scripts/Simulation/DF-06-01 LoRA+OFT INT8/output/videos/task_02_trial_005.mp4,2026-07-28T20:27:47.204173+00:00,2026-07-28T20:27:58.060415+00:00
task_02_trial_006,df_06_01_lora_oft_int8_libero10_seed42_best_step100000,DF-04-03 LoRA+OFT INT8 Language Model,bitsandbytes,llm_int8,True,2,KITCHEN_SCENE3_turn_on_the_stove_and_put_the_moka_pot_on_it,turn on the stove and put the moka pot on it,6,6,2048,True,False,success,249,249,11.159206,32,256,249,31,194.22179157845676,202.7970033697784,24.96023024301452,12.275556326810136,13.806276768445969,319.207995722536,332.81485633924603,41.022714309723504,24.376739004882783,9.24790334701538,9.66796875,0,0,0,0,0,0,0,0,,,,,/root/autodl-tmp/openvla_efficiency_project/scripts/Simulation/DF-06-01 LoRA+OFT INT8/output/videos/task_02_trial_006.mp4,2026-07-28T20:27:58.062270+00:00,2026-07-28T20:28:09.222126+00:00
task_02_trial_007,df_06_01_lora_oft_int8_libero10_seed42_best_step100000,DF-04-03 LoRA+OFT INT8 Language Model,bitsandbytes,llm_int8,True,2,KITCHEN_SCENE3_turn_on_the_stove_and_put_the_moka_pot_on_it,turn on the stove and put the moka pot on it,7,7,2049,True,False,success,224,224,9.869271,28,224,224,27,194.95323074183293,202.50070337206125,24.369153842729116,11.825872734854263,13.462899811565876,318.78178120989884,332.16160647571087,39.847722651237355,25.09553704617917,9.24790334701538,9.66796875,0,0,0,0,0,0,0,0,,,,,/root/autodl-tmp/openvla_efficiency_project/scripts/Simulation/DF-06-01 LoRA+OFT INT8/output/videos/task_02_trial_007.mp4,2026-07-28T20:28:09.224017+00:00,2026-07-28T20:28:19.093979+00:00
task_02_trial_008,df_06_01_lora_oft_int8_libero10_seed42_best_step100000,DF-04-03 LoRA+OFT INT8 Language Model,bitsandbytes,llm_int8,True,2,KITCHEN_SCENE3_turn_on_the_stove_and_put_the_moka_pot_on_it,turn on the stove and put the moka pot on it,8,8,2050,True,False,success,248,248,11.267612,31,248,248,30,202.3079214437354,209.44351237267256,25.288490180466926,12.379730713643855,14.081377070397139,331.86192179639494,342.81159471720457,41.48274022454937,24.106411355347323,9.24790334701538,9.66796875,0,0,0,0,0,0,0,0,,,,,/root/autodl-tmp/openvla_efficiency_project/scripts/Simulation/DF-06-01 LoRA+OFT INT8/output/videos/task_02_trial_008.mp4,2026-07-28T20:28:19.096198+00:00,2026-07-28T20:28:30.364672+00:00
task_02_trial_009,df_06_01_lora_oft_int8_libero10_seed42_best_step100000,DF-04-03 LoRA+OFT INT8 Language Model,bitsandbytes,llm_int8,True,2,KITCHEN_SCENE3_turn_on_the_stove_and_put_the_moka_pot_on_it,turn on the stove and put the moka pot on it,9,9,2051,True,False,success,258,258,11.944041,33,264,258,32,201.56918059695852,207.22887329757214,25.78210449495981,12.291531490032064,14.296798780560492,328.41766727241605,342.37568601965904,42.006910930192745,23.805606693189223,9.247904300689697,9.66796875,0,0,0,0,0,0,0,0,,,,,/root/autodl-tmp/openvla_efficiency_project/scripts/Simulation/DF-06-01 LoRA+OFT INT8/output/videos/task_02_trial_009.mp4,2026-07-28T20:28:30.367379+00:00,2026-07-28T20:28:42.312103+00:00
task_02_trial_010,df_06_01_lora_oft_int8_libero10_seed42_best_step100000,DF-04-03 LoRA+OFT INT8 Language Model,bitsandbytes,llm_int8,True,2,KITCHEN_SCENE3_turn_on_the_stove_and_put_the_moka_pot_on_it,turn on the stove and put the moka pot on it,10,10,2052,True,False,success,222,222,10.351971,28,224,222,27,200.55347022467427,207.0585275068879,25.295032280589545,12.586006903097973,18.130502291023728,331.26435162765637,346.3318236172199,41.78108939447918,23.934273004670306,9.247903823852539,9.66796875,0,0,0,0,0,0,0,0,,,,,/root/autodl-tmp/openvla_efficiency_project/scripts/Simulation/DF-06-01 LoRA+OFT INT8/output/videos/task_02_trial_010.mp4,2026-07-28T20:28:42.314082+00:00,2026-07-28T20:28:52.666733+00:00
task_02_trial_011,df_06_01_lora_oft_int8_libero10_seed42_best_step100000,DF-04-03 LoRA+OFT INT8 Language Model,bitsandbytes,llm_int8,True,2,KITCHEN_SCENE3_turn_on_the_stove_and_put_the_moka_pot_on_it,turn on the stove and put the moka pot on it,11,11,2053,True,False,success,236,236,10.848117,30,240,236,29,198.59738182276487,206.45649079233408,25.24542989272435,12.757073472238194,20.1095100492239,329.25560989727575,340.3923088684678,41.85452668185709,23.89227830961174,9.247903823852539,9.66796875,0,0,0,0,0,0,0,0,,,,,/root/autodl-tmp/openvla_efficiency_project/scripts/Simulation/DF-06-01 LoRA+OFT INT8/output/videos/task_02_trial_011.mp4,2026-07-28T20:28:52.668778+00:00,2026-07-28T20:29:03.517710+00:00
task_02_trial_012,df_06_01_lora_oft_int8_libero10_seed42_best_step100000,DF-04-03 LoRA+OFT INT8 Language Model,bitsandbytes,llm_int8,True,2,KITCHEN_SCENE3_turn_on_the_stove_and_put_the_moka_pot_on_it,turn on the stove and put the moka pot on it,12,12,2054,True,False,success,242,242,11.145095,31,248,242,30,200.81580826832402,207.63838663697243,25.7243390756944,12.183990460350987,13.774912897497414,325.814637926317,342.41051506251097,41.7365858500654,23.95979401842791,9.24790334701538,9.66796875,0,0,0,0,0,0,0,0,,,,,/root/autodl-tmp/openvla_efficiency_project/scripts/Simulation/DF-06-01 LoRA+OFT INT8/output/videos/task_02_trial_012.mp4,2026-07-28T20:29:03.520041+00:00,2026-07-28T20:29:14.665858+00:00
task_02_trial_013,df_06_01_lora_oft_int8_libero10_seed42_best_step100000,DF-04-03 LoRA+OFT INT8 Language Model,bitsandbytes,llm_int8,True,2,KITCHEN_SCENE3_turn_on_the_stove_and_put_the_moka_pot_on_it,turn on the stove and put the moka pot on it,13,13,2055,True,False,success,249,249,11.330087,32,256,249,31,196.84709678404033,215.9731354564428,25.297618863812414,12.453299457110075,14.09630998969078,322.7655179798603,334.46616642177105,41.47990592512261,24.108058533332947,9.24790334701538,9.66796875,0,0,0,0,0,0,0,0,,,,,/root/autodl-tmp/openvla_efficiency_project/scripts/Simulation/DF-06-01 LoRA+OFT INT8/output/videos/task_02_trial_013.mp4,2026-07-28T20:29:14.669547+00:00,2026-07-28T20:29:26.000503+00:00
task_02_trial_014,df_06_01_lora_oft_int8_libero10_seed42_best_step100000,DF-04-03 LoRA+OFT INT8 Language Model,bitsandbytes,llm_int8,True,2,KITCHEN_SCENE3_turn_on_the_stove_and_put_the_moka_pot_on_it,turn on the stove and put the moka pot on it,14,14,2056,True,False,success,245,245,11.506605,31,248,245,30,198.31737936023742,231.4160829409957,25.093219429254532,12.27307064952899,14.179804548621176,324.5347280415796,369.98848989605904,41.063577833832525,24.35248102458559,9.24790334701538,9.66796875,0,0,0,0,0,0,0,0,,,,,/root/autodl-tmp/openvla_efficiency_project/scripts/Simulation/DF-06-01 LoRA+OFT INT8/output/videos/task_02_trial_014.mp4,2026-07-28T20:29:26.002683+00:00,2026-07-28T20:29:37.509973+00:00
task_02_trial_015,df_06_01_lora_oft_int8_libero10_seed42_best_step100000,DF-04-03 LoRA+OFT INT8 Language Model,bitsandbytes,llm_int8,True,2,KITCHEN_SCENE3_turn_on_the_stove_and_put_the_moka_pot_on_it,turn on the stove and put the moka pot on it,15,15,2057,True,False,success,225,225,10.203584,29,232,225,28,195.53228962267266,203.19209098815918,25.2019395513667,12.139714732766151,13.35233524441719,318.74431014574805,335.1224336773157,41.082599974340866,24.341205294323494,9.247903823852539,9.66796875,0,0,0,0,0,0,0,0,,,,,/root/autodl-tmp/openvla_efficiency_project/scripts/Simulation/DF-06-01 LoRA+OFT INT8/output/videos/task_02_trial_015.mp4,2026-07-28T20:29:37.511830+00:00,2026-07-28T20:29:47.716134+00:00
task_02_trial_016,df_06_01_lora_oft_int8_libero10_seed42_best_step100000,DF-04-03 LoRA+OFT INT8 Language Model,bitsandbytes,llm_int8,True,2,KITCHEN_SCENE3_turn_on_the_stove_and_put_the_moka_pot_on_it,turn on the stove and put the moka pot on it,16,16,2058,True,False,success,241,241,10.866209,31,248,241,30,194.81793568739968,204.6006554737687,25.059568490910333,12.00004990881162,13.851294293999672,317.87560946278035,334.51668079942465,40.88856387280577,24.4567161397684,9.247903823852539,9.66796875,0,0,0,0,0,0,0,0,,,,,/root/autodl-tmp/openvla_efficiency_project/scripts/Simulation/DF-06-01 LoRA+OFT INT8/output/videos/task_02_trial_016.mp4,2026-07-28T20:29:47.719930+00:00,2026-07-28T20:29:58.586928+00:00
task_02_trial_017,df_06_01_lora_oft_int8_libero10_seed42_best_step100000,DF-04-03 LoRA+OFT INT8 Language Model,bitsandbytes,llm_int8,True,2,KITCHEN_SCENE3_turn_on_the_stove_and_put_the_moka_pot_on_it,turn on the stove and put the moka pot on it,17,17,2059,True,False,success,254,254,11.323938,32,256,254,31,196.11835078103468,204.74904580041766,24.707823720445315,12.047789756237991,13.895240891724825,321.09513645991683,332.3606537654996,40.45293057762732,24.720087907625032,9.247903823852539,9.66796875,0,0,0,0,0,0,0,0,,,,,/root/autodl-tmp/openvla_efficiency_project/scripts/Simulation/DF-06-01 LoRA+OFT INT8/output/videos/task_02_trial_017.mp4,2026-07-28T20:29:58.588827+00:00,2026-07-28T20:30:09.913482+00:00
task_02_trial_018,df_06_01_lora_oft_int8_libero10_seed42_best_step100000,DF-04-03 LoRA+OFT INT8 Language Model,bitsandbytes,llm_int8,True,2,KITCHEN_SCENE3_turn_on_the_stove_and_put_the_moka_pot_on_it,turn on the stove and put the moka pot on it,18,18,2060,True,False,success,252,252,11.187798,32,256,252,31,193.54643154656515,203.72222941368818,24.57732464083367,11.98953195726351,13.409530557692051,316.9451614958234,327.10160529240966,40.24700463439027,24.846569554284784,9.247903823852539,9.66796875,0,0,0,0,0,0,0,0,,,,,/root/autodl-tmp/openvla_efficiency_project/scripts/Simulation/DF-06-01 LoRA+OFT INT8/output/videos/task_02_trial_018.mp4,2026-07-28T20:30:09.915242+00:00,2026-07-28T20:30:21.103724+00:00
task_02_trial_019,df_06_01_lora_oft_int8_libero10_seed42_best_step100000,DF-04-03 LoRA+OFT INT8 Language Model,bitsandbytes,llm_int8,True,2,KITCHEN_SCENE3_turn_on_the_stove_and_put_the_moka_pot_on_it,turn on the stove and put the moka pot on it,19,19,2061,True,False,success,225,225,10.41862,29,232,225,28,200.31702813917192,210.2191060781479,25.81863918238216,12.166794621282154,13.630321249365805,325.03006819250254,341.79502315819263,41.89276434481144,23.870470608460895,9.24790334701538,9.66796875,0,0,0,0,0,0,0,0,,,,,/root/autodl-tmp/openvla_efficiency_project/scripts/Simulation/DF-06-01 LoRA+OFT INT8/output/videos/task_02_trial_019.mp4,2026-07-28T20:30:21.105289+00:00,2026-07-28T20:30:31.524605+00:00
task_02_trial_020,df_06_01_lora_oft_int8_libero10_seed42_best_step100000,DF-04-03 LoRA+OFT INT8 Language Model,bitsandbytes,llm_int8,True,2,KITCHEN_SCENE3_turn_on_the_stove_and_put_the_moka_pot_on_it,turn on the stove and put the moka pot on it,20,20,2062,True,False,success,230,230,10.479546,29,232,230,28,198.09050209306437,206.46640695631504,24.97662852477768,12.476516571705757,18.98696990683673,327.6296779513359,345.2222865074873,41.309828959081486,24.207313978242983,9.24790334701538,9.66796875,0,0,0,0,0,0,0,0,,,,,/root/autodl-tmp/openvla_efficiency_project/scripts/Simulation/DF-06-01 LoRA+OFT INT8/output/videos/task_02_trial_020.mp4,2026-07-28T20:30:31.526356+00:00,2026-07-28T20:30:42.006612+00:00
task_02_trial_021,df_06_01_lora_oft_int8_libero10_seed42_best_step100000,DF-04-03 LoRA+OFT INT8 Language Model,bitsandbytes,llm_int8,True,2,KITCHEN_SCENE3_turn_on_the_stove_and_put_the_moka_pot_on_it,turn on the stove and put the moka pot on it,21,21,2063,True,False,success,242,242,11.186143,31,248,242,30,201.97035167967118,206.24537207186222,25.872235132519865,12.294991480663787,13.765144906938076,328.09718536032784,342.5685940310359,42.028978289959355,23.79310753406771,9.247903823852539,9.66796875,0,0,0,0,0,0,0,0,,,,,/root/autodl-tmp/openvla_efficiency_project/scripts/Simulation/DF-06-01 LoRA+OFT INT8/output/videos/task_02_trial_021.mp4,2026-07-28T20:30:42.008331+00:00,2026-07-28T20:30:53.195251+00:00
task_02_trial_022,df_06_01_lora_oft_int8_libero10_seed42_best_step100000,DF-04-03 LoRA+OFT INT8 Language Model,bitsandbytes,llm_int8,True,2,KITCHEN_SCENE3_turn_on_the_stove_and_put_the_moka_pot_on_it,turn on the stove and put the moka pot on it,22,22,2064,True,False,success,209,209,9.867767,27,216,209,26,200.07136305449185,208.081098459661,25.846539724742968,12.561409756469955,14.271907508373259,327.7394163111846,348.0148162692785,42.33954182010518,23.618583409543277,9.24790334701538,9.66796875,0,0,0,0,0,0,0,0,,,,,/root/autodl-tmp/openvla_efficiency_project/scripts/Simulation/DF-06-01 LoRA+OFT INT8/output/videos/task_02_trial_022.mp4,2026-07-28T20:30:53.197374+00:00,2026-07-28T20:31:03.065876+00:00
task_02_trial_023,df_06_01_lora_oft_int8_libero10_seed42_best_step100000,DF-04-03 LoRA+OFT INT8 Language Model,bitsandbytes,llm_int8,True,2,KITCHEN_SCENE3_turn_on_the_stove_and_put_the_moka_pot_on_it,turn on the stove and put the moka pot on it,23,23,2065,True,False,success,274,274,12.610319,35,280,274,34,203.69192734360695,208.86590257287025,26.019041813964392,12.278262627766516,13.93732726573944,330.25705037372455,349.66810941696167,42.18611957328598,23.704479343325094,9.247903823852539,9.66796875,0,0,0,0,0,0,0,0,,,,,/root/autodl-tmp/openvla_efficiency_project/scripts/Simulation/DF-06-01 LoRA+OFT INT8/output/videos/task_02_trial_023.mp4,2026-07-28T20:31:03.067855+00:00,2026-07-28T20:31:15.678908+00:00
task_02_trial_024,df_06_01_lora_oft_int8_libero10_seed42_best_step100000,DF-04-03 LoRA+OFT INT8 Language Model,bitsandbytes,llm_int8,True,2,KITCHEN_SCENE3_turn_on_the_stove_and_put_the_moka_pot_on_it,turn on the stove and put the moka pot on it,24,24,2066,True,False,success,243,243,11.269983,31,248,243,30,200.1346251777103,241.9536793604493,25.53157769756798,12.509755613933866,15.346233732998366,329.2035405794459,389.4246472045779,41.9971594977894,23.811134180458968,9.24790334701538,9.66796875,0,0,0,0,0,0,0,0,,,,,/root/autodl-tmp/openvla_efficiency_project/scripts/Simulation/DF-06-01 LoRA+OFT INT8/output/videos/task_02_trial_024.mp4,2026-07-28T20:31:15.700385+00:00,2026-07-28T20:31:26.971007+00:00
task_02_trial_025,df_06_01_lora_oft_int8_libero10_seed42_best_step100000,DF-04-03 LoRA+OFT INT8 Language Model,bitsandbytes,llm_int8,True,2,KITCHEN_SCENE3_turn_on_the_stove_and_put_the_moka_pot_on_it,turn on the stove and put the moka pot on it,25,25,2067,True,False,success,233,233,10.723998,30,240,233,29,199.4753091906508,221.05174539610735,25.68351620480482,12.377980936622414,13.636003434658049,326.27853242059547,340.12200040742755,42.01011147046294,23.803793063084207,9.247903823852539,9.66796875,0,0,0,0,0,0,0,0,,,,,/root/autodl-tmp/openvla_efficiency_project/scripts/Simulation/DF-06-01 LoRA+OFT INT8/output/videos/task_02_trial_025.mp4,2026-07-28T20:31:26.972825+00:00,2026-07-28T20:31:37.697707+00:00
task_02_trial_026,df_06_01_lora_oft_int8_libero10_seed42_best_step100000,DF-04-03 LoRA+OFT INT8 Language Model,bitsandbytes,llm_int8,True,2,KITCHEN_SCENE3_turn_on_the_stove_and_put_the_moka_pot_on_it,turn on the stove and put the moka pot on it,26,26,2068,True,False,success,266,266,12.406242,34,272,266,33,200.7850248037892,253.17119564861056,25.6642512907099,12.471216156574569,14.014909509569407,328.1108308583498,401.1907462030649,41.93897838039057,23.844166897197724,9.247903823852539,9.66796875,0,0,0,0,0,0,0,0,,,,,/root/autodl-tmp/openvla_efficiency_project/scripts/Simulation/DF-06-01 LoRA+OFT INT8/output/videos/task_02_trial_026.mp4,2026-07-28T20:31:37.700980+00:00,2026-07-28T20:31:50.108009+00:00
task_02_trial_027,df_06_01_lora_oft_int8_libero10_seed42_best_step100000,DF-04-03 LoRA+OFT INT8 Language Model,bitsandbytes,llm_int8,True,2,KITCHEN_SCENE3_turn_on_the_stove_and_put_the_moka_pot_on_it,turn on the stove and put the moka pot on it,27,27,2069,True,False,success,240,240,10.624365,30,240,240,29,193.9498189215859,203.43104293569922,24.243727365198236,12.20714026906838,13.76305054873228,320.97410062948865,332.5728915631771,40.12176257868608,24.92412934349078,9.247903823852539,9.66796875,0,0,0,0,0,0,0,0,,,,,/root/autodl-tmp/openvla_efficiency_project/scripts/Simulation/DF-06-01 LoRA+OFT INT8/output/videos/task_02_trial_027.mp4,2026-07-28T20:31:50.112515+00:00,2026-07-28T20:32:00.737584+00:00
task_02_trial_028,df_06_01_lora_oft_int8_libero10_seed42_best_step100000,DF-04-03 LoRA+OFT INT8 Language Model,bitsandbytes,llm_int8,True,2,KITCHEN_SCENE3_turn_on_the_stove_and_put_the_moka_pot_on_it,turn on the stove and put the moka pot on it,28,28,2070,True,False,success,251,251,11.210272,32,256,251,31,193.2859419612214,202.89629492908716,24.642032441271255,12.215661092761504,13.883397914469242,318.43854632461444,333.67559695616364,40.59774295771977,24.631911213424917,9.247903823852539,9.66796875,0,0,0,0,0,0,0,0,,,,,/root/autodl-tmp/openvla_efficiency_project/scripts/Simulation/DF-06-01 LoRA+OFT INT8/output/videos/task_02_trial_028.mp4,2026-07-28T20:32:00.739739+00:00,2026-07-28T20:32:11.950686+00:00
task_02_trial_029,df_06_01_lora_oft_int8_libero10_seed42_best_step100000,DF-04-03 LoRA+OFT INT8 Language Model,bitsandbytes,llm_int8,True,2,KITCHEN_SCENE3_turn_on_the_stove_and_put_the_moka_pot_on_it,turn on the stove and put the moka pot on it,29,29,2071,True,False,success,247,247,10.934804,31,248,247,30,192.2901657319838,198.49043898284435,24.133583553406872,12.114946387316051,13.784550875425339,318.3802859557252,328.39837670326233,39.958659370961456,25.025864624645404,9.24790334701538,9.66796875,0,0,0,0,0,0,0,0,,,,,/root/autodl-tmp/openvla_efficiency_project/scripts/Simulation/DF-06-01 LoRA+OFT INT8/output/videos/task_02_trial_029.mp4,2026-07-28T20:32:11.952433+00:00,2026-07-28T20:32:22.887998+00:00
task_02_trial_030,df_06_01_lora_oft_int8_libero10_seed42_best_step100000,DF-04-03 LoRA+OFT INT8 Language Model,bitsandbytes,llm_int8,True,2,KITCHEN_SCENE3_turn_on_the_stove_and_put_the_moka_pot_on_it,turn on the stove and put the moka pot on it,30,30,2072,True,False,success,240,240,10.924905,30,240,240,29,199.30512191106877,206.01339917629957,24.913140238883596,12.513026098410288,13.800009991973639,330.1790927847226,340.9948310814798,41.27238659809033,24.22927488390676,9.247903823852539,9.66796875,0,0,0,0,0,0,0,0,,,,,/root/autodl-tmp/openvla_efficiency_project/scripts/Simulation/DF-06-01 LoRA+OFT INT8/output/videos/task_02_trial_030.mp4,2026-07-28T20:32:22.889920+00:00,2026-07-28T20:32:33.815542+00:00
task_02_trial_031,df_06_01_lora_oft_int8_libero10_seed42_best_step100000,DF-04-03 LoRA+OFT INT8 Language Model,bitsandbytes,llm_int8,True,2,KITCHEN_SCENE3_turn_on_the_stove_and_put_the_moka_pot_on_it,turn on the stove and put the moka pot on it,31,31,2073,True,False,success,236,236,10.888696,30,240,236,29,197.40830827504396,204.74202642217278,25.09427647564118,12.581894766160492,18.046170473098755,326.89791073401767,336.7387763224542,41.55481916110394,24.064597565040494,9.247903823852539,9.66796875,0,0,0,0,0,0,0,0,,,,,/root/autodl-tmp/openvla_efficiency_project/scripts/Simulation/DF-06-01 LoRA+OFT INT8/output/videos/task_02_trial_031.mp4,2026-07-28T20:32:33.817676+00:00,2026-07-28T20:32:44.707103+00:00
task_02_trial_032,df_06_01_lora_oft_int8_libero10_seed42_best_step100000,DF-04-03 LoRA+OFT INT8 Language Model,bitsandbytes,llm_int8,True,2,KITCHEN_SCENE3_turn_on_the_stove_and_put_the_moka_pot_on_it,turn on the stove and put the moka pot on it,32,32,2074,True,False,success,235,235,10.935952,30,240,235,29,198.48579609145722,204.23161080107093,25.338612266994538,12.764496570254893,15.621338412165631,328.864508929352,341.44692281261086,41.982703267576845,23.819333253185196,9.24790334701538,9.66796875,0,0,0,0,0,0,0,0,,,,,/root/autodl-tmp/openvla_efficiency_project/scripts/Simulation/DF-06-01 LoRA+OFT INT8/output/videos/task_02_trial_032.mp4,2026-07-28T20:32:44.709476+00:00,2026-07-28T20:32:55.646124+00:00
task_02_trial_033,df_06_01_lora_oft_int8_libero10_seed42_best_step100000,DF-04-03 LoRA+OFT INT8 Language Model,bitsandbytes,llm_int8,True,2,KITCHEN_SCENE3_turn_on_the_stove_and_put_the_moka_pot_on_it,turn on the stove and put the moka pot on it,33,33,2075,True,False,success,225,225,10.461392,29,232,225,28,200.49022420726973,205.64441792666912,25.84096223115921,12.468921194473902,14.614326506853097,326.7002391532577,342.9752204567194,42.10803082419766,23.74843896583602,9.247904300689697,9.66796875,0,0,0,0,0,0,0,0,,,,,/root/autodl-tmp/openvla_efficiency_project/scripts/Simulation/DF-06-01 LoRA+OFT INT8/output/videos/task_02_trial_033.mp4,2026-07-28T20:32:55.648055+00:00,2026-07-28T20:33:06.110147+00:00
task_02_trial_034,df_06_01_lora_oft_int8_libero10_seed42_best_step100000,DF-04-03 LoRA+OFT INT8 Language Model,bitsandbytes,llm_int8,True,2,KITCHEN_SCENE3_turn_on_the_stove_and_put_the_moka_pot_on_it,turn on the stove and put the moka pot on it,34,34,2076,True,False,success,228,228,10.448265,29,232,228,28,196.94909569004486,202.03123912215233,25.05054287285658,12.692136820732502,16.34865747764705,326.3412485991059,338.8829503208399,41.508316707781006,24.091557531470396,9.247903823852539,9.66796875,0,0,0,0,0,0,0,0,,,,,/root/autodl-tmp/openvla_efficiency_project/scripts/Simulation/DF-06-01 LoRA+OFT INT8/output/videos/task_02_trial_034.mp4,2026-07-28T20:33:06.111739+00:00,2026-07-28T20:33:16.560790+00:00
task_02_trial_035,df_06_01_lora_oft_int8_libero10_seed42_best_step100000,DF-04-03 LoRA+OFT INT8 Language Model,bitsandbytes,llm_int8,True,2,KITCHEN_SCENE3_turn_on_the_stove_and_put_the_moka_pot_on_it,turn on the stove and put the moka pot on it,35,35,2077,True,False,success,256,256,11.362395,32,256,256,31,196.32911862572655,207.48748667538166,24.54113982821582,12.093917779566254,13.532253913581371,322.82040879363194,343.01133770495653,40.35255109920399,24.781580662436145,9.24790334701538,9.66796875,0,0,0,0,0,0,0,0,,,,,/root/autodl-tmp/openvla_efficiency_project/scripts/Simulation/DF-06-01 LoRA+OFT INT8/output/videos/task_02_trial_035.mp4,2026-07-28T20:33:16.562581+00:00,2026-07-28T20:33:27.925664+00:00
task_02_trial_036,df_06_01_lora_oft_int8_libero10_seed42_best_step100000,DF-04-03 LoRA+OFT INT8 Language Model,bitsandbytes,llm_int8,True,2,KITCHEN_SCENE3_turn_on_the_stove_and_put_the_moka_pot_on_it,turn on the stove and put the moka pot on it,36,36,2078,True,False,success,259,259,12.398041,33,264,259,32,208.82411216470328,264.0294935554266,26.60693321017455,12.918492261334736,18.76019574701786,343.3051579490756,420.851182192564,43.741583831349395,22.861540721881784,9.247903823852539,9.66796875,0,0,0,0,0,0,0,0,,,,,/root/autodl-tmp/openvla_efficiency_project/scripts/Simulation/DF-06-01 LoRA+OFT INT8/output/videos/task_02_trial_036.mp4,2026-07-28T20:33:27.927540+00:00,2026-07-28T20:33:40.326292+00:00
task_02_trial_037,df_06_01_lora_oft_int8_libero10_seed42_best_step100000,DF-04-03 LoRA+OFT INT8 Language Model,bitsandbytes,llm_int8,True,2,KITCHEN_SCENE3_turn_on_the_stove_and_put_the_moka_pot_on_it,turn on the stove and put the moka pot on it,37,37,2079,True,False,success,241,241,10.937766,31,248,241,30,195.08231329100747,204.75315116345882,25.09357556855283,12.211243455835397,13.533301651477814,319.6001765468428,330.8726027607918,41.11039615332833,24.324747352721367,9.247903823852539,9.66796875,0,0,0,0,0,0,0,0,,,,,/root/autodl-tmp/openvla_efficiency_project/scripts/Simulation/DF-06-01 LoRA+OFT INT8/output/videos/task_02_trial_037.mp4,2026-07-28T20:33:40.328743+00:00,2026-07-28T20:33:51.267333+00:00
task_02_trial_038,df_06_01_lora_oft_int8_libero10_seed42_best_step100000,DF-04-03 LoRA+OFT INT8 Language Model,bitsandbytes,llm_int8,True,2,KITCHEN_SCENE3_turn_on_the_stove_and_put_the_moka_pot_on_it,turn on the stove and put the moka pot on it,38,38,2080,True,False,success,250,250,11.302915,32,256,250,31,192.80547578819096,200.96565084531903,24.679100900888443,12.444687880575657,14.304202515631914,319.3545702379197,335.2088703773916,40.87738499045372,24.46340440401299,9.24790334701538,9.66796875,0,0,0,0,0,0,0,0,,,,,/root/autodl-tmp/openvla_efficiency_project/scripts/Simulation/DF-06-01 LoRA+OFT INT8/output/videos/task_02_trial_038.mp4,2026-07-28T20:33:51.269104+00:00,2026-07-28T20:34:02.572754+00:00
task_02_trial_039,df_06_01_lora_oft_int8_libero10_seed42_best_step100000,DF-04-03 LoRA+OFT INT8 Language Model,bitsandbytes,llm_int8,True,2,KITCHEN_SCENE3_turn_on_the_stove_and_put_the_moka_pot_on_it,turn on the stove and put the moka pot on it,39,39,2081,True,False,success,220,220,9.981097,28,224,220,27,193.01241456664033,200.3414187580347,24.56521639939059,12.336427794600075,14.188935980200768,319.1158277913928,332.0019019767642,40.61474171890454,24.621601853854457,9.24790334701538,9.66796875,0,0,0,0,0,0,0,0,,,,,/root/autodl-tmp/openvla_efficiency_project/scripts/Simulation/DF-06-01 LoRA+OFT INT8/output/videos/task_02_trial_039.mp4,2026-07-28T20:34:02.574580+00:00,2026-07-28T20:34:12.556379+00:00
task_02_trial_040,df_06_01_lora_oft_int8_libero10_seed42_best_step100000,DF-04-03 LoRA+OFT INT8 Language Model,bitsandbytes,llm_int8,True,2,KITCHEN_SCENE3_turn_on_the_stove_and_put_the_moka_pot_on_it,turn on the stove and put the moka pot on it,40,40,2082,True,False,success,266,266,12.522659,34,272,266,33,206.8856719552594,271.24005891382694,26.444033257439173,12.913461900631289,17.998510040342808,338.71058922480137,414.1626926138997,43.29383471294453,23.097977036000636,9.24790334701538,9.66796875,0,0,0,0,0,0,0,0,,,,,/root/autodl-tmp/openvla_efficiency_project/scripts/Simulation/DF-06-01 LoRA+OFT INT8/output/videos/task_02_trial_040.mp4,2026-07-28T20:34:12.558058+00:00,2026-07-28T20:34:25.081498+00:00
task_02_trial_041,df_06_01_lora_oft_int8_libero10_seed42_best_step100000,DF-04-03 LoRA+OFT INT8 Language Model,bitsandbytes,llm_int8,True,2,KITCHEN_SCENE3_turn_on_the_stove_and_put_the_moka_pot_on_it,turn on the stove and put the moka pot on it,41,41,2083,True,False,success,238,238,10.856338,30,240,238,29,197.77489819874367,205.36095825955272,24.92960901664836,12.492006668085311,14.741759002208667,326.8446118881305,339.22761399298906,41.19890065816771,24.272492324421993,9.247903823852539,9.66796875,0,0,0,0,0,0,0,0,,,,,/root/autodl-tmp/openvla_efficiency_project/scripts/Simulation/DF-06-01 LoRA+OFT INT8/output/videos/task_02_trial_041.mp4,2026-07-28T20:34:25.083382+00:00,2026-07-28T20:34:35.940459+00:00
task_02_trial_042,df_06_01_lora_oft_int8_libero10_seed42_best_step100000,DF-04-03 LoRA+OFT INT8 Language Model,bitsandbytes,llm_int8,True,2,KITCHEN_SCENE3_turn_on_the_stove_and_put_the_moka_pot_on_it,turn on the stove and put the moka pot on it,42,42,2084,True,False,success,243,243,11.277108,31,248,243,30,197.64508865773678,206.217628903687,25.213982503661892,12.754485976916772,18.717921525239944,328.1361234764899,341.43148455768824,41.86098694556044,23.888591095582253,9.24790334701538,9.66796875,0,0,0,0,0,0,0,0,,,,,/root/autodl-tmp/openvla_efficiency_project/scripts/Simulation/DF-06-01 LoRA+OFT INT8/output/videos/task_02_trial_042.mp4,2026-07-28T20:34:35.942628+00:00,2026-07-28T20:34:47.220423+00:00
task_02_trial_043,df_06_01_lora_oft_int8_libero10_seed42_best_step100000,DF-04-03 LoRA+OFT INT8 Language Model,bitsandbytes,llm_int8,True,2,KITCHEN_SCENE3_turn_on_the_stove_and_put_the_moka_pot_on_it,turn on the stove and put the moka pot on it,43,43,2085,True,False,success,245,245,11.20404,31,248,245,30,200.6135290909198,208.76798499375582,25.38375266048373,12.508357757208298,14.743534103035925,329.462350436276,348.6622115597129,41.68707291234513,23.988251756190394,9.24790334701538,9.66796875,0,0,0,0,0,0,0,0,,,,,/root/autodl-tmp/openvla_efficiency_project/scripts/Simulation/DF-06-01 LoRA+OFT INT8/output/videos/task_02_trial_043.mp4,2026-07-28T20:34:47.222628+00:00,2026-07-28T20:34:58.427409+00:00
task_02_trial_044,df_06_01_lora_oft_int8_libero10_seed42_best_step100000,DF-04-03 LoRA+OFT INT8 Language Model,bitsandbytes,llm_int8,True,2,KITCHEN_SCENE3_turn_on_the_stove_and_put_the_moka_pot_on_it,turn on the stove and put the moka pot on it,44,44,2086,True,False,success,252,252,11.535316,32,256,252,31,199.77176643442363,210.1923706009984,25.367843356752207,12.465199492576103,13.972295261919497,328.52252677548677,341.94504637271166,41.71714625720467,23.97095893939047,9.247903823852539,9.66796875,0,0,0,0,0,0,0,0,,,,,/root/autodl-tmp/openvla_efficiency_project/scripts/Simulation/DF-06-01 LoRA+OFT INT8/output/videos/task_02_trial_044.mp4,2026-07-28T20:34:58.429500+00:00,2026-07-28T20:35:09.965638+00:00
task_02_trial_045,df_06_01_lora_oft_int8_libero10_seed42_best_step100000,DF-04-03 LoRA+OFT INT8 Language Model,bitsandbytes,llm_int8,True,2,KITCHEN_SCENE3_turn_on_the_stove_and_put_the_moka_pot_on_it,turn on the stove and put the moka pot on it,45,45,2087,True,False,success,234,234,10.795277,30,240,234,29,196.96964658796787,203.73485488817096,25.252518793329216,12.398675362714846,14.110108092427254,323.58853661765653,334.5160163938999,41.48570982277648,24.10468578871899,9.24790334701538,9.66796875,0,0,0,0,0,0,0,0,,,,,/root/autodl-tmp/openvla_efficiency_project/scripts/Simulation/DF-06-01 LoRA+OFT INT8/output/videos/task_02_trial_045.mp4,2026-07-28T20:35:09.967597+00:00,2026-07-28T20:35:20.763615+00:00
task_02_trial_046,df_06_01_lora_oft_int8_libero10_seed42_best_step100000,DF-04-03 LoRA+OFT INT8 Language Model,bitsandbytes,llm_int8,True,2,KITCHEN_SCENE3_turn_on_the_stove_and_put_the_moka_pot_on_it,turn on the stove and put the moka pot on it,46,46,2088,True,False,success,254,254,12.18706,32,256,254,31,212.4919691705145,274.962236918509,26.77064178526167,13.1580311013019,19.477819371968504,348.25910039944574,448.3922633342445,43.87516225504828,22.79193850468188,9.247902870178223,9.66796875,0,0,0,0,0,0,0,0,,,,,/root/autodl-tmp/openvla_efficiency_project/scripts/Simulation/DF-06-01 LoRA+OFT INT8/output/videos/task_02_trial_046.mp4,2026-07-28T20:35:20.765592+00:00,2026-07-28T20:35:32.953346+00:00
task_02_trial_047,df_06_01_lora_oft_int8_libero10_seed42_best_step100000,DF-04-03 LoRA+OFT INT8 Language Model,bitsandbytes,llm_int8,True,2,KITCHEN_SCENE3_turn_on_the_stove_and_put_the_moka_pot_on_it,turn on the stove and put the moka pot on it,47,47,2089,True,False,success,243,243,10.874714,31,248,243,30,194.8548334860994,202.0908361300826,24.858024024975645,12.337895869104951,13.957968167960644,320.0814583969693,336.8509327992797,40.83343707944876,24.489733696781904,9.247902870178223,9.66796875,0,0,0,0,0,0,0,0,,,,,/root/autodl-tmp/openvla_efficiency_project/scripts/Simulation/DF-06-01 LoRA+OFT INT8/output/videos/task_02_trial_047.mp4,2026-07-28T20:35:32.955409+00:00,2026-07-28T20:35:43.830845+00:00
task_02_trial_048,df_06_01_lora_oft_int8_libero10_seed42_best_step100000,DF-04-03 LoRA+OFT INT8 Language Model,bitsandbytes,llm_int8,True,2,KITCHEN_SCENE3_turn_on_the_stove_and_put_the_moka_pot_on_it,turn on the stove and put the moka pot on it,48,48,2090,True,False,success,247,247,10.95488,31,248,247,30,193.79952573968518,201.47005189210176,24.32301740052729,12.532462362154776,14.136200584471226,322.57359781332553,334.4674361869693,40.48494547454693,24.70053962722278,9.247903823852539,9.66796875,0,0,0,0,0,0,0,0,,,,,/root/autodl-tmp/openvla_efficiency_project/scripts/Simulation/DF-06-01 LoRA+OFT INT8/output/videos/task_02_trial_048.mp4,2026-07-28T20:35:43.832883+00:00,2026-07-28T20:35:54.788569+00:00
task_02_trial_049,df_06_01_lora_oft_int8_libero10_seed42_best_step100000,DF-04-03 LoRA+OFT INT8 Language Model,bitsandbytes,llm_int8,True,2,KITCHEN_SCENE3_turn_on_the_stove_and_put_the_moka_pot_on_it,turn on the stove and put the moka pot on it,49,49,2091,True,False,success,251,251,11.261652,32,256,251,31,194.57654299912974,201.61775611341,24.806571219012557,12.29881630297676,14.009402133524418,319.8578654555604,337.01366102322936,40.778692010270646,24.522610969183045,9.247904300689697,9.66796875,0,0,0,0,0,0,0,0,,,,,/root/autodl-tmp/openvla_efficiency_project/scripts/Simulation/DF-06-01 LoRA+OFT INT8/output/videos/task_02_trial_049.mp4,2026-07-28T20:35:54.790584+00:00,2026-07-28T20:36:06.052975+00:00
task_03_trial_000,df_06_01_lora_oft_int8_libero10_seed42_best_step100000,DF-04-03 LoRA+OFT INT8 Language Model,bitsandbytes,llm_int8,True,3,KITCHEN_SCENE4_put_the_black_bowl_in_the_bottom_drawer_of_the_cabinet_and_close_it,put the black bowl in the bottom drawer of the cabinet and close it,0,0,3042,True,False,success,218,218,10.613171,28,224,218,27,194.39104944467545,202.26569417864084,24.967657726839047,12.645494833656954,15.052449144423003,321.5936021214085,339.10292526707053,41.305600272474486,24.209792217119453,9.250595092773438,9.712890625,0,0,0,0,0,0,0,0,,,,,/root/autodl-tmp/openvla_efficiency_project/scripts/Simulation/DF-06-01 LoRA+OFT INT8/output/videos/task_03_trial_000.mp4,2026-07-28T20:36:07.660929+00:00,2026-07-28T20:36:18.274790+00:00
task_03_trial_001,df_06_01_lora_oft_int8_libero10_seed42_best_step100000,DF-04-03 LoRA+OFT INT8 Language Model,bitsandbytes,llm_int8,True,3,KITCHEN_SCENE4_put_the_black_bowl_in_the_bottom_drawer_of_the_cabinet_and_close_it,put the black bowl in the bottom drawer of the cabinet and close it,1,1,3043,True,False,success,207,207,10.042853,26,208,207,25,193.31493257330015,199.144899379462,24.28110264205702,12.708087591229429,15.56725464761257,323.5764238410271,336.38813765719533,40.64244937133674,24.604816281207064,9.250596523284912,9.712890625,0,0,0,0,0,0,0,0,,,,,/root/autodl-tmp/openvla_efficiency_project/scripts/Simulation/DF-06-01 LoRA+OFT INT8/output/videos/task_03_trial_001.mp4,2026-07-28T20:36:18.276918+00:00,2026-07-28T20:36:28.320423+00:00
task_03_trial_002,df_06_01_lora_oft_int8_libero10_seed42_best_step100000,DF-04-03 LoRA+OFT INT8 Language Model,bitsandbytes,llm_int8,True,3,KITCHEN_SCENE4_put_the_black_bowl_in_the_bottom_drawer_of_the_cabinet_and_close_it,put the black bowl in the bottom drawer of the cabinet and close it,2,2,3044,True,False,success,286,286,13.950736,36,288,286,35,197.9562064839734,203.92978424206376,24.91756445252812,14.38101689116313,20.706746261566877,343.190246520357,373.8403972238302,43.19877228927571,23.148806019384367,9.250595569610596,9.712890625,0,0,0,0,0,0,0,0,,,,,/root/autodl-tmp/openvla_efficiency_project/scripts/Simulation/DF-06-01 LoRA+OFT INT8/output/videos/task_03_trial_002.mp4,2026-07-28T20:36:28.322257+00:00,2026-07-28T20:36:42.273822+00:00
task_03_trial_003,df_06_01_lora_oft_int8_libero10_seed42_best_step100000,DF-04-03 LoRA+OFT INT8 Language Model,bitsandbytes,llm_int8,True,3,KITCHEN_SCENE4_put_the_black_bowl_in_the_bottom_drawer_of_the_cabinet_and_close_it,put the black bowl in the bottom drawer of the cabinet and close it,3,3,3045,True,False,success,204,204,10.318056,26,208,204,25,197.80215413237994,205.7344140484929,25.210078467852345,12.992589834931435,17.52230217680335,330.8332012249873,351.3908153399825,42.165015842400344,23.716343514198776,9.250596046447754,9.712890625,0,0,0,0,0,0,0,0,,,,,/root/autodl-tmp/openvla_efficiency_project/scripts/Simulation/DF-06-01 LoRA+OFT INT8/output/videos/task_03_trial_003.mp4,2026-07-28T20:36:42.275925+00:00,2026-07-28T20:36:52.594717+00:00
task_03_trial_004,df_06_01_lora_oft_int8_libero10_seed42_best_step100000,DF-04-03 LoRA+OFT INT8 Language Model,bitsandbytes,llm_int8,True,3,KITCHEN_SCENE4_put_the_black_bowl_in_the_bottom_drawer_of_the_cabinet_and_close_it,put the black bowl in the bottom drawer of the cabinet and close it,4,4,3046,True,False,success,228,228,11.466169,29,232,228,28,202.42813743393998,207.45979249477386,25.747438533264294,12.709686132311298,15.675371885299676,332.13193862345713,353.84769812226295,42.244851842457265,23.671523425606427,9.25059461593628,9.712890625,0,0,0,0,0,0,0,0,,,,,/root/autodl-tmp/openvla_efficiency_project/scripts/Simulation/DF-06-01 LoRA+OFT INT8/output/videos/task_03_trial_004.mp4,2026-07-28T20:36:52.596850+00:00,2026-07-28T20:37:04.063718+00:00
task_03_trial_005,df_06_01_lora_oft_int8_libero10_seed42_best_step100000,DF-04-03 LoRA+OFT INT8 Language Model,bitsandbytes,llm_int8,True,3,KITCHEN_SCENE4_put_the_black_bowl_in_the_bottom_drawer_of_the_cabinet_and_close_it,put the black bowl in the bottom drawer of the cabinet and close it,5,5,3047,True,False,success,207,207,10.315519,26,208,207,25,203.00233335449144,206.37430297210813,25.497877619404722,12.552381893574903,14.34302683919668,333.4458010414472,344.68364669010043,41.88208129023008,23.876559358889168,9.250595092773438,9.712890625,0,0,0,0,0,0,0,0,,,,,/root/autodl-tmp/openvla_efficiency_project/scripts/Simulation/DF-06-01 LoRA+OFT INT8/output/videos/task_03_trial_005.mp4,2026-07-28T20:37:04.065665+00:00,2026-07-28T20:37:14.381855+00:00
task_03_trial_006,df_06_01_lora_oft_int8_libero10_seed42_best_step100000,DF-04-03 LoRA+OFT INT8 Language Model,bitsandbytes,llm_int8,True,3,KITCHEN_SCENE4_put_the_black_bowl_in_the_bottom_drawer_of_the_cabinet_and_close_it,put the black bowl in the bottom drawer of the cabinet and close it,6,6,3048,True,False,success,211,211,11.155566,27,216,211,26,213.75297237601546,262.05122750252485,27.352276086030415,13.635983169785042,21.747158840298653,352.3803821730393,456.58669732511044,45.091328524512136,22.177213063402846,9.250595092773438,9.712890625,0,0,0,0,0,0,0,0,,,,,/root/autodl-tmp/openvla_efficiency_project/scripts/Simulation/DF-06-01 LoRA+OFT INT8/output/videos/task_03_trial_006.mp4,2026-07-28T20:37:14.383981+00:00,2026-07-28T20:37:25.540393+00:00
task_03_trial_007,df_06_01_lora_oft_int8_libero10_seed42_best_step100000,DF-04-03 LoRA+OFT INT8 Language Model,bitsandbytes,llm_int8,True,3,KITCHEN_SCENE4_put_the_black_bowl_in_the_bottom_drawer_of_the_cabinet_and_close_it,put the black bowl in the bottom drawer of the cabinet and close it,7,7,3049,True,False,success,210,210,10.503829,27,216,210,26,194.1416772013461,199.2868635803461,24.961072783030215,12.599454447627068,14.933434780687088,321.8143453338632,341.1679083481431,41.37613011435384,24.168524152361194,9.250596046447754,9.712890625,0,0,0,0,0,0,0,0,,,,,/root/autodl-tmp/openvla_efficiency_project/scripts/Simulation/DF-06-01 LoRA+OFT INT8/output/videos/task_03_trial_007.mp4,2026-07-28T20:37:25.542505+00:00,2026-07-28T20:37:36.047093+00:00
task_03_trial_008,df_06_01_lora_oft_int8_libero10_seed42_best_step100000,DF-04-03 LoRA+OFT INT8 Language Model,bitsandbytes,llm_int8,True,3,KITCHEN_SCENE4_put_the_black_bowl_in_the_bottom_drawer_of_the_cabinet_and_close_it,put the black bowl in the bottom drawer of the cabinet and close it,8,8,3050,True,False,success,232,232,11.201959,29,232,232,28,195.39694616506839,203.18682305514812,24.424618270633548,12.431582765139897,14.89475779235363,324.3066610061917,342.0693051069975,40.53833262577396,24.66801013330794,9.250596046447754,9.712890625,0,0,0,0,0,0,0,0,,,,,/root/autodl-tmp/openvla_efficiency_project/scripts/Simulation/DF-06-01 LoRA+OFT INT8/output/videos/task_03_trial_008.mp4,2026-07-28T20:37:36.049278+00:00,2026-07-28T20:37:47.251949+00:00
task_03_trial_009,df_06_01_lora_oft_int8_libero10_seed42_best_step100000,DF-04-03 LoRA+OFT INT8 Language Model,bitsandbytes,llm_int8,True,3,KITCHEN_SCENE4_put_the_black_bowl_in_the_bottom_drawer_of_the_cabinet_and_close_it,put the black bowl in the bottom drawer of the cabinet and close it,9,9,3051,True,False,success,227,227,11.072338,29,232,227,28,196.90829232848924,204.89146560430527,25.155684923022854,12.702449959280207,15.042213909327984,326.0558757545619,349.49801824986935,41.65471540476782,24.006885901938954,9.250596046447754,9.712890625,0,0,0,0,0,0,0,0,,,,,/root/autodl-tmp/openvla_efficiency_project/scripts/Simulation/DF-06-01 LoRA+OFT INT8/output/videos/task_03_trial_009.mp4,2026-07-28T20:37:47.253756+00:00,2026-07-28T20:37:58.326877+00:00
task_03_trial_010,df_06_01_lora_oft_int8_libero10_seed42_best_step100000,DF-04-03 LoRA+OFT INT8 Language Model,bitsandbytes,llm_int8,True,3,KITCHEN_SCENE4_put_the_black_bowl_in_the_bottom_drawer_of_the_cabinet_and_close_it,put the black bowl in the bottom drawer of the cabinet and close it,10,10,3052,True,False,success,223,223,10.752719,28,224,223,27,195.8608102452542,205.72037808597088,24.59238873034582,12.462482324095586,14.676002413034439,324.89149551838636,338.36162285879254,40.79355100679291,24.51367864085872,9.250596046447754,9.712890625,0,0,0,0,0,0,0,0,,,,,/root/autodl-tmp/openvla_efficiency_project/scripts/Simulation/DF-06-01 LoRA+OFT INT8/output/videos/task_03_trial_010.mp4,2026-07-28T20:37:58.329005+00:00,2026-07-28T20:38:09.082418+00:00
task_03_trial_011,df_06_01_lora_oft_int8_libero10_seed42_best_step100000,DF-04-03 LoRA+OFT INT8 Language Model,bitsandbytes,llm_int8,True,3,KITCHEN_SCENE4_put_the_black_bowl_in_the_bottom_drawer_of_the_cabinet_and_close_it,put the black bowl in the bottom drawer of the cabinet and close it,11,11,3053,True,False,success,254,254,12.196323,32,256,254,31,196.31539279362187,207.35995983704925,24.73264791100748,13.05432777529157,15.724160894751549,329.42975766491145,358.5953819565475,41.50296159557939,24.094666056470366,9.250596046447754,9.712890625,0,0,0,0,0,0,0,0,,,,,/root/autodl-tmp/openvla_efficiency_project/scripts/Simulation/DF-06-01 LoRA+OFT INT8/output/videos/task_03_trial_011.mp4,2026-07-28T20:38:09.084584+00:00,2026-07-28T20:38:21.281619+00:00
task_03_trial_012,df_06_01_lora_oft_int8_libero10_seed42_best_step100000,DF-04-03 LoRA+OFT INT8 Language Model,bitsandbytes,llm_int8,True,3,KITCHEN_SCENE4_put_the_black_bowl_in_the_bottom_drawer_of_the_cabinet_and_close_it,put the black bowl in the bottom drawer of the cabinet and close it,12,12,3054,True,False,success,254,254,12.046104,32,256,254,31,194.365868344903,200.83207534626126,24.48703853164132,12.49656495528193,14.941884111613035,322.9934598202817,335.56728437542915,40.692089426177226,24.574801001904316,9.25059461593628,9.712890625,0,0,0,0,0,0,0,0,,,,,/root/autodl-tmp/openvla_efficiency_project/scripts/Simulation/DF-06-01 LoRA+OFT INT8/output/videos/task_03_trial_012.mp4,2026-07-28T20:38:21.283252+00:00,2026-07-28T20:38:33.330056+00:00
task_03_trial_013,df_06_01_lora_oft_int8_libero10_seed42_best_step100000,DF-04-03 LoRA+OFT INT8 Language Model,bitsandbytes,llm_int8,True,3,KITCHEN_SCENE4_put_the_black_bowl_in_the_bottom_drawer_of_the_cabinet_and_close_it,put the black bowl in the bottom drawer of the cabinet and close it,13,13,3055,False,True,timeout,520,,23.948118,65,520,520,64,201.628013413686,209.10645723342896,25.20350167671075,13.884318634294546,19.036818202584982,342.9235615695898,374.50423315167427,42.86544519619873,23.32881404644035,9.250596523284912,9.712890625,0,0,0,0,0,0,0,0,timeout,"collapse_diagnostics={""zero_equivalent_arm_action_count"":0,""zero_equivalent_full_noop_count"":0,""repeated_action_count"":0,""repeated_chunk_count"":0,""max_consecutive_zero_equivalent_actions"":0,""max_consecutive_repeated_chunks"":0}",,,/root/autodl-tmp/openvla_efficiency_project/scripts/Simulation/DF-06-01 LoRA+OFT INT8/output/videos/task_03_trial_013.mp4,2026-07-28T20:38:33.331941+00:00,2026-07-28T20:38:57.281040+00:00
task_03_trial_014,df_06_01_lora_oft_int8_libero10_seed42_best_step100000,DF-04-03 LoRA+OFT INT8 Language Model,bitsandbytes,llm_int8,True,3,KITCHEN_SCENE4_put_the_black_bowl_in_the_bottom_drawer_of_the_cabinet_and_close_it,put the black bowl in the bottom drawer of the cabinet and close it,14,14,3056,True,False,success,223,223,11.213885,28,224,223,27,202.5476372135537,206.83548748493195,25.43199032277804,12.925420607953862,17.15742480009794,336.51460906756773,357.4870826676488,42.252955398618376,23.666983541527582,9.250595092773438,9.712890625,0,0,0,0,0,0,0,0,,,,,/root/autodl-tmp/openvla_efficiency_project/scripts/Simulation/DF-06-01 LoRA+OFT INT8/output/videos/task_03_trial_014.mp4,2026-07-28T20:38:57.284820+00:00,2026-07-28T20:39:08.499425+00:00
task_03_trial_015,df_06_01_lora_oft_int8_libero10_seed42_best_step100000,DF-04-03 LoRA+OFT INT8 Language Model,bitsandbytes,llm_int8,True,3,KITCHEN_SCENE4_put_the_black_bowl_in_the_bottom_drawer_of_the_cabinet_and_close_it,put the black bowl in the bottom drawer of the cabinet and close it,15,15,3057,True,False,success,212,212,10.970232,27,216,212,26,206.21820794487442,232.38143138587475,26.263639691092497,13.091506902128458,17.78174620121717,340.054281676809,389.9090349674225,43.30880002487662,23.089995553457936,9.250596046447754,9.712890625,0,0,0,0,0,0,0,0,,,,,/root/autodl-tmp/openvla_efficiency_project/scripts/Simulation/DF-06-01 LoRA+OFT INT8/output/videos/task_03_trial_015.mp4,2026-07-28T20:39:08.502001+00:00,2026-07-28T20:39:19.473073+00:00
task_03_trial_016,df_06_01_lora_oft_int8_libero10_seed42_best_step100000,DF-04-03 LoRA+OFT INT8 Language Model,bitsandbytes,llm_int8,True,3,KITCHEN_SCENE4_put_the_black_bowl_in_the_bottom_drawer_of_the_cabinet_and_close_it,put the black bowl in the bottom drawer of the cabinet and close it,16,16,3058,True,False,success,215,215,10.870532,27,216,215,26,199.02510478816652,208.17899946123362,24.993850368746493,13.098663195621135,17.675747908651818,334.0278498966385,355.82806039601564,41.94768347539181,23.83921869217498,9.250595569610596,9.712890625,0,0,0,0,0,0,0,0,,,,,/root/autodl-tmp/openvla_efficiency_project/scripts/Simulation/DF-06-01 LoRA+OFT INT8/output/videos/task_03_trial_016.mp4,2026-07-28T20:39:19.475258+00:00,2026-07-28T20:39:30.346604+00:00
task_03_trial_017,df_06_01_lora_oft_int8_libero10_seed42_best_step100000,DF-04-03 LoRA+OFT INT8 Language Model,bitsandbytes,llm_int8,True,3,KITCHEN_SCENE4_put_the_black_bowl_in_the_bottom_drawer_of_the_cabinet_and_close_it,put the black bowl in the bottom drawer of the cabinet and close it,17,17,3059,True,False,success,201,201,10.832371,26,208,201,25,212.83509059307667,260.948748793453,27.53090724089549,14.108344106309449,21.846778690814972,354.6196848440629,457.9173647798598,45.8712030146549,21.800169480632995,9.250595092773438,9.712890625,0,0,0,0,0,0,0,0,,,,,/root/autodl-tmp/openvla_efficiency_project/scripts/Simulation/DF-06-01 LoRA+OFT INT8/output/videos/task_03_trial_017.mp4,2026-07-28T20:39:30.348641+00:00,2026-07-28T20:39:41.181713+00:00
task_03_trial_018,df_06_01_lora_oft_int8_libero10_seed42_best_step100000,DF-04-03 LoRA+OFT INT8 Language Model,bitsandbytes,llm_int8,True,3,KITCHEN_SCENE4_put_the_black_bowl_in_the_bottom_drawer_of_the_cabinet_and_close_it,put the black bowl in the bottom drawer of the cabinet and close it,18,18,3060,True,False,success,227,227,11.035377,29,232,227,28,193.8152915701784,199.49525073170662,24.760543856983144,12.679350369564762,15.12305215001106,322.7202695762289,336.11860163509846,41.22858069476052,24.25501880366897,9.250595569610596,9.712890625,0,0,0,0,0,0,0,0,,,,,/root/autodl-tmp/openvla_efficiency_project/scripts/Simulation/DF-06-01 LoRA+OFT INT8/output/videos/task_03_trial_018.mp4,2026-07-28T20:39:41.183497+00:00,2026-07-28T20:39:52.219589+00:00
task_03_trial_019,df_06_01_lora_oft_int8_libero10_seed42_best_step100000,DF-04-03 LoRA+OFT INT8 Language Model,bitsandbytes,llm_int8,True,3,KITCHEN_SCENE4_put_the_black_bowl_in_the_bottom_drawer_of_the_cabinet_and_close_it,put the black bowl in the bottom drawer of the cabinet and close it,19,19,3061,True,False,success,211,211,10.597612,27,216,211,26,196.11510386069617,208.86171758174896,25.095297650420836,13.010024026883722,16.439717262983322,327.2293611533112,343.2263743132353,41.87295142720096,23.881765338146025,9.250595092773438,9.712890625,0,0,0,0,0,0,0,0,,,,,/root/autodl-tmp/openvla_efficiency_project/scripts/Simulation/DF-06-01 LoRA+OFT INT8/output/videos/task_03_trial_019.mp4,2026-07-28T20:39:52.221371+00:00,2026-07-28T20:40:02.819651+00:00
task_03_trial_020,df_06_01_lora_oft_int8_libero10_seed42_best_step100000,DF-04-03 LoRA+OFT INT8 Language Model,bitsandbytes,llm_int8,True,3,KITCHEN_SCENE4_put_the_black_bowl_in_the_bottom_drawer_of_the_cabinet_and_close_it,put the black bowl in the bottom drawer of the cabinet and close it,20,20,3062,True,False,success,215,215,10.629676,27,216,215,26,197.87931794093714,205.66363241523504,24.849960857699084,13.215684189006339,16.40764735639095,333.3715067969428,356.0472210869193,41.86525899310445,23.886153437261864,9.250595092773438,9.712890625,0,0,0,0,0,0,0,0,,,,,/root/autodl-tmp/openvla_efficiency_project/scripts/Simulation/DF-06-01 LoRA+OFT INT8/output/videos/task_03_trial_020.mp4,2026-07-28T20:40:02.821848+00:00,2026-07-28T20:40:13.452236+00:00
task_03_trial_021,df_06_01_lora_oft_int8_libero10_seed42_best_step100000,DF-04-03 LoRA+OFT INT8 Language Model,bitsandbytes,llm_int8,True,3,KITCHEN_SCENE4_put_the_black_bowl_in_the_bottom_drawer_of_the_cabinet_and_close_it,put the black bowl in the bottom drawer of the cabinet and close it,21,21,3063,True,False,success,220,220,10.766927,28,224,220,27,197.2661070259554,203.08390529826283,25.10659543966705,12.853743161328815,16.014194674789902,327.49971401478564,347.1315925940871,41.68178178369999,23.99129684976803,9.250595569610596,9.712890625,0,0,0,0,0,0,0,0,,,,,/root/autodl-tmp/openvla_efficiency_project/scripts/Simulation/DF-06-01 LoRA+OFT INT8/output/videos/task_03_trial_021.mp4,2026-07-28T20:40:13.454294+00:00,2026-07-28T20:40:24.222013+00:00
task_03_trial_022,df_06_01_lora_oft_int8_libero10_seed42_best_step100000,DF-04-03 LoRA+OFT INT8 Language Model,bitsandbytes,llm_int8,True,3,KITCHEN_SCENE4_put_the_black_bowl_in_the_bottom_drawer_of_the_cabinet_and_close_it,put the black bowl in the bottom drawer of the cabinet and close it,22,22,3064,True,False,success,216,216,10.419068,27,216,216,26,195.48121412043218,204.68781869858503,24.435151765054023,12.45864717013858,15.464767813682556,324.8540596277625,347.045879624784,40.606757453470316,24.62644305312633,9.250595569610596,9.712890625,0,0,0,0,0,0,0,0,,,,,/root/autodl-tmp/openvla_efficiency_project/scripts/Simulation/DF-06-01 LoRA+OFT INT8/output/videos/task_03_trial_022.mp4,2026-07-28T20:40:24.224446+00:00,2026-07-28T20:40:34.644246+00:00
task_03_trial_023,df_06_01_lora_oft_int8_libero10_seed42_best_step100000,DF-04-03 LoRA+OFT INT8 Language Model,bitsandbytes,llm_int8,True,3,KITCHEN_SCENE4_put_the_black_bowl_in_the_bottom_drawer_of_the_cabinet_and_close_it,put the black bowl in the bottom drawer of the cabinet and close it,23,23,3065,True,False,success,213,213,10.947786,27,216,213,26,200.2084512539484,205.4410519078374,25.378536074444163,13.45133307464246,17.054883763194077,336.58558599374913,352.53387950360775,42.665778506249886,23.43798789124439,9.250595092773438,9.712890625,0,0,0,0,0,0,0,0,,,,,/root/autodl-tmp/openvla_efficiency_project/scripts/Simulation/DF-06-01 LoRA+OFT INT8/output/videos/task_03_trial_023.mp4,2026-07-28T20:40:34.645924+00:00,2026-07-28T20:40:45.594426+00:00
task_03_trial_024,df_06_01_lora_oft_int8_libero10_seed42_best_step100000,DF-04-03 LoRA+OFT INT8 Language Model,bitsandbytes,llm_int8,True,3,KITCHEN_SCENE4_put_the_black_bowl_in_the_bottom_drawer_of_the_cabinet_and_close_it,put the black bowl in the bottom drawer of the cabinet and close it,24,24,3066,True,False,success,249,249,12.582589,32,256,249,31,201.7973639885895,206.19159890338778,25.93379778166612,14.036583830134935,18.792563304305077,341.7010040720925,381.209085136652,43.913382049425536,22.772101653989587,9.250595569610596,9.712890625,0,0,0,0,0,0,0,0,,,,,/root/autodl-tmp/openvla_efficiency_project/scripts/Simulation/DF-06-01 LoRA+OFT INT8/output/videos/task_03_trial_024.mp4,2026-07-28T20:40:45.596493+00:00,2026-07-28T20:40:58.179894+00:00
task_03_trial_025,df_06_01_lora_oft_int8_libero10_seed42_best_step100000,DF-04-03 LoRA+OFT INT8 Language Model,bitsandbytes,llm_int8,True,3,KITCHEN_SCENE4_put_the_black_bowl_in_the_bottom_drawer_of_the_cabinet_and_close_it,put the black bowl in the bottom drawer of the cabinet and close it,25,25,3067,True,False,success,209,209,11.580061,27,216,209,26,219.76455763258315,269.95494067668915,28.390636631960504,14.442110719364226,21.734084561467167,364.67723058605634,449.26486872136593,47.11141256374891,21.226279272497887,9.250595569610596,9.712890625,0,0,0,0,0,0,0,0,,,,,/root/autodl-tmp/openvla_efficiency_project/scripts/Simulation/DF-06-01 LoRA+OFT INT8/output/videos/task_03_trial_025.mp4,2026-07-28T20:40:58.182150+00:00,2026-07-28T20:41:09.763000+00:00
task_03_trial_026,df_06_01_lora_oft_int8_libero10_seed42_best_step100000,DF-04-03 LoRA+OFT INT8 Language Model,bitsandbytes,llm_int8,True,3,KITCHEN_SCENE4_put_the_black_bowl_in_the_bottom_drawer_of_the_cabinet_and_close_it,put the black bowl in the bottom drawer of the cabinet and close it,26,26,3068,True,False,success,217,217,11.473778,28,224,217,27,210.4760952559965,216.06571516022086,27.15820583948342,13.003484899615913,15.600797533988953,342.39344791110074,364.5069446414709,44.17979973046461,22.634778928398816,9.250596523284912,9.712890625,0,0,0,0,0,0,0,0,,,,,/root/autodl-tmp/openvla_efficiency_project/scripts/Simulation/DF-06-01 LoRA+OFT INT8/output/videos/task_03_trial_026.mp4,2026-07-28T20:41:09.765428+00:00,2026-07-28T20:41:21.239928+00:00
task_03_trial_027,df_06_01_lora_oft_int8_libero10_seed42_best_step100000,DF-04-03 LoRA+OFT INT8 Language Model,bitsandbytes,llm_int8,True,3,KITCHEN_SCENE4_put_the_black_bowl_in_the_bottom_drawer_of_the_cabinet_and_close_it,put the black bowl in the bottom drawer of the cabinet and close it,27,27,3069,True,False,success,467,467,23.459168,59,472,467,58,205.44279111012563,255.94877041876313,25.955299091000885,16.53580454914039,22.834168188273903,368.8677827496145,487.64358609914774,46.60213957650375,21.458242241396746,9.250596046447754,9.712890625,0,0,0,0,0,0,0,0,,,,,/root/autodl-tmp/openvla_efficiency_project/scripts/Simulation/DF-06-01 LoRA+OFT INT8/output/videos/task_03_trial_027.mp4,2026-07-28T20:41:21.241846+00:00,2026-07-28T20:41:44.701985+00:00
task_03_trial_028,df_06_01_lora_oft_int8_libero10_seed42_best_step100000,DF-04-03 LoRA+OFT INT8 Language Model,bitsandbytes,llm_int8,True,3,KITCHEN_SCENE4_put_the_black_bowl_in_the_bottom_drawer_of_the_cabinet_and_close_it,put the black bowl in the bottom drawer of the cabinet and close it,28,28,3070,True,False,success,235,235,11.641103,30,240,235,29,194.1117006664475,200.63258446753025,24.780217106354996,12.879051846709658,15.789321064949034,324.4269971425335,345.34770157188177,41.416212401174484,24.14513404348974,9.250595569610596,9.712890625,0,0,0,0,0,0,0,0,,,,,/root/autodl-tmp/openvla_efficiency_project/scripts/Simulation/DF-06-01 LoRA+OFT INT8/output/videos/task_03_trial_028.mp4,2026-07-28T20:41:44.704594+00:00,2026-07-28T20:41:56.346426+00:00
task_03_trial_029,df_06_01_lora_oft_int8_libero10_seed42_best_step100000,DF-04-03 LoRA+OFT INT8 Language Model,bitsandbytes,llm_int8,True,3,KITCHEN_SCENE4_put_the_black_bowl_in_the_bottom_drawer_of_the_cabinet_and_close_it,put the black bowl in the bottom drawer of the cabinet and close it,29,29,3071,True,False,success,220,220,10.799591,28,224,220,27,195.28042312179292,204.28300807252526,24.853872033682737,12.818063253706152,15.653983224183321,325.46871807426214,348.4639053232968,41.42329139126973,24.141007786038884,9.250596046447754,9.712890625,0,0,0,0,0,0,0,0,,,,,/root/autodl-tmp/openvla_efficiency_project/scripts/Simulation/DF-06-01 LoRA+OFT INT8/output/videos/task_03_trial_029.mp4,2026-07-28T20:41:56.348243+00:00,2026-07-28T20:42:07.148732+00:00
task_03_trial_030,df_06_01_lora_oft_int8_libero10_seed42_best_step100000,DF-04-03 LoRA+OFT INT8 Language Model,bitsandbytes,llm_int8,True,3,KITCHEN_SCENE4_put_the_black_bowl_in_the_bottom_drawer_of_the_cabinet_and_close_it,put the black bowl in the bottom drawer of the cabinet and close it,30,30,3072,True,False,success,221,221,10.831615,28,224,221,27,196.74858005185212,207.70569536834955,24.927421907021987,12.378963140340952,14.918530359864235,324.70161501052127,340.7970763742924,41.13866615517916,24.308031675793767,9.250595569610596,9.712890625,0,0,0,0,0,0,0,0,,,,,/root/autodl-tmp/openvla_efficiency_project/scripts/Simulation/DF-06-01 LoRA+OFT INT8/output/videos/task_03_trial_030.mp4,2026-07-28T20:42:07.150733+00:00,2026-07-28T20:42:17.983049+00:00
task_03_trial_031,df_06_01_lora_oft_int8_libero10_seed42_best_step100000,DF-04-03 LoRA+OFT INT8 Language Model,bitsandbytes,llm_int8,True,3,KITCHEN_SCENE4_put_the_black_bowl_in_the_bottom_drawer_of_the_cabinet_and_close_it,put the black bowl in the bottom drawer of the cabinet and close it,31,31,3073,True,False,success,217,217,10.876835,28,224,217,27,195.2293263083058,202.03816695138812,25.19088081397494,13.305560792989445,17.44438260793686,327.3999862638967,359.1672172769904,42.24515951792216,23.671351023677833,9.250595569610596,9.712890625,0,0,0,0,0,0,0,0,,,,,/root/autodl-tmp/openvla_efficiency_project/scripts/Simulation/DF-06-01 LoRA+OFT INT8/output/videos/task_03_trial_031.mp4,2026-07-28T20:42:17.985607+00:00,2026-07-28T20:42:28.863144+00:00
task_03_trial_032,df_06_01_lora_oft_int8_libero10_seed42_best_step100000,DF-04-03 LoRA+OFT INT8 Language Model,bitsandbytes,llm_int8,True,3,KITCHEN_SCENE4_put_the_black_bowl_in_the_bottom_drawer_of_the_cabinet_and_close_it,put the black bowl in the bottom drawer of the cabinet and close it,32,32,3074,True,False,success,252,252,12.359357,32,256,252,31,195.0298160663806,201.679799053818,24.765690929064203,13.782027938831893,18.359287176281214,333.46934156725183,365.38209673017263,42.345313214889124,23.61536434800506,9.250595092773438,9.712890625,0,0,0,0,0,0,0,0,,,,,/root/autodl-tmp/openvla_efficiency_project/scripts/Simulation/DF-06-01 LoRA+OFT INT8/output/videos/task_03_trial_032.mp4,2026-07-28T20:42:28.864736+00:00,2026-07-28T20:42:41.224810+00:00
task_03_trial_033,df_06_01_lora_oft_int8_libero10_seed42_best_step100000,DF-04-03 LoRA+OFT INT8 Language Model,bitsandbytes,llm_int8,True,3,KITCHEN_SCENE4_put_the_black_bowl_in_the_bottom_drawer_of_the_cabinet_and_close_it,put the black bowl in the bottom drawer of the cabinet and close it,33,33,3075,True,False,success,218,218,10.831693,28,224,218,27,199.94147487783007,206.01628348231316,25.680556406326797,12.577582227595903,16.27005888149142,328.0596124407436,348.425760678947,42.136097010737714,23.732620506953122,9.250595092773438,9.712890625,0,0,0,0,0,0,0,0,,,,,/root/autodl-tmp/openvla_efficiency_project/scripts/Simulation/DF-06-01 LoRA+OFT INT8/output/videos/task_03_trial_033.mp4,2026-07-28T20:42:41.226571+00:00,2026-07-28T20:42:52.059089+00:00
task_03_trial_034,df_06_01_lora_oft_int8_libero10_seed42_best_step100000,DF-04-03 LoRA+OFT INT8 Language Model,bitsandbytes,llm_int8,True,3,KITCHEN_SCENE4_put_the_black_bowl_in_the_bottom_drawer_of_the_cabinet_and_close_it,put the black bowl in the bottom drawer of the cabinet and close it,34,34,3076,True,False,success,219,219,11.114817,28,224,219,27,201.38837323923195,206.58996608108282,25.748285163006827,13.119608333938197,16.677646338939663,334.73817924303665,358.0103504471481,42.79757542833346,23.365809628037148,9.250595569610596,9.712890625,0,0,0,0,0,0,0,0,,,,,/root/autodl-tmp/openvla_efficiency_project/scripts/Simulation/DF-06-01 LoRA+OFT INT8/output/videos/task_03_trial_034.mp4,2026-07-28T20:42:52.061307+00:00,2026-07-28T20:43:03.176928+00:00
task_03_trial_035,df_06_01_lora_oft_int8_libero10_seed42_best_step100000,DF-04-03 LoRA+OFT INT8 Language Model,bitsandbytes,llm_int8,True,3,KITCHEN_SCENE4_put_the_black_bowl_in_the_bottom_drawer_of_the_cabinet_and_close_it,put the black bowl in the bottom drawer of the cabinet and close it,35,35,3077,True,False,success,212,212,10.867054,27,216,212,26,202.67866213840466,207.4993960559368,25.812848479891162,13.022969266013154,15.430126432329416,335.6265287708353,359.87508930265903,42.744888098172424,23.39461031464849,9.250595569610596,9.712890625,0,0,0,0,0,0,0,0,,,,,/root/autodl-tmp/openvla_efficiency_project/scripts/Simulation/DF-06-01 LoRA+OFT INT8/output/videos/task_03_trial_035.mp4,2026-07-28T20:43:03.179087+00:00,2026-07-28T20:43:14.046846+00:00
task_03_trial_036,df_06_01_lora_oft_int8_libero10_seed42_best_step100000,DF-04-03 LoRA+OFT INT8 Language Model,bitsandbytes,llm_int8,True,3,KITCHEN_SCENE4_put_the_black_bowl_in_the_bottom_drawer_of_the_cabinet_and_close_it,put the black bowl in the bottom drawer of the cabinet and close it,36,36,3078,True,False,success,222,222,11.785965,28,224,222,27,216.86267287337355,283.9390520937741,27.352048830875944,13.79168884375611,21.543359849601984,360.65695221935,460.373923368752,45.48826424388198,21.98369220330267,9.250595569610596,9.712890625,0,0,0,0,0,0,0,0,,,,,/root/autodl-tmp/openvla_efficiency_project/scripts/Simulation/DF-06-01 LoRA+OFT INT8/output/videos/task_03_trial_036.mp4,2026-07-28T20:43:14.049148+00:00,2026-07-28T20:43:25.835823+00:00
task_03_trial_037,df_06_01_lora_oft_int8_libero10_seed42_best_step100000,DF-04-03 LoRA+OFT INT8 Language Model,bitsandbytes,llm_int8,True,3,KITCHEN_SCENE4_put_the_black_bowl_in_the_bottom_drawer_of_the_cabinet_and_close_it,put the black bowl in the bottom drawer of the cabinet and close it,37,37,3079,True,False,success,210,210,10.65055,27,216,210,26,201.33628337471575,209.06009189784527,25.886093576749165,13.021900016991864,17.21115494146943,332.7134465453801,362.8298159688711,42.77744312726316,23.376806253356325,9.250595569610596,9.712890625,0,0,0,0,0,0,0,0,,,,,/root/autodl-tmp/openvla_efficiency_project/scripts/Simulation/DF-06-01 LoRA+OFT INT8/output/videos/task_03_trial_037.mp4,2026-07-28T20:43:25.837864+00:00,2026-07-28T20:43:36.489245+00:00
task_03_trial_038,df_06_01_lora_oft_int8_libero10_seed42_best_step100000,DF-04-03 LoRA+OFT INT8 Language Model,bitsandbytes,llm_int8,True,3,KITCHEN_SCENE4_put_the_black_bowl_in_the_bottom_drawer_of_the_cabinet_and_close_it,put the black bowl in the bottom drawer of the cabinet and close it,38,38,3080,True,False,success,210,210,10.407263,27,216,210,26,195.6560748318831,205.5638713762164,25.155781049813545,12.792003039448034,16.093258932232853,324.53697768074494,345.1311932876706,41.72618284466721,23.965767578660852,9.250595569610596,9.712890625,0,0,0,0,0,0,0,0,,,,,/root/autodl-tmp/openvla_efficiency_project/scripts/Simulation/DF-06-01 LoRA+OFT INT8/output/videos/task_03_trial_038.mp4,2026-07-28T20:43:36.491177+00:00,2026-07-28T20:43:46.899158+00:00
task_03_trial_039,df_06_01_lora_oft_int8_libero10_seed42_best_step100000,DF-04-03 LoRA+OFT INT8 Language Model,bitsandbytes,llm_int8,True,3,KITCHEN_SCENE4_put_the_black_bowl_in_the_bottom_drawer_of_the_cabinet_and_close_it,put the black bowl in the bottom drawer of the cabinet and close it,39,39,3081,True,False,success,225,225,11.087097,29,232,225,28,194.37596208319582,199.3282426148653,25.052901779611904,13.054116095105806,16.21096134185791,325.22051241891137,347.0101360231638,41.917310489548576,23.85649242093751,9.250595569610596,9.712890625,0,0,0,0,0,0,0,0,,,,,/root/autodl-tmp/openvla_efficiency_project/scripts/Simulation/DF-06-01 LoRA+OFT INT8/output/videos/task_03_trial_039.mp4,2026-07-28T20:43:46.901171+00:00,2026-07-28T20:43:57.988992+00:00
task_03_trial_040,df_06_01_lora_oft_int8_libero10_seed42_best_step100000,DF-04-03 LoRA+OFT INT8 Language Model,bitsandbytes,llm_int8,True,3,KITCHEN_SCENE4_put_the_black_bowl_in_the_bottom_drawer_of_the_cabinet_and_close_it,put the black bowl in the bottom drawer of the cabinet and close it,40,40,3082,True,False,success,211,211,10.548368,27,216,211,26,195.1321537985846,205.43498061597347,24.969517310719354,12.930944800306271,16.28150139003992,325.7603412838998,347.61661048978567,41.684972581352106,23.989460423619253,9.25059461593628,9.712890625,0,0,0,0,0,0,0,0,,,,,/root/autodl-tmp/openvla_efficiency_project/scripts/Simulation/DF-06-01 LoRA+OFT INT8/output/videos/task_03_trial_040.mp4,2026-07-28T20:43:57.990942+00:00,2026-07-28T20:44:08.539990+00:00
task_03_trial_041,df_06_01_lora_oft_int8_libero10_seed42_best_step100000,DF-04-03 LoRA+OFT INT8 Language Model,bitsandbytes,llm_int8,True,3,KITCHEN_SCENE4_put_the_black_bowl_in_the_bottom_drawer_of_the_cabinet_and_close_it,put the black bowl in the bottom drawer of the cabinet and close it,41,41,3083,True,False,success,211,211,10.42106,27,216,211,26,194.20968879152227,199.63012915104628,24.85147676479195,13.126136452595205,16.47740788757801,325.9977201620738,345.55646292865276,41.71534807761134,23.971992230281806,9.250595569610596,9.712890625,0,0,0,0,0,0,0,0,,,,,/root/autodl-tmp/openvla_efficiency_project/scripts/Simulation/DF-06-01 LoRA+OFT INT8/output/videos/task_03_trial_041.mp4,2026-07-28T20:44:08.541907+00:00,2026-07-28T20:44:18.963635+00:00
task_03_trial_042,df_06_01_lora_oft_int8_libero10_seed42_best_step100000,DF-04-03 LoRA+OFT INT8 Language Model,bitsandbytes,llm_int8,True,3,KITCHEN_SCENE4_put_the_black_bowl_in_the_bottom_drawer_of_the_cabinet_and_close_it,put the black bowl in the bottom drawer of the cabinet and close it,42,42,3084,True,False,success,237,237,11.351668,30,240,237,29,195.7007204492887,203.7297111004591,24.77224309484667,12.714109049504819,15.62486886978149,326.01327666391927,342.453836183995,41.26750337517966,24.232141957040465,9.250596046447754,9.712890625,0,0,0,0,0,0,0,0,,,,,/root/autodl-tmp/openvla_efficiency_project/scripts/Simulation/DF-06-01 LoRA+OFT INT8/output/videos/task_03_trial_042.mp4,2026-07-28T20:44:18.965675+00:00,2026-07-28T20:44:30.318137+00:00
task_03_trial_043,df_06_01_lora_oft_int8_libero10_seed42_best_step100000,DF-04-03 LoRA+OFT INT8 Language Model,bitsandbytes,llm_int8,True,3,KITCHEN_SCENE4_put_the_black_bowl_in_the_bottom_drawer_of_the_cabinet_and_close_it,put the black bowl in the bottom drawer of the cabinet and close it,43,43,3085,True,False,success,267,267,13.03903,34,272,267,33,196.6984325691181,205.4673901759088,25.04774047696635,13.712672949227947,18.81915144622326,334.0747458312441,373.08153668418527,42.54135340173146,23.50653940312344,9.250596046447754,9.712890625,0,0,0,0,0,0,0,0,,,,,/root/autodl-tmp/openvla_efficiency_project/scripts/Simulation/DF-06-01 LoRA+OFT INT8/output/videos/task_03_trial_043.mp4,2026-07-28T20:44:30.346084+00:00,2026-07-28T20:44:43.385824+00:00
task_03_trial_044,df_06_01_lora_oft_int8_libero10_seed42_best_step100000,DF-04-03 LoRA+OFT INT8 Language Model,bitsandbytes,llm_int8,True,3,KITCHEN_SCENE4_put_the_black_bowl_in_the_bottom_drawer_of_the_cabinet_and_close_it,put the black bowl in the bottom drawer of the cabinet and close it,44,44,3086,True,False,success,224,224,11.115566,28,224,224,27,200.8406319655478,210.1096585392952,25.105078995693475,13.07425757737032,18.892855197191235,336.10259615150943,353.88516327366233,42.01282451893868,23.80225589329793,9.250595569610596,9.712890625,0,0,0,0,0,0,0,0,,,,,/root/autodl-tmp/openvla_efficiency_project/scripts/Simulation/DF-06-01 LoRA+OFT INT8/output/videos/task_03_trial_044.mp4,2026-07-28T20:44:43.387929+00:00,2026-07-28T20:44:54.504201+00:00
task_03_trial_045,df_06_01_lora_oft_int8_libero10_seed42_best_step100000,DF-04-03 LoRA+OFT INT8 Language Model,bitsandbytes,llm_int8,True,3,KITCHEN_SCENE4_put_the_black_bowl_in_the_bottom_drawer_of_the_cabinet_and_close_it,put the black bowl in the bottom drawer of the cabinet and close it,45,45,3087,True,False,success,233,233,11.880707,30,240,233,29,199.2805253714323,208.15784186124802,25.65843674310287,13.802889718518237,20.820756629109383,336.51268022755784,374.4853436946869,43.327812904835774,23.07986332465886,9.250595569610596,9.712890625,0,0,0,0,0,0,0,0,,,,,/root/autodl-tmp/openvla_efficiency_project/scripts/Simulation/DF-06-01 LoRA+OFT INT8/output/videos/task_03_trial_045.mp4,2026-07-28T20:44:54.506374+00:00,2026-07-28T20:45:06.387782+00:00
task_03_trial_046,df_06_01_lora_oft_int8_libero10_seed42_best_step100000,DF-04-03 LoRA+OFT INT8 Language Model,bitsandbytes,llm_int8,True,3,KITCHEN_SCENE4_put_the_black_bowl_in_the_bottom_drawer_of_the_cabinet_and_close_it,put the black bowl in the bottom drawer of the cabinet and close it,46,46,3088,True,False,success,218,218,11.885339,28,224,218,27,216.51648497208953,284.22523802146316,27.809456785405995,14.616098536879097,22.747312951833006,363.9100495991962,462.31891913339496,46.74074031549309,21.394611922065156,9.250595569610596,9.712890625,0,0,0,0,0,0,0,0,,,,,/root/autodl-tmp/openvla_efficiency_project/scripts/Simulation/DF-06-01 LoRA+OFT INT8/output/videos/task_03_trial_046.mp4,2026-07-28T20:45:06.389691+00:00,2026-07-28T20:45:18.275782+00:00
task_03_trial_047,df_06_01_lora_oft_int8_libero10_seed42_best_step100000,DF-04-03 LoRA+OFT INT8 Language Model,bitsandbytes,llm_int8,True,3,KITCHEN_SCENE4_put_the_black_bowl_in_the_bottom_drawer_of_the_cabinet_and_close_it,put the black bowl in the bottom drawer of the cabinet and close it,47,47,3089,True,False,success,218,218,11.039149,28,224,218,27,199.5242778211832,209.1478930786252,25.626971463271236,13.266629778668968,20.75391318649053,333.2050012291542,350.6753571331501,42.79697263493724,23.366138734393836,9.250595569610596,9.712890625,0,0,0,0,0,0,0,0,,,,,/root/autodl-tmp/openvla_efficiency_project/scripts/Simulation/DF-06-01 LoRA+OFT INT8/output/videos/task_03_trial_047.mp4,2026-07-28T20:45:18.277928+00:00,2026-07-28T20:45:29.317969+00:00
task_03_trial_048,df_06_01_lora_oft_int8_libero10_seed42_best_step100000,DF-04-03 LoRA+OFT INT8 Language Model,bitsandbytes,llm_int8,True,3,KITCHEN_SCENE4_put_the_black_bowl_in_the_bottom_drawer_of_the_cabinet_and_close_it,put the black bowl in the bottom drawer of the cabinet and close it,48,48,3090,True,False,success,231,231,11.425086,29,232,231,28,201.0749318990214,211.2830962985754,25.243173268708315,12.97492715348671,17.338483594357967,334.2327270656824,354.3064024299383,41.959952748505586,23.832248000699078,9.250595569610596,9.712890625,0,0,0,0,0,0,0,0,,,,,/root/autodl-tmp/openvla_efficiency_project/scripts/Simulation/DF-06-01 LoRA+OFT INT8/output/videos/task_03_trial_048.mp4,2026-07-28T20:45:29.320111+00:00,2026-07-28T20:45:40.745891+00:00
task_03_trial_049,df_06_01_lora_oft_int8_libero10_seed42_best_step100000,DF-04-03 LoRA+OFT INT8 Language Model,bitsandbytes,llm_int8,True,3,KITCHEN_SCENE4_put_the_black_bowl_in_the_bottom_drawer_of_the_cabinet_and_close_it,put the black bowl in the bottom drawer of the cabinet and close it,49,49,3091,True,False,success,221,221,10.884078,28,224,221,27,196.6409983246454,204.1404535062611,24.9137916429415,12.719711457374949,15.55999368429184,326.23728291530693,339.4902660511434,41.33323041460903,24.19360862843556,9.250595569610596,9.712890625,0,0,0,0,0,0,0,0,,,,,/root/autodl-tmp/openvla_efficiency_project/scripts/Simulation/DF-06-01 LoRA+OFT INT8/output/videos/task_03_trial_049.mp4,2026-07-28T20:45:40.747817+00:00,2026-07-28T20:45:51.632594+00:00
task_04_trial_000,df_06_01_lora_oft_int8_libero10_seed42_best_step100000,DF-04-03 LoRA+OFT INT8 Language Model,bitsandbytes,llm_int8,True,4,LIVING_ROOM_SCENE5_put_the_white_mug_on_the_left_plate_and_put_the_yellow_and_white_mug_on_the_right_plate,put the white mug on the left plate and put the yellow and white mug on the right plate,0,0,4042,True,False,success,238,238,14.569576,30,240,238,29,196.15180107454458,203.95611012354493,24.725016942169486,16.965194206152642,20.463226642459627,361.91110281894606,389.3648924306035,45.619046573816725,21.920668560704968,9.256222248077393,9.787109375,0,0,0,0,0,0,0,0,,,,,/root/autodl-tmp/openvla_efficiency_project/scripts/Simulation/DF-06-01 LoRA+OFT INT8/output/videos/task_04_trial_000.mp4,2026-07-28T20:45:54.911177+00:00,2026-07-28T20:46:09.481544+00:00
task_04_trial_001,df_06_01_lora_oft_int8_libero10_seed42_best_step100000,DF-04-03 LoRA+OFT INT8 Language Model,bitsandbytes,llm_int8,True,4,LIVING_ROOM_SCENE5_put_the_white_mug_on_the_left_plate_and_put_the_yellow_and_white_mug_on_the_right_plate,put the white mug on the left plate and put the yellow and white mug on the right plate,1,1,4043,True,False,success,218,218,13.439454,28,224,218,27,194.9674837690379,201.75701435655355,25.041695162995694,16.104702051694787,17.817187495529637,350.70705373904536,367.6029682159424,45.04494268207922,22.20005044867872,9.256220817565918,9.787109375,0,0,0,0,0,0,0,0,,,,,/root/autodl-tmp/openvla_efficiency_project/scripts/Simulation/DF-06-01 LoRA+OFT INT8/output/videos/task_04_trial_001.mp4,2026-07-28T20:46:09.483492+00:00,2026-07-28T20:46:22.923632+00:00
task_04_trial_002,df_06_01_lora_oft_int8_libero10_seed42_best_step100000,DF-04-03 LoRA+OFT INT8 Language Model,bitsandbytes,llm_int8,True,4,LIVING_ROOM_SCENE5_put_the_white_mug_on_the_left_plate_and_put_the_yellow_and_white_mug_on_the_right_plate,put the white mug on the left plate and put the yellow and white mug on the right plate,2,2,4044,True,False,success,196,196,12.655739,25,200,196,24,197.82643303275108,206.79277665913105,25.232963397034577,17.577778082340956,20.381901413202286,365.6982162594795,386.0431261360645,46.645180645341775,21.438442003329772,9.256221294403076,9.787109375,0,0,0,0,0,0,0,0,,,,,/root/autodl-tmp/openvla_efficiency_project/scripts/Simulation/DF-06-01 LoRA+OFT INT8/output/videos/task_04_trial_002.mp4,2026-07-28T20:46:22.925708+00:00,2026-07-28T20:46:35.582253+00:00
task_04_trial_003,df_06_01_lora_oft_int8_libero10_seed42_best_step100000,DF-04-03 LoRA+OFT INT8 Language Model,bitsandbytes,llm_int8,True,4,LIVING_ROOM_SCENE5_put_the_white_mug_on_the_left_plate_and_put_the_yellow_and_white_mug_on_the_right_plate,put the white mug on the left plate and put the yellow and white mug on the right plate,3,3,4045,False,True,timeout,520,,26.762129,65,520,520,64,199.97096073168976,207.32609704136848,24.99637009146122,16.056880480251632,21.42426613718266,358.88476102397993,380.9412978589535,44.86059512799749,22.29127806144284,9.256221771240234,9.787109375,0,0,0,0,0,0,0,0,timeout,"collapse_diagnostics={""zero_equivalent_arm_action_count"":0,""zero_equivalent_full_noop_count"":0,""repeated_action_count"":0,""repeated_chunk_count"":0,""max_consecutive_zero_equivalent_actions"":0,""max_consecutive_repeated_chunks"":0}",,,/root/autodl-tmp/openvla_efficiency_project/scripts/Simulation/DF-06-01 LoRA+OFT INT8/output/videos/task_04_trial_003.mp4,2026-07-28T20:46:35.584524+00:00,2026-07-28T20:47:02.347569+00:00
task_04_trial_004,df_06_01_lora_oft_int8_libero10_seed42_best_step100000,DF-04-03 LoRA+OFT INT8 Language Model,bitsandbytes,llm_int8,True,4,LIVING_ROOM_SCENE5_put_the_white_mug_on_the_left_plate_and_put_the_yellow_and_white_mug_on_the_right_plate,put the white mug on the left plate and put the yellow and white mug on the right plate,4,4,4046,True,False,success,246,246,15.303008,31,248,246,30,205.55616734970002,233.82967989891768,25.903419462767072,17.09444323418344,23.470386862754822,373.3240951813998,428.5961389541626,47.044906303347126,21.25628635652852,9.256221294403076,9.787109375,0,0,0,0,0,0,0,0,,,,,/root/autodl-tmp/openvla_efficiency_project/scripts/Simulation/DF-06-01 LoRA+OFT INT8/output/videos/task_04_trial_004.mp4,2026-07-28T20:47:02.349890+00:00,2026-07-28T20:47:17.653602+00:00
task_04_trial_005,df_06_01_lora_oft_int8_libero10_seed42_best_step100000,DF-04-03 LoRA+OFT INT8 Language Model,bitsandbytes,llm_int8,True,4,LIVING_ROOM_SCENE5_put_the_white_mug_on_the_left_plate_and_put_the_yellow_and_white_mug_on_the_right_plate,put the white mug on the left plate and put the yellow and white mug on the right plate,5,5,4047,True,False,success,230,230,14.603059,29,232,230,28,210.906519137066,257.74924382567406,26.59256110858658,17.181043780368306,24.640272185206413,379.4528038465771,449.0590173751116,47.844049180655375,20.901240951075827,9.256222248077393,9.787109375,0,0,0,0,0,0,0,0,,,,,/root/autodl-tmp/openvla_efficiency_project/scripts/Simulation/DF-06-01 LoRA+OFT INT8/output/videos/task_04_trial_005.mp4,2026-07-28T20:47:17.655575+00:00,2026-07-28T20:47:32.259390+00:00
task_04_trial_006,df_06_01_lora_oft_int8_libero10_seed42_best_step100000,DF-04-03 LoRA+OFT INT8 Language Model,bitsandbytes,llm_int8,True,4,LIVING_ROOM_SCENE5_put_the_white_mug_on_the_left_plate_and_put_the_yellow_and_white_mug_on_the_right_plate,put the white mug on the left plate and put the yellow and white mug on the right plate,6,6,4048,False,True,timeout,520,,28.065307,65,520,520,64,205.38814403116703,259.67857874929905,25.67351800389588,16.597017373603123,20.59841277077794,370.61008171966444,454.01950404047966,46.326260214958054,21.58602907637934,9.256221771240234,9.787109375,0,0,0,0,0,0,0,0,timeout,"collapse_diagnostics={""zero_equivalent_arm_action_count"":0,""zero_equivalent_full_noop_count"":0,""repeated_action_count"":0,""repeated_chunk_count"":0,""max_consecutive_zero_equivalent_actions"":0,""max_consecutive_repeated_chunks"":0}",,,/root/autodl-tmp/openvla_efficiency_project/scripts/Simulation/DF-06-01 LoRA+OFT INT8/output/videos/task_04_trial_006.mp4,2026-07-28T20:47:32.261087+00:00,2026-07-28T20:48:00.327295+00:00
task_04_trial_007,df_06_01_lora_oft_int8_libero10_seed42_best_step100000,DF-04-03 LoRA+OFT INT8 Language Model,bitsandbytes,llm_int8,True,4,LIVING_ROOM_SCENE5_put_the_white_mug_on_the_left_plate_and_put_the_yellow_and_white_mug_on_the_right_plate,put the white mug on the left plate and put the yellow and white mug on the right plate,7,7,4049,False,True,timeout,520,,26.436604,65,520,520,64,195.12358001218394,205.16116172075272,24.390447501522992,15.58686622705024,18.482173606753346,349.36588134330054,371.5454325079918,43.67073516791257,22.898629852578214,9.256221771240234,9.787109375,0,0,0,0,0,0,0,0,timeout,"collapse_diagnostics={""zero_equivalent_arm_action_count"":0,""zero_equivalent_full_noop_count"":0,""repeated_action_count"":0,""repeated_chunk_count"":0,""max_consecutive_zero_equivalent_actions"":0,""max_consecutive_repeated_chunks"":0}",,,/root/autodl-tmp/openvla_efficiency_project/scripts/Simulation/DF-06-01 LoRA+OFT INT8/output/videos/task_04_trial_007.mp4,2026-07-28T20:48:00.330076+00:00,2026-07-28T20:48:26.767386+00:00
task_04_trial_008,df_06_01_lora_oft_int8_libero10_seed42_best_step100000,DF-04-03 LoRA+OFT INT8 Language Model,bitsandbytes,llm_int8,True,4,LIVING_ROOM_SCENE5_put_the_white_mug_on_the_left_plate_and_put_the_yellow_and_white_mug_on_the_right_plate,put the white mug on the left plate and put the yellow and white mug on the right plate,8,8,4050,True,False,success,219,219,13.793594,28,224,219,27,195.07507866780674,203.24655873700976,24.941105948395382,17.710403118231525,21.153363958001137,364.0292919506984,382.5886263512075,46.54255787497514,21.485712123649247,9.256221294403076,9.787109375,0,0,0,0,0,0,0,0,,,,,/root/autodl-tmp/openvla_efficiency_project/scripts/Simulation/DF-06-01 LoRA+OFT INT8/output/videos/task_04_trial_008.mp4,2026-07-28T20:48:26.769978+00:00,2026-07-28T20:48:40.564372+00:00
task_04_trial_009,df_06_01_lora_oft_int8_libero10_seed42_best_step100000,DF-04-03 LoRA+OFT INT8 Language Model,bitsandbytes,llm_int8,True,4,LIVING_ROOM_SCENE5_put_the_white_mug_on_the_left_plate_and_put_the_yellow_and_white_mug_on_the_right_plate,put the white mug on the left plate and put the yellow and white mug on the right plate,9,9,4051,True,False,success,235,235,15.002299,30,240,235,29,200.05611789723238,207.05963736400008,25.53907888049775,17.688662875840006,23.781697452068325,370.48416392256814,387.3109164647758,47.29585071351934,21.143503815106424,9.256221294403076,9.787109375,0,0,0,0,0,0,0,0,,,,,/root/autodl-tmp/openvla_efficiency_project/scripts/Simulation/DF-06-01 LoRA+OFT INT8/output/videos/task_04_trial_009.mp4,2026-07-28T20:48:40.566101+00:00,2026-07-28T20:48:55.569193+00:00
task_04_trial_010,df_06_01_lora_oft_int8_libero10_seed42_best_step100000,DF-04-03 LoRA+OFT INT8 Language Model,bitsandbytes,llm_int8,True,4,LIVING_ROOM_SCENE5_put_the_white_mug_on_the_left_plate_and_put_the_yellow_and_white_mug_on_the_right_plate,put the white mug on the left plate and put the yellow and white mug on the right plate,10,10,4052,True,False,success,220,220,14.083267,28,224,220,27,202.45349353977613,208.19589188322425,25.766808268698778,17.863072124733165,24.65779483318329,374.5502256123083,404.68704784289,47.670028714293785,20.977541381261045,9.256221771240234,9.787109375,0,0,0,0,0,0,0,0,,,,,/root/autodl-tmp/openvla_efficiency_project/scripts/Simulation/DF-06-01 LoRA+OFT INT8/output/videos/task_04_trial_010.mp4,2026-07-28T20:48:55.571187+00:00,2026-07-28T20:49:09.655151+00:00
task_04_trial_011,df_06_01_lora_oft_int8_libero10_seed42_best_step100000,DF-04-03 LoRA+OFT INT8 Language Model,bitsandbytes,llm_int8,True,4,LIVING_ROOM_SCENE5_put_the_white_mug_on_the_left_plate_and_put_the_yellow_and_white_mug_on_the_right_plate,put the white mug on the left plate and put the yellow and white mug on the right plate,11,11,4053,True,False,success,223,223,14.390329,28,224,223,27,214.26252934283443,276.24845104292035,26.90291848250836,17.07173758624915,24.932258203625675,386.2787929496595,488.18466821685433,48.50137310578684,20.61797297612358,9.256220817565918,9.787109375,0,0,0,0,0,0,0,0,,,,,/root/autodl-tmp/openvla_efficiency_project/scripts/Simulation/DF-06-01 LoRA+OFT INT8/output/videos/task_04_trial_011.mp4,2026-07-28T20:49:09.657036+00:00,2026-07-28T20:49:24.048053+00:00
task_04_trial_012,df_06_01_lora_oft_int8_libero10_seed42_best_step100000,DF-04-03 LoRA+OFT INT8 Language Model,bitsandbytes,llm_int8,True,4,LIVING_ROOM_SCENE5_put_the_white_mug_on_the_left_plate_and_put_the_yellow_and_white_mug_on_the_right_plate,put the white mug on the left plate and put the yellow and white mug on the right plate,12,12,4054,True,False,success,213,213,13.237938,27,216,213,26,199.8923192559569,206.79499972611666,25.338463004276225,16.378197591629387,19.254311174154275,361.6041475562034,380.925066024065,45.83714546487085,21.81636726847204,9.256221771240234,9.787109375,0,0,0,0,0,0,0,0,,,,,/root/autodl-tmp/openvla_efficiency_project/scripts/Simulation/DF-06-01 LoRA+OFT INT8/output/videos/task_04_trial_012.mp4,2026-07-28T20:49:24.050641+00:00,2026-07-28T20:49:37.289405+00:00
task_04_trial_013,df_06_01_lora_oft_int8_libero10_seed42_best_step100000,DF-04-03 LoRA+OFT INT8 Language Model,bitsandbytes,llm_int8,True,4,LIVING_ROOM_SCENE5_put_the_white_mug_on_the_left_plate_and_put_the_yellow_and_white_mug_on_the_right_plate,put the white mug on the left plate and put the yellow and white mug on the right plate,13,13,4055,True,False,success,199,199,12.395682,25,200,199,24,193.59303452074528,203.0786097049713,24.320732979993124,15.924025055526489,18.030218593776226,350.520326346159,364.83076475560665,44.035216877658165,22.709096739054846,9.256221294403076,9.787109375,0,0,0,0,0,0,0,0,,,,,/root/autodl-tmp/openvla_efficiency_project/scripts/Simulation/DF-06-01 LoRA+OFT INT8/output/videos/task_04_trial_013.mp4,2026-07-28T20:49:37.291424+00:00,2026-07-28T20:49:49.687788+00:00
task_04_trial_014,df_06_01_lora_oft_int8_libero10_seed42_best_step100000,DF-04-03 LoRA+OFT INT8 Language Model,bitsandbytes,llm_int8,True,4,LIVING_ROOM_SCENE5_put_the_white_mug_on_the_left_plate_and_put_the_yellow_and_white_mug_on_the_right_plate,put the white mug on the left plate and put the yellow and white mug on the right plate,14,14,4056,True,False,success,216,216,13.379777,27,216,216,26,193.65517277684478,199.6463529765606,24.206896597105597,17.322753676799714,21.48954477161169,362.7670237587558,384.5320863649249,45.34587796984447,22.052721102125567,9.256221294403076,9.787109375,0,0,0,0,0,0,0,0,,,,,/root/autodl-tmp/openvla_efficiency_project/scripts/Simulation/DF-06-01 LoRA+OFT INT8/output/videos/task_04_trial_014.mp4,2026-07-28T20:49:49.689628+00:00,2026-07-28T20:50:03.070175+00:00
task_04_trial_015,df_06_01_lora_oft_int8_libero10_seed42_best_step100000,DF-04-03 LoRA+OFT INT8 Language Model,bitsandbytes,llm_int8,True,4,LIVING_ROOM_SCENE5_put_the_white_mug_on_the_left_plate_and_put_the_yellow_and_white_mug_on_the_right_plate,put the white mug on the left plate and put the yellow and white mug on the right plate,15,15,4057,True,False,success,227,227,13.629898,29,232,227,28,194.46630711699353,205.26399724185467,24.843713244021203,15.93513351081489,17.448930256068707,349.0995554703063,362.54645586013794,44.598621623959836,22.422217628868765,9.256221771240234,9.787109375,0,0,0,0,0,0,0,0,,,,,/root/autodl-tmp/openvla_efficiency_project/scripts/Simulation/DF-06-01 LoRA+OFT INT8/output/videos/task_04_trial_015.mp4,2026-07-28T20:50:03.072526+00:00,2026-07-28T20:50:16.703097+00:00
task_04_trial_016,df_06_01_lora_oft_int8_libero10_seed42_best_step100000,DF-04-03 LoRA+OFT INT8 Language Model,bitsandbytes,llm_int8,True,4,LIVING_ROOM_SCENE5_put_the_white_mug_on_the_left_plate_and_put_the_yellow_and_white_mug_on_the_right_plate,put the white mug on the left plate and put the yellow and white mug on the right plate,16,16,4058,True,False,success,228,228,13.821108,29,232,228,28,195.44134263334604,205.41134662926197,24.858767264767696,17.091910893979826,20.574472006410357,359.86320629459004,381.82635493576527,45.77207448483821,21.84738208296077,9.256221771240234,9.787109375,0,0,0,0,0,0,0,0,,,,,/root/autodl-tmp/openvla_efficiency_project/scripts/Simulation/DF-06-01 LoRA+OFT INT8/output/videos/task_04_trial_016.mp4,2026-07-28T20:50:16.704763+00:00,2026-07-28T20:50:30.526751+00:00
task_04_trial_017,df_06_01_lora_oft_int8_libero10_seed42_best_step100000,DF-04-03 LoRA+OFT INT8 Language Model,bitsandbytes,llm_int8,True,4,LIVING_ROOM_SCENE5_put_the_white_mug_on_the_left_plate_and_put_the_yellow_and_white_mug_on_the_right_plate,put the white mug on the left plate and put the yellow and white mug on the right plate,17,17,4059,True,False,success,218,218,13.297651,28,224,218,27,193.9649652423603,207.18633169308305,24.912931315532518,15.848998868957572,17.525699641555548,347.15606731229593,364.3265747465193,44.58885268231324,22.427130097399058,9.256221771240234,9.787109375,0,0,0,0,0,0,0,0,,,,,/root/autodl-tmp/openvla_efficiency_project/scripts/Simulation/DF-06-01 LoRA+OFT INT8/output/videos/task_04_trial_017.mp4,2026-07-28T20:50:30.528736+00:00,2026-07-28T20:50:43.827072+00:00
task_04_trial_018,df_06_01_lora_oft_int8_libero10_seed42_best_step100000,DF-04-03 LoRA+OFT INT8 Language Model,bitsandbytes,llm_int8,True,4,LIVING_ROOM_SCENE5_put_the_white_mug_on_the_left_plate_and_put_the_yellow_and_white_mug_on_the_right_plate,put the white mug on the left plate and put the yellow and white mug on the right plate,18,18,4060,True,False,success,247,247,14.713125,31,248,247,30,199.38485324382782,204.83677554875612,25.02400992129013,16.36883688841754,19.86843720078468,360.7963047801487,372.36229982227087,45.28212732058547,22.083768126003996,9.256221771240234,9.787109375,0,0,0,0,0,0,0,0,,,,,/root/autodl-tmp/openvla_efficiency_project/scripts/Simulation/DF-06-01 LoRA+OFT INT8/output/videos/task_04_trial_018.mp4,2026-07-28T20:50:43.828687+00:00,2026-07-28T20:50:58.542492+00:00
task_04_trial_019,df_06_01_lora_oft_int8_libero10_seed42_best_step100000,DF-04-03 LoRA+OFT INT8 Language Model,bitsandbytes,llm_int8,True,4,LIVING_ROOM_SCENE5_put_the_white_mug_on_the_left_plate_and_put_the_yellow_and_white_mug_on_the_right_plate,put the white mug on the left plate and put the yellow and white mug on the right plate,19,19,4061,True,False,success,237,237,14.379459,30,240,237,29,197.5773366789023,204.38475906848907,25.009789453025608,16.728973322654074,21.36288061738014,360.3342787673076,373.27932827174664,45.61193402117818,21.924086786929223,9.256221771240234,9.787109375,0,0,0,0,0,0,0,0,,,,,/root/autodl-tmp/openvla_efficiency_project/scripts/Simulation/DF-06-01 LoRA+OFT INT8/output/videos/task_04_trial_019.mp4,2026-07-28T20:50:58.544612+00:00,2026-07-28T20:51:12.924755+00:00
task_04_trial_020,df_06_01_lora_oft_int8_libero10_seed42_best_step100000,DF-04-03 LoRA+OFT INT8 Language Model,bitsandbytes,llm_int8,True,4,LIVING_ROOM_SCENE5_put_the_white_mug_on_the_left_plate_and_put_the_yellow_and_white_mug_on_the_right_plate,put the white mug on the left plate and put the yellow and white mug on the right plate,20,20,4062,True,False,success,240,240,15.401611,30,240,240,29,202.48030542085567,210.37090169265866,25.31003817760696,18.114943460871775,21.914167050272212,378.8465114310384,405.4471695795655,47.3558139288798,21.116731337398743,9.256221771240234,9.787109375,0,0,0,0,0,0,0,0,,,,,/root/autodl-tmp/openvla_efficiency_project/scripts/Simulation/DF-06-01 LoRA+OFT INT8/output/videos/task_04_trial_020.mp4,2026-07-28T20:51:12.926716+00:00,2026-07-28T20:51:28.329259+00:00
task_04_trial_021,df_06_01_lora_oft_int8_libero10_seed42_best_step100000,DF-04-03 LoRA+OFT INT8 Language Model,bitsandbytes,llm_int8,True,4,LIVING_ROOM_SCENE5_put_the_white_mug_on_the_left_plate_and_put_the_yellow_and_white_mug_on_the_right_plate,put the white mug on the left plate and put the yellow and white mug on the right plate,21,21,4063,True,False,success,221,221,13.949345,28,224,221,27,200.52642468363047,206.8104392848909,25.406062855844585,17.458241803748574,24.03833717107773,368.86636267549227,392.1464739367366,46.734199795989966,21.39760612924424,9.256221771240234,9.787109375,0,0,0,0,0,0,0,0,,,,,/root/autodl-tmp/openvla_efficiency_project/scripts/Simulation/DF-06-01 LoRA+OFT INT8/output/videos/task_04_trial_021.mp4,2026-07-28T20:51:28.331885+00:00,2026-07-28T20:51:42.281961+00:00
task_04_trial_022,df_06_01_lora_oft_int8_libero10_seed42_best_step100000,DF-04-03 LoRA+OFT INT8 Language Model,bitsandbytes,llm_int8,True,4,LIVING_ROOM_SCENE5_put_the_white_mug_on_the_left_plate_and_put_the_yellow_and_white_mug_on_the_right_plate,put the white mug on the left plate and put the yellow and white mug on the right plate,22,22,4064,True,False,success,227,227,13.753139,29,232,227,28,194.44912575699132,201.52941830456257,24.84151826851431,16.12525704903487,18.26068628579378,350.7696700378739,372.22976833581924,44.81198427796627,22.31545904767473,9.256221294403076,9.787109375,0,0,0,0,0,0,0,0,,,,,/root/autodl-tmp/openvla_efficiency_project/scripts/Simulation/DF-06-01 LoRA+OFT INT8/output/videos/task_04_trial_022.mp4,2026-07-28T20:51:42.283932+00:00,2026-07-28T20:51:56.037740+00:00
task_04_trial_023,df_06_01_lora_oft_int8_libero10_seed42_best_step100000,DF-04-03 LoRA+OFT INT8 Language Model,bitsandbytes,llm_int8,True,4,LIVING_ROOM_SCENE5_put_the_white_mug_on_the_left_plate_and_put_the_yellow_and_white_mug_on_the_right_plate,put the white mug on the left plate and put the yellow and white mug on the right plate,23,23,4065,False,True,timeout,520,,28.650729,65,520,520,64,194.4229760995278,201.91917642951012,24.302872012440975,20.321145481788196,23.854243382811546,386.7201094730542,405.66701889038086,48.340013684131776,20.68679596440128,9.256220817565918,9.787109375,0,0,0,0,0,0,0,0,timeout,"collapse_diagnostics={""zero_equivalent_arm_action_count"":0,""zero_equivalent_full_noop_count"":0,""repeated_action_count"":0,""repeated_chunk_count"":0,""max_consecutive_zero_equivalent_actions"":0,""max_consecutive_repeated_chunks"":0}",,,/root/autodl-tmp/openvla_efficiency_project/scripts/Simulation/DF-06-01 LoRA+OFT INT8/output/videos/task_04_trial_023.mp4,2026-07-28T20:51:56.039937+00:00,2026-07-28T20:52:24.691417+00:00
task_04_trial_024,df_06_01_lora_oft_int8_libero10_seed42_best_step100000,DF-04-03 LoRA+OFT INT8 Language Model,bitsandbytes,llm_int8,True,4,LIVING_ROOM_SCENE5_put_the_white_mug_on_the_left_plate_and_put_the_yellow_and_white_mug_on_the_right_plate,put the white mug on the left plate and put the yellow and white mug on the right plate,24,24,4066,True,False,success,224,224,13.412033,28,224,224,27,194.9772289954126,202.92230769991875,24.372153624426574,16.323254643274204,18.49620845168829,356.2472543812224,371.7081627808511,44.5309067976528,22.456313421686474,9.256220817565918,9.787109375,0,0,0,0,0,0,0,0,,,,,/root/autodl-tmp/openvla_efficiency_project/scripts/Simulation/DF-06-01 LoRA+OFT INT8/output/videos/task_04_trial_024.mp4,2026-07-28T20:52:24.693696+00:00,2026-07-28T20:52:38.106465+00:00
task_04_trial_025,df_06_01_lora_oft_int8_libero10_seed42_best_step100000,DF-04-03 LoRA+OFT INT8 Language Model,bitsandbytes,llm_int8,True,4,LIVING_ROOM_SCENE5_put_the_white_mug_on_the_left_plate_and_put_the_yellow_and_white_mug_on_the_right_plate,put the white mug on the left plate and put the yellow and white mug on the right plate,25,25,4067,True,False,success,218,218,13.321535,28,224,218,27,193.47524124064617,202.51061506569386,24.850030985037122,16.072997396145393,18.24244754388928,348.6940355173179,366.03100383654237,44.78638988295826,22.328211820897657,9.256221771240234,9.787109375,0,0,0,0,0,0,0,0,,,,,/root/autodl-tmp/openvla_efficiency_project/scripts/Simulation/DF-06-01 LoRA+OFT INT8/output/videos/task_04_trial_025.mp4,2026-07-28T20:52:38.108483+00:00,2026-07-28T20:52:51.430710+00:00
task_04_trial_026,df_06_01_lora_oft_int8_libero10_seed42_best_step100000,DF-04-03 LoRA+OFT INT8 Language Model,bitsandbytes,llm_int8,True,4,LIVING_ROOM_SCENE5_put_the_white_mug_on_the_left_plate_and_put_the_yellow_and_white_mug_on_the_right_plate,put the white mug on the left plate and put the yellow and white mug on the right plate,26,26,4068,True,False,success,216,216,13.323577,27,216,216,26,198.7026649078837,206.24264515936375,24.837833113485463,16.396080238606643,21.893140394240618,361.2316312889258,377.7958758175373,45.15395391111573,22.1464548147538,9.256221294403076,9.787109375,0,0,0,0,0,0,0,0,,,,,/root/autodl-tmp/openvla_efficiency_project/scripts/Simulation/DF-06-01 LoRA+OFT INT8/output/videos/task_04_trial_026.mp4,2026-07-28T20:52:51.432590+00:00,2026-07-28T20:53:04.756851+00:00
task_04_trial_027,df_06_01_lora_oft_int8_libero10_seed42_best_step100000,DF-04-03 LoRA+OFT INT8 Language Model,bitsandbytes,llm_int8,True,4,LIVING_ROOM_SCENE5_put_the_white_mug_on_the_left_plate_and_put_the_yellow_and_white_mug_on_the_right_plate,put the white mug on the left plate and put the yellow and white mug on the right plate,27,27,4069,True,False,success,234,234,15.330615,30,240,234,29,214.09356271227202,266.0141280852258,27.447892655419487,18.435165684065247,23.370721749961373,392.2056781128049,469.97636994346976,50.282779245231396,19.88752441711614,9.256221294403076,9.787109375,0,0,0,0,0,0,0,0,,,,,/root/autodl-tmp/openvla_efficiency_project/scripts/Simulation/DF-06-01 LoRA+OFT INT8/output/videos/task_04_trial_027.mp4,2026-07-28T20:53:04.759114+00:00,2026-07-28T20:53:20.090634+00:00
task_04_trial_028,df_06_01_lora_oft_int8_libero10_seed42_best_step100000,DF-04-03 LoRA+OFT INT8 Language Model,bitsandbytes,llm_int8,True,4,LIVING_ROOM_SCENE5_put_the_white_mug_on_the_left_plate_and_put_the_yellow_and_white_mug_on_the_right_plate,put the white mug on the left plate and put the yellow and white mug on the right plate,28,28,4070,True,False,success,220,220,14.056461,28,224,220,27,202.1296533889004,210.3663306683302,25.725592249496415,18.014609000899576,22.216870635747902,375.5585914477706,404.7618040814996,47.79836618426171,20.921217184391214,9.256221294403076,9.787109375,0,0,0,0,0,0,0,0,,,,,/root/autodl-tmp/openvla_efficiency_project/scripts/Simulation/DF-06-01 LoRA+OFT INT8/output/videos/task_04_trial_028.mp4,2026-07-28T20:53:20.092607+00:00,2026-07-28T20:53:34.149798+00:00
task_04_trial_029,df_06_01_lora_oft_int8_libero10_seed42_best_step100000,DF-04-03 LoRA+OFT INT8 Language Model,bitsandbytes,llm_int8,True,4,LIVING_ROOM_SCENE5_put_the_white_mug_on_the_left_plate_and_put_the_yellow_and_white_mug_on_the_right_plate,put the white mug on the left plate and put the yellow and white mug on the right plate,29,29,4071,True,False,success,270,270,16.236802,34,272,270,33,197.98694014110987,205.48883797600865,24.93168875851013,17.52324656203941,20.25780342519283,367.3756524153492,381.91374288871884,46.26211919304397,21.61595744948842,9.256221294403076,9.787109375,0,0,0,0,0,0,0,0,,,,,/root/autodl-tmp/openvla_efficiency_project/scripts/Simulation/DF-06-01 LoRA+OFT INT8/output/videos/task_04_trial_029.mp4,2026-07-28T20:53:34.151669+00:00,2026-07-28T20:53:50.389196+00:00
task_04_trial_030,df_06_01_lora_oft_int8_libero10_seed42_best_step100000,DF-04-03 LoRA+OFT INT8 Language Model,bitsandbytes,llm_int8,True,4,LIVING_ROOM_SCENE5_put_the_white_mug_on_the_left_plate_and_put_the_yellow_and_white_mug_on_the_right_plate,put the white mug on the left plate and put the yellow and white mug on the right plate,30,30,4072,True,False,success,219,219,13.333612,28,224,219,27,196.21860215972578,201.22199328616261,25.08730986517042,16.216713067603436,18.738160468637943,353.4611253333943,373.08932254090905,45.191376754954526,22.128115401803193,9.256221771240234,9.787109375,0,0,0,0,0,0,0,0,,,,,/root/autodl-tmp/openvla_efficiency_project/scripts/Simulation/DF-06-01 LoRA+OFT INT8/output/videos/task_04_trial_030.mp4,2026-07-28T20:53:50.391145+00:00,2026-07-28T20:54:03.725517+00:00
task_04_trial_031,df_06_01_lora_oft_int8_libero10_seed42_best_step100000,DF-04-03 LoRA+OFT INT8 Language Model,bitsandbytes,llm_int8,True,4,LIVING_ROOM_SCENE5_put_the_white_mug_on_the_left_plate_and_put_the_yellow_and_white_mug_on_the_right_plate,put the white mug on the left plate and put the yellow and white mug on the right plate,31,31,4073,True,False,success,226,226,14.045755,29,232,226,28,194.5980441724432,202.23654732108116,24.970545491154216,17.31725621441033,21.650646347552538,359.27773132149514,386.7889564484358,46.102009771342296,21.69102832956352,9.256221294403076,9.787109375,0,0,0,0,0,0,0,0,,,,,/root/autodl-tmp/openvla_efficiency_project/scripts/Simulation/DF-06-01 LoRA+OFT INT8/output/videos/task_04_trial_031.mp4,2026-07-28T20:54:03.727413+00:00,2026-07-28T20:54:17.773848+00:00
task_04_trial_032,df_06_01_lora_oft_int8_libero10_seed42_best_step100000,DF-04-03 LoRA+OFT INT8 Language Model,bitsandbytes,llm_int8,True,4,LIVING_ROOM_SCENE5_put_the_white_mug_on_the_left_plate_and_put_the_yellow_and_white_mug_on_the_right_plate,put the white mug on the left plate and put the yellow and white mug on the right plate,32,32,4074,True,False,success,257,257,15.538295,33,264,257,32,202.41322983620745,241.79669246077538,25.990803831108348,16.72667923749421,20.696687325835224,363.5790617854306,428.4930396825075,46.68524917867397,21.420042038820355,9.256221294403076,9.787109375,0,0,0,0,0,0,0,0,,,,,/root/autodl-tmp/openvla_efficiency_project/scripts/Simulation/DF-06-01 LoRA+OFT INT8/output/videos/task_04_trial_032.mp4,2026-07-28T20:54:17.775798+00:00,2026-07-28T20:54:33.315224+00:00
task_04_trial_033,df_06_01_lora_oft_int8_libero10_seed42_best_step100000,DF-04-03 LoRA+OFT INT8 Language Model,bitsandbytes,llm_int8,True,4,LIVING_ROOM_SCENE5_put_the_white_mug_on_the_left_plate_and_put_the_yellow_and_white_mug_on_the_right_plate,put the white mug on the left plate and put the yellow and white mug on the right plate,33,33,4075,True,False,success,218,218,14.061331,28,224,218,27,196.596988742905,207.73391304537654,25.250989379822663,17.742478775732014,22.1331057138741,365.5053252753402,394.15514413267374,46.9456381087593,21.301233517867896,9.256221294403076,9.787109375,0,0,0,0,0,0,0,0,,,,,/root/autodl-tmp/openvla_efficiency_project/scripts/Simulation/DF-06-01 LoRA+OFT INT8/output/videos/task_04_trial_033.mp4,2026-07-28T20:54:33.320174+00:00,2026-07-28T20:54:47.382398+00:00
task_04_trial_034,df_06_01_lora_oft_int8_libero10_seed42_best_step100000,DF-04-03 LoRA+OFT INT8 Language Model,bitsandbytes,llm_int8,True,4,LIVING_ROOM_SCENE5_put_the_white_mug_on_the_left_plate_and_put_the_yellow_and_white_mug_on_the_right_plate,put the white mug on the left plate and put the yellow and white mug on the right plate,34,34,4076,False,True,timeout,520,,27.98371,65,520,520,64,204.98309235733288,232.63395763933653,25.62288654466661,17.508926826457564,23.085267189890136,376.2343591508957,421.05745822191227,47.029294893861966,21.26334239662426,9.256222248077393,9.787109375,0,0,0,0,0,0,0,0,timeout,"collapse_diagnostics={""zero_equivalent_arm_action_count"":0,""zero_equivalent_full_noop_count"":0,""repeated_action_count"":0,""repeated_chunk_count"":0,""max_consecutive_zero_equivalent_actions"":0,""max_consecutive_repeated_chunks"":0}",,,/root/autodl-tmp/openvla_efficiency_project/scripts/Simulation/DF-06-01 LoRA+OFT INT8/output/videos/task_04_trial_034.mp4,2026-07-28T20:54:47.384423+00:00,2026-07-28T20:55:15.368899+00:00
task_04_trial_035,df_06_01_lora_oft_int8_libero10_seed42_best_step100000,DF-04-03 LoRA+OFT INT8 Language Model,bitsandbytes,llm_int8,True,4,LIVING_ROOM_SCENE5_put_the_white_mug_on_the_left_plate_and_put_the_yellow_and_white_mug_on_the_right_plate,put the white mug on the left plate and put the yellow and white mug on the right plate,35,35,4077,True,False,success,227,227,15.268266,29,232,227,28,218.40530203591132,286.1532885581255,27.901998938508495,18.493292188591894,27.933174557983868,397.24308740476084,509.0085033327341,50.74911689311922,19.704776382731186,9.256221771240234,9.787109375,0,0,0,0,0,0,0,0,,,,,/root/autodl-tmp/openvla_efficiency_project/scripts/Simulation/DF-06-01 LoRA+OFT INT8/output/videos/task_04_trial_035.mp4,2026-07-28T20:55:15.371180+00:00,2026-07-28T20:55:30.640247+00:00
task_04_trial_036,df_06_01_lora_oft_int8_libero10_seed42_best_step100000,DF-04-03 LoRA+OFT INT8 Language Model,bitsandbytes,llm_int8,True,4,LIVING_ROOM_SCENE5_put_the_white_mug_on_the_left_plate_and_put_the_yellow_and_white_mug_on_the_right_plate,put the white mug on the left plate and put the yellow and white mug on the right plate,36,36,4078,True,False,success,215,215,13.625034,27,216,215,26,199.6585118273894,206.05086535215378,25.07339450855588,17.635235484949376,22.39247150719165,371.94013140267793,390.81502482295036,46.70876068777816,21.40925996055512,9.256221294403076,9.787109375,0,0,0,0,0,0,0,0,,,,,/root/autodl-tmp/openvla_efficiency_project/scripts/Simulation/DF-06-01 LoRA+OFT INT8/output/videos/task_04_trial_036.mp4,2026-07-28T20:55:30.642284+00:00,2026-07-28T20:55:44.268075+00:00
task_04_trial_037,df_06_01_lora_oft_int8_libero10_seed42_best_step100000,DF-04-03 LoRA+OFT INT8 Language Model,bitsandbytes,llm_int8,True,4,LIVING_ROOM_SCENE5_put_the_white_mug_on_the_left_plate_and_put_the_yellow_and_white_mug_on_the_right_plate,put the white mug on the left plate and put the yellow and white mug on the right plate,37,37,4079,True,False,success,250,250,15.268817,32,256,250,31,194.8034344241023,202.86365495994687,24.934839606285095,17.276626408100128,21.888545621186495,360.02970818663016,391.50772588327527,46.08380264788866,21.69959817857642,9.256221771240234,9.787109375,0,0,0,0,0,0,0,0,,,,,/root/autodl-tmp/openvla_efficiency_project/scripts/Simulation/DF-06-01 LoRA+OFT INT8/output/videos/task_04_trial_037.mp4,2026-07-28T20:55:44.270439+00:00,2026-07-28T20:55:59.540050+00:00
task_04_trial_038,df_06_01_lora_oft_int8_libero10_seed42_best_step100000,DF-04-03 LoRA+OFT INT8 Language Model,bitsandbytes,llm_int8,True,4,LIVING_ROOM_SCENE5_put_the_white_mug_on_the_left_plate_and_put_the_yellow_and_white_mug_on_the_right_plate,put the white mug on the left plate and put the yellow and white mug on the right plate,38,38,4080,True,False,success,228,228,13.920392,29,232,228,28,200.5562256250916,226.3114687055349,25.509344487402,16.15576113557868,18.408060725778338,358.29782190507854,409.63171645998955,45.57296857564596,21.94283214928414,9.256220817565918,9.787109375,0,0,0,0,0,0,0,0,,,,,/root/autodl-tmp/openvla_efficiency_project/scripts/Simulation/DF-06-01 LoRA+OFT INT8/output/videos/task_04_trial_038.mp4,2026-07-28T20:55:59.542138+00:00,2026-07-28T20:56:13.463269+00:00
task_04_trial_039,df_06_01_lora_oft_int8_libero10_seed42_best_step100000,DF-04-03 LoRA+OFT INT8 Language Model,bitsandbytes,llm_int8,True,4,LIVING_ROOM_SCENE5_put_the_white_mug_on_the_left_plate_and_put_the_yellow_and_white_mug_on_the_right_plate,put the white mug on the left plate and put the yellow and white mug on the right plate,39,39,4081,True,False,success,205,205,12.81135,26,208,205,25,194.68352714410196,200.7002984173596,24.691569296325124,16.054079445396983,17.876611277461052,351.38445283071354,362.72246204316616,44.56583304194415,22.438714408386062,9.256221294403076,9.787109375,0,0,0,0,0,0,0,0,,,,,/root/autodl-tmp/openvla_efficiency_project/scripts/Simulation/DF-06-01 LoRA+OFT INT8/output/videos/task_04_trial_039.mp4,2026-07-28T20:56:13.464817+00:00,2026-07-28T20:56:26.276856+00:00
task_04_trial_040,df_06_01_lora_oft_int8_libero10_seed42_best_step100000,DF-04-03 LoRA+OFT INT8 Language Model,bitsandbytes,llm_int8,True,4,LIVING_ROOM_SCENE5_put_the_white_mug_on_the_left_plate_and_put_the_yellow_and_white_mug_on_the_right_plate,put the white mug on the left plate and put the yellow and white mug on the right plate,40,40,4082,True,False,success,217,217,13.219129,28,224,217,27,194.90253566099065,201.16369565948844,25.148714278837502,15.909165907908694,17.177345976233482,348.85743393429686,363.82467774674296,45.01386244313508,22.215378679474032,9.256220817565918,9.787109375,0,0,0,0,0,0,0,0,,,,,/root/autodl-tmp/openvla_efficiency_project/scripts/Simulation/DF-06-01 LoRA+OFT INT8/output/videos/task_04_trial_040.mp4,2026-07-28T20:56:26.278550+00:00,2026-07-28T20:56:39.498514+00:00
task_04_trial_041,df_06_01_lora_oft_int8_libero10_seed42_best_step100000,DF-04-03 LoRA+OFT INT8 Language Model,bitsandbytes,llm_int8,True,4,LIVING_ROOM_SCENE5_put_the_white_mug_on_the_left_plate_and_put_the_yellow_and_white_mug_on_the_right_plate,put the white mug on the left plate and put the yellow and white mug on the right plate,41,41,4083,True,False,success,230,230,14.268949,29,232,230,28,194.76925485349935,199.64562766253948,24.5578625684847,17.57544192445019,20.210384856909513,364.23735217801453,388.3228484541177,45.925579187662706,21.77435794361493,9.256221294403076,9.787109375,0,0,0,0,0,0,0,0,,,,,/root/autodl-tmp/openvla_efficiency_project/scripts/Simulation/DF-06-01 LoRA+OFT INT8/output/videos/task_04_trial_041.mp4,2026-07-28T20:56:39.500659+00:00,2026-07-28T20:56:53.770393+00:00
task_04_trial_042,df_06_01_lora_oft_int8_libero10_seed42_best_step100000,DF-04-03 LoRA+OFT INT8 Language Model,bitsandbytes,llm_int8,True,4,LIVING_ROOM_SCENE5_put_the_white_mug_on_the_left_plate_and_put_the_yellow_and_white_mug_on_the_right_plate,put the white mug on the left plate and put the yellow and white mug on the right plate,42,42,4084,True,False,success,227,227,13.937245,29,232,227,28,199.20874534752863,204.57952320575714,25.449575396820837,16.437078805615723,20.494817011058327,358.72961060497266,372.8866931051016,45.828892984776246,21.82029577568428,9.256221294403076,9.787109375,0,0,0,0,0,0,0,0,,,,,/root/autodl-tmp/openvla_efficiency_project/scripts/Simulation/DF-06-01 LoRA+OFT INT8/output/videos/task_04_trial_042.mp4,2026-07-28T20:56:53.772553+00:00,2026-07-28T20:57:07.710458+00:00
task_04_trial_043,df_06_01_lora_oft_int8_libero10_seed42_best_step100000,DF-04-03 LoRA+OFT INT8 Language Model,bitsandbytes,llm_int8,True,4,LIVING_ROOM_SCENE5_put_the_white_mug_on_the_left_plate_and_put_the_yellow_and_white_mug_on_the_right_plate,put the white mug on the left plate and put the yellow and white mug on the right plate,43,43,4085,True,False,success,225,225,14.628125,29,232,225,28,213.35833795882505,252.37315371632576,27.499519114693005,17.00248578356372,22.46252708137034,379.3557161015683,469.1063541918993,48.89473674197992,20.452099073097628,9.256221294403076,9.787109375,0,0,0,0,0,0,0,0,,,,,/root/autodl-tmp/openvla_efficiency_project/scripts/Simulation/DF-06-01 LoRA+OFT INT8/output/videos/task_04_trial_043.mp4,2026-07-28T20:57:07.712149+00:00,2026-07-28T20:57:22.341133+00:00
task_04_trial_044,df_06_01_lora_oft_int8_libero10_seed42_best_step100000,DF-04-03 LoRA+OFT INT8 Language Model,bitsandbytes,llm_int8,True,4,LIVING_ROOM_SCENE5_put_the_white_mug_on_the_left_plate_and_put_the_yellow_and_white_mug_on_the_right_plate,put the white mug on the left plate and put the yellow and white mug on the right plate,44,44,4086,True,False,success,234,234,14.775165,30,240,234,29,200.13259363671145,206.66054878383875,25.658024825219414,17.407695372772015,22.332507371902466,368.1507842615247,388.96301565691823,47.198818495067265,21.186971027770742,9.256221294403076,9.787109375,0,0,0,0,0,0,0,0,,,,,/root/autodl-tmp/openvla_efficiency_project/scripts/Simulation/DF-06-01 LoRA+OFT INT8/output/videos/task_04_trial_044.mp4,2026-07-28T20:57:22.342927+00:00,2026-07-28T20:57:37.118865+00:00
task_04_trial_045,df_06_01_lora_oft_int8_libero10_seed42_best_step100000,DF-04-03 LoRA+OFT INT8 Language Model,bitsandbytes,llm_int8,True,4,LIVING_ROOM_SCENE5_put_the_white_mug_on_the_left_plate_and_put_the_yellow_and_white_mug_on_the_right_plate,put the white mug on the left plate and put the yellow and white mug on the right plate,45,45,4087,True,False,success,226,226,13.825142,29,232,226,28,196.5543402936952,202.06358097493649,25.221574639456463,16.259285629586834,19.297806080430746,353.2275508061565,370.7163389772177,45.32565917424132,22.062558343736175,9.256221771240234,9.787109375,0,0,0,0,0,0,0,0,,,,,/root/autodl-tmp/openvla_efficiency_project/scripts/Simulation/DF-06-01 LoRA+OFT INT8/output/videos/task_04_trial_045.mp4,2026-07-28T20:57:37.120817+00:00,2026-07-28T20:57:50.946609+00:00
task_04_trial_046,df_06_01_lora_oft_int8_libero10_seed42_best_step100000,DF-04-03 LoRA+OFT INT8 Language Model,bitsandbytes,llm_int8,True,4,LIVING_ROOM_SCENE5_put_the_white_mug_on_the_left_plate_and_put_the_yellow_and_white_mug_on_the_right_plate,put the white mug on the left plate and put the yellow and white mug on the right plate,46,46,4088,True,False,success,262,262,15.042277,33,264,262,32,193.6240161797314,201.4919925481081,24.38775776309594,16.243638755142232,19.48869088664651,352.84003615379333,368.6225425451994,44.44168394303504,22.501397590644657,9.256221771240234,9.787109375,0,0,0,0,0,0,0,0,,,,,/root/autodl-tmp/openvla_efficiency_project/scripts/Simulation/DF-06-01 LoRA+OFT INT8/output/videos/task_04_trial_046.mp4,2026-07-28T20:57:50.948259+00:00,2026-07-28T20:58:05.991350+00:00
task_04_trial_047,df_06_01_lora_oft_int8_libero10_seed42_best_step100000,DF-04-03 LoRA+OFT INT8 Language Model,bitsandbytes,llm_int8,True,4,LIVING_ROOM_SCENE5_put_the_white_mug_on_the_left_plate_and_put_the_yellow_and_white_mug_on_the_right_plate,put the white mug on the left plate and put the yellow and white mug on the right plate,47,47,4089,True,False,success,229,229,13.903525,29,232,229,28,194.01239494568316,199.73124638199806,24.56925525513018,16.218939430068154,18.026955798268318,352.441500615457,373.5016703605652,44.63232977226311,22.4052834593782,9.256221294403076,9.787109375,0,0,0,0,0,0,0,0,,,,,/root/autodl-tmp/openvla_efficiency_project/scripts/Simulation/DF-06-01 LoRA+OFT INT8/output/videos/task_04_trial_047.mp4,2026-07-28T20:58:05.993555+00:00,2026-07-28T20:58:19.897748+00:00
task_04_trial_048,df_06_01_lora_oft_int8_libero10_seed42_best_step100000,DF-04-03 LoRA+OFT INT8 Language Model,bitsandbytes,llm_int8,True,4,LIVING_ROOM_SCENE5_put_the_white_mug_on_the_left_plate_and_put_the_yellow_and_white_mug_on_the_right_plate,put the white mug on the left plate and put the yellow and white mug on the right plate,48,48,4090,True,False,success,224,224,13.688041,28,224,224,27,193.99932399392128,201.63957588374615,24.24991549924016,17.550956358068756,21.28900233656168,364.805146719196,381.62311371415854,45.6006433398995,21.929515172541947,9.256220817565918,9.787109375,0,0,0,0,0,0,0,0,,,,,/root/autodl-tmp/openvla_efficiency_project/scripts/Simulation/DF-06-01 LoRA+OFT INT8/output/videos/task_04_trial_048.mp4,2026-07-28T20:58:19.899490+00:00,2026-07-28T20:58:33.588208+00:00
task_04_trial_049,df_06_01_lora_oft_int8_libero10_seed42_best_step100000,DF-04-03 LoRA+OFT INT8 Language Model,bitsandbytes,llm_int8,True,4,LIVING_ROOM_SCENE5_put_the_white_mug_on_the_left_plate_and_put_the_yellow_and_white_mug_on_the_right_plate,put the white mug on the left plate and put the yellow and white mug on the right plate,49,49,4091,True,False,success,272,272,15.545467,34,272,272,33,194.29182688541272,200.8823711425066,24.28647836067659,16.245575416285327,18.950151745229952,354.703881942174,369.66009391471744,44.33798524277175,22.554024377168243,9.256222248077393,9.787109375,0,0,0,0,0,0,0,0,,,,,/root/autodl-tmp/openvla_efficiency_project/scripts/Simulation/DF-06-01 LoRA+OFT INT8/output/videos/task_04_trial_049.mp4,2026-07-28T20:58:33.590362+00:00,2026-07-28T20:58:49.136682+00:00
task_05_trial_000,df_06_01_lora_oft_int8_libero10_seed42_best_step100000,DF-04-03 LoRA+OFT INT8 Language Model,bitsandbytes,llm_int8,True,5,STUDY_SCENE1_pick_up_the_book_and_place_it_in_the_back_compartment_of_the_caddy,pick up the book and place it in the back compartment of the caddy,0,0,5042,True,False,success,171,171,9.03988,22,176,171,21,200.90229402888906,209.84059777110815,25.847078763950638,10.761469047059093,12.412031181156635,312.9884040152485,326.28425834700465,40.26751396687407,24.833914525308078,9.250595569610596,9.787109375,0,0,0,0,0,0,0,0,,,,,/root/autodl-tmp/openvla_efficiency_project/scripts/Simulation/DF-06-01 LoRA+OFT INT8/output/videos/task_05_trial_000.mp4,2026-07-28T20:58:51.283603+00:00,2026-07-28T20:59:00.324203+00:00
task_05_trial_001,df_06_01_lora_oft_int8_libero10_seed42_best_step100000,DF-04-03 LoRA+OFT INT8 Language Model,bitsandbytes,llm_int8,True,5,STUDY_SCENE1_pick_up_the_book_and_place_it_in_the_back_compartment_of_the_caddy,pick up the book and place it in the back compartment of the caddy,1,1,5043,True,False,success,196,196,10.272333,25,200,196,24,205.3415761142969,259.0865399688482,26.191527565599095,11.202965425897618,17.58274855092168,322.9095494002104,406.3823021948335,41.18744252553704,24.2792448057434,9.250595569610596,9.787109375,0,0,0,0,0,0,0,0,,,,,/root/autodl-tmp/openvla_efficiency_project/scripts/Simulation/DF-06-01 LoRA+OFT INT8/output/videos/task_05_trial_001.mp4,2026-07-28T20:59:00.326169+00:00,2026-07-28T20:59:10.599763+00:00
task_05_trial_002,df_06_01_lora_oft_int8_libero10_seed42_best_step100000,DF-04-03 LoRA+OFT INT8 Language Model,bitsandbytes,llm_int8,True,5,STUDY_SCENE1_pick_up_the_book_and_place_it_in_the_back_compartment_of_the_caddy,pick up the book and place it in the back compartment of the caddy,2,2,5044,True,False,success,451,451,20.936566,57,456,451,56,198.38532266256055,205.93041144311428,25.073089560456655,11.809612890734376,14.226741157472134,321.8288577504848,336.9695533066988,40.67460064695706,24.585367381469588,9.25059461593628,9.787109375,0,0,0,0,0,0,0,0,,,,,/root/autodl-tmp/openvla_efficiency_project/scripts/Simulation/DF-06-01 LoRA+OFT INT8/output/videos/task_05_trial_002.mp4,2026-07-28T20:59:10.602106+00:00,2026-07-28T20:59:31.539703+00:00
task_05_trial_003,df_06_01_lora_oft_int8_libero10_seed42_best_step100000,DF-04-03 LoRA+OFT INT8 Language Model,bitsandbytes,llm_int8,True,5,STUDY_SCENE1_pick_up_the_book_and_place_it_in_the_back_compartment_of_the_caddy,pick up the book and place it in the back compartment of the caddy,3,3,5045,True,False,success,202,202,10.42532,26,208,202,25,199.67721961438656,205.32833458855748,25.70102826719827,10.603574298248432,12.715636938810347,311.8080683768942,327.82267360016704,40.13371177128341,24.916708569066937,9.250595569610596,9.787109375,0,0,0,0,0,0,0,0,,,,,/root/autodl-tmp/openvla_efficiency_project/scripts/Simulation/DF-06-01 LoRA+OFT INT8/output/videos/task_05_trial_003.mp4,2026-07-28T20:59:31.541484+00:00,2026-07-28T20:59:41.967497+00:00
task_05_trial_004,df_06_01_lora_oft_int8_libero10_seed42_best_step100000,DF-04-03 LoRA+OFT INT8 Language Model,bitsandbytes,llm_int8,True,5,STUDY_SCENE1_pick_up_the_book_and_place_it_in_the_back_compartment_of_the_caddy,pick up the book and place it in the back compartment of the caddy,4,4,5046,True,False,success,170,170,9.073576,22,176,170,21,197.02890760857952,204.46403371170163,25.497858631698524,10.859699963646776,12.695183046162127,310.67295440218663,323.77302162349224,40.20473527557709,24.87269206340138,9.250595569610596,9.787109375,0,0,0,0,0,0,0,0,,,,,/root/autodl-tmp/openvla_efficiency_project/scripts/Simulation/DF-06-01 LoRA+OFT INT8/output/videos/task_05_trial_004.mp4,2026-07-28T20:59:41.969513+00:00,2026-07-28T20:59:51.043787+00:00
task_05_trial_005,df_06_01_lora_oft_int8_libero10_seed42_best_step100000,DF-04-03 LoRA+OFT INT8 Language Model,bitsandbytes,llm_int8,True,5,STUDY_SCENE1_pick_up_the_book_and_place_it_in_the_back_compartment_of_the_caddy,pick up the book and place it in the back compartment of the caddy,5,5,5047,True,False,success,220,220,10.555241,28,224,220,27,193.32185720226593,199.54011775553226,24.60460000756112,10.342929639260877,12.411062512546778,303.16992596324,317.90038142353296,38.585263304412365,25.916630194036966,9.250596523284912,9.787109375,0,0,0,0,0,0,0,0,,,,,/root/autodl-tmp/openvla_efficiency_project/scripts/Simulation/DF-06-01 LoRA+OFT INT8/output/videos/task_05_trial_005.mp4,2026-07-28T20:59:51.045835+00:00,2026-07-28T21:00:01.601787+00:00
task_05_trial_006,df_06_01_lora_oft_int8_libero10_seed42_best_step100000,DF-04-03 LoRA+OFT INT8 Language Model,bitsandbytes,llm_int8,True,5,STUDY_SCENE1_pick_up_the_book_and_place_it_in_the_back_compartment_of_the_caddy,pick up the book and place it in the back compartment of the caddy,6,6,5048,True,False,success,160,160,8.304123,20,160,160,19,194.15114168077707,208.6876374669373,24.268892710097134,10.39942146744579,11.282790545374155,306.6323474980891,319.2892452701926,38.329043437261134,26.089876248460236,9.250596046447754,9.787109375,0,0,0,0,0,0,0,0,,,,,/root/autodl-tmp/openvla_efficiency_project/scripts/Simulation/DF-06-01 LoRA+OFT INT8/output/videos/task_05_trial_006.mp4,2026-07-28T21:00:01.603719+00:00,2026-07-28T21:00:09.908636+00:00
task_05_trial_007,df_06_01_lora_oft_int8_libero10_seed42_best_step100000,DF-04-03 LoRA+OFT INT8 Language Model,bitsandbytes,llm_int8,True,5,STUDY_SCENE1_pick_up_the_book_and_place_it_in_the_back_compartment_of_the_caddy,pick up the book and place it in the back compartment of the caddy,7,7,5049,False,True,timeout,520,,22.600707,65,520,520,64,193.64451702970726,202.14876122772694,24.205564628713407,11.578252617842876,13.113880157470703,315.0645858393266,328.2951332628727,39.38307322991582,25.39161924114111,9.250595092773438,9.787109375,0,0,0,0,0,0,0,0,timeout,"collapse_diagnostics={""zero_equivalent_arm_action_count"":0,""zero_equivalent_full_noop_count"":0,""repeated_action_count"":0,""repeated_chunk_count"":0,""max_consecutive_zero_equivalent_actions"":0,""max_consecutive_repeated_chunks"":0}",,,/root/autodl-tmp/openvla_efficiency_project/scripts/Simulation/DF-06-01 LoRA+OFT INT8/output/videos/task_05_trial_007.mp4,2026-07-28T21:00:09.910578+00:00,2026-07-28T21:00:32.512171+00:00
task_05_trial_008,df_06_01_lora_oft_int8_libero10_seed42_best_step100000,DF-04-03 LoRA+OFT INT8 Language Model,bitsandbytes,llm_int8,True,5,STUDY_SCENE1_pick_up_the_book_and_place_it_in_the_back_compartment_of_the_caddy,pick up the book and place it in the back compartment of the caddy,8,8,5050,True,False,success,161,161,8.547108,21,168,161,20,191.17765226179645,196.28086127340794,24.936215512408232,10.291936118965564,11.445464566349983,298.27457897010305,310.3773985058069,38.905379865665616,25.70338609860252,9.250595092773438,9.787109375,0,0,0,0,0,0,0,0,,,,,/root/autodl-tmp/openvla_efficiency_project/scripts/Simulation/DF-06-01 LoRA+OFT INT8/output/videos/task_05_trial_008.mp4,2026-07-28T21:00:32.514547+00:00,2026-07-28T21:00:41.062345+00:00
task_05_trial_009,df_06_01_lora_oft_int8_libero10_seed42_best_step100000,DF-04-03 LoRA+OFT INT8 Language Model,bitsandbytes,llm_int8,True,5,STUDY_SCENE1_pick_up_the_book_and_place_it_in_the_back_compartment_of_the_caddy,pick up the book and place it in the back compartment of the caddy,9,9,5051,True,False,success,156,156,8.138715,20,160,156,19,192.8595058619976,199.4479381479323,24.725577674615078,10.294519663334658,10.986666660755873,301.9842772744596,309.96592678129673,38.71593298390508,25.829159287358987,9.250596046447754,9.787109375,0,0,0,0,0,0,0,0,,,,,/root/autodl-tmp/openvla_efficiency_project/scripts/Simulation/DF-06-01 LoRA+OFT INT8/output/videos/task_05_trial_009.mp4,2026-07-28T21:00:41.063873+00:00,2026-07-28T21:00:49.203256+00:00
task_05_trial_010,df_06_01_lora_oft_int8_libero10_seed42_best_step100000,DF-04-03 LoRA+OFT INT8 Language Model,bitsandbytes,llm_int8,True,5,STUDY_SCENE1_pick_up_the_book_and_place_it_in_the_back_compartment_of_the_caddy,pick up the book and place it in the back compartment of the caddy,10,10,5052,True,False,success,165,165,8.528357,21,168,165,20,193.96053946443968,197.77702540159225,24.685886840928685,10.358170916636785,12.152811139822003,304.25885115705785,314.9762526154518,38.72385378362554,25.82387604259708,9.250595092773438,9.787109375,0,0,0,0,0,0,0,0,,,,,/root/autodl-tmp/openvla_efficiency_project/scripts/Simulation/DF-06-01 LoRA+OFT INT8/output/videos/task_05_trial_010.mp4,2026-07-28T21:00:49.205004+00:00,2026-07-28T21:00:57.734100+00:00
task_05_trial_011,df_06_01_lora_oft_int8_libero10_seed42_best_step100000,DF-04-03 LoRA+OFT INT8 Language Model,bitsandbytes,llm_int8,True,5,STUDY_SCENE1_pick_up_the_book_and_place_it_in_the_back_compartment_of_the_caddy,pick up the book and place it in the back compartment of the caddy,11,11,5053,True,False,success,171,171,9.666611,22,176,171,21,216.7035484347831,267.527730576694,27.879988687515954,11.550820634117601,17.75836106389761,339.3733744424853,408.0246356315911,43.662071565699854,22.90317348995374,9.25059461593628,9.787109375,0,0,0,0,0,0,0,0,,,,,/root/autodl-tmp/openvla_efficiency_project/scripts/Simulation/DF-06-01 LoRA+OFT INT8/output/videos/task_05_trial_011.mp4,2026-07-28T21:00:57.735947+00:00,2026-07-28T21:01:07.403369+00:00
task_05_trial_012,df_06_01_lora_oft_int8_libero10_seed42_best_step100000,DF-04-03 LoRA+OFT INT8 Language Model,bitsandbytes,llm_int8,True,5,STUDY_SCENE1_pick_up_the_book_and_place_it_in_the_back_compartment_of_the_caddy,pick up the book and place it in the back compartment of the caddy,12,12,5054,True,False,success,157,157,8.549266,20,160,157,19,199.32465218007565,204.46950094774365,25.391675436952312,10.656528685028386,11.378712207078934,312.8806778229773,319.1675684414804,39.85741118764042,25.089436824991154,9.250596046447754,9.787109375,0,0,0,0,0,0,0,0,,,,,/root/autodl-tmp/openvla_efficiency_project/scripts/Simulation/DF-06-01 LoRA+OFT INT8/output/videos/task_05_trial_012.mp4,2026-07-28T21:01:07.405403+00:00,2026-07-28T21:01:15.955477+00:00
task_05_trial_013,df_06_01_lora_oft_int8_libero10_seed42_best_step100000,DF-04-03 LoRA+OFT INT8 Language Model,bitsandbytes,llm_int8,True,5,STUDY_SCENE1_pick_up_the_book_and_place_it_in_the_back_compartment_of_the_caddy,pick up the book and place it in the back compartment of the caddy,13,13,5055,True,False,success,164,164,9.621072,21,168,164,20,216.66857901783217,267.75855384767056,27.744147313258996,11.200684327177886,16.513471864163876,338.38589223367825,422.6956106722355,43.32990083480027,23.07875117952851,9.250595569610596,9.787109375,0,0,0,0,0,0,0,0,,,,,/root/autodl-tmp/openvla_efficiency_project/scripts/Simulation/DF-06-01 LoRA+OFT INT8/output/videos/task_05_trial_013.mp4,2026-07-28T21:01:15.957694+00:00,2026-07-28T21:01:25.579599+00:00
task_05_trial_014,df_06_01_lora_oft_int8_libero10_seed42_best_step100000,DF-04-03 LoRA+OFT INT8 Language Model,bitsandbytes,llm_int8,True,5,STUDY_SCENE1_pick_up_the_book_and_place_it_in_the_back_compartment_of_the_caddy,pick up the book and place it in the back compartment of the caddy,14,14,5056,False,True,timeout,520,,23.604746,65,520,520,64,201.49661675095558,210.04000939428806,25.187077093869448,11.736562368101799,15.014154091477339,325.36892165931374,338.73862884938717,40.67111520741422,24.58747430209888,9.250595092773438,9.787109375,0,0,0,0,0,0,0,0,timeout,"collapse_diagnostics={""zero_equivalent_arm_action_count"":0,""zero_equivalent_full_noop_count"":0,""repeated_action_count"":0,""repeated_chunk_count"":0,""max_consecutive_zero_equivalent_actions"":0,""max_consecutive_repeated_chunks"":0}",,,/root/autodl-tmp/openvla_efficiency_project/scripts/Simulation/DF-06-01 LoRA+OFT INT8/output/videos/task_05_trial_014.mp4,2026-07-28T21:01:25.581439+00:00,2026-07-28T21:01:49.187201+00:00
task_05_trial_015,df_06_01_lora_oft_int8_libero10_seed42_best_step100000,DF-04-03 LoRA+OFT INT8 Language Model,bitsandbytes,llm_int8,True,5,STUDY_SCENE1_pick_up_the_book_and_place_it_in_the_back_compartment_of_the_caddy,pick up the book and place it in the back compartment of the caddy,15,15,5057,True,False,success,182,182,9.541981,23,184,182,22,195.51165871646094,200.8743517100811,24.707517310321986,10.713387720778094,12.592309154570103,309.40352647524816,324.32186640799046,39.10044565346542,25.575156070155206,9.25059461593628,9.787109375,0,0,0,0,0,0,0,0,,,,,/root/autodl-tmp/openvla_efficiency_project/scripts/Simulation/DF-06-01 LoRA+OFT INT8/output/videos/task_05_trial_015.mp4,2026-07-28T21:01:49.189774+00:00,2026-07-28T21:01:58.732570+00:00
task_05_trial_016,df_06_01_lora_oft_int8_libero10_seed42_best_step100000,DF-04-03 LoRA+OFT INT8 Language Model,bitsandbytes,llm_int8,True,5,STUDY_SCENE1_pick_up_the_book_and_place_it_in_the_back_compartment_of_the_caddy,pick up the book and place it in the back compartment of the caddy,16,16,5058,True,False,success,151,151,8.221129,19,152,151,18,200.00161985425572,207.69338756799692,25.165766736628203,10.437446085131722,12.27462012320757,312.7549037729439,325.33085867762554,39.353266037655196,25.41085151720697,9.250595092773438,9.787109375,0,0,0,0,0,0,0,0,,,,,/root/autodl-tmp/openvla_efficiency_project/scripts/Simulation/DF-06-01 LoRA+OFT INT8/output/videos/task_05_trial_016.mp4,2026-07-28T21:01:58.734605+00:00,2026-07-28T21:02:06.956580+00:00
task_05_trial_017,df_06_01_lora_oft_int8_libero10_seed42_best_step100000,DF-04-03 LoRA+OFT INT8 Language Model,bitsandbytes,llm_int8,True,5,STUDY_SCENE1_pick_up_the_book_and_place_it_in_the_back_compartment_of_the_caddy,pick up the book and place it in the back compartment of the caddy,17,17,5059,True,False,success,171,171,9.045419,22,176,171,21,197.29793359610167,209.54452119767666,25.383359877861036,10.419757873342748,12.452485039830208,307.8705320473422,320.37751600146294,39.609074298488466,25.24673998852231,9.250595569610596,9.787109375,0,0,0,0,0,0,0,0,,,,,/root/autodl-tmp/openvla_efficiency_project/scripts/Simulation/DF-06-01 LoRA+OFT INT8/output/videos/task_05_trial_017.mp4,2026-07-28T21:02:06.958314+00:00,2026-07-28T21:02:16.004669+00:00
task_05_trial_018,df_06_01_lora_oft_int8_libero10_seed42_best_step100000,DF-04-03 LoRA+OFT INT8 Language Model,bitsandbytes,llm_int8,True,5,STUDY_SCENE1_pick_up_the_book_and_place_it_in_the_back_compartment_of_the_caddy,pick up the book and place it in the back compartment of the caddy,18,18,5060,True,False,success,192,192,9.922347,24,192,192,23,195.310437042887,202.73308428004384,24.413804630360875,10.708298097597435,11.571794655174017,310.8990869174401,322.15123642235994,38.862385864680014,25.731822114113886,9.250595569610596,9.787109375,0,0,0,0,0,0,0,0,,,,,/root/autodl-tmp/openvla_efficiency_project/scripts/Simulation/DF-06-01 LoRA+OFT INT8/output/videos/task_05_trial_018.mp4,2026-07-28T21:02:16.007160+00:00,2026-07-28T21:02:25.930431+00:00
task_05_trial_019,df_06_01_lora_oft_int8_libero10_seed42_best_step100000,DF-04-03 LoRA+OFT INT8 Language Model,bitsandbytes,llm_int8,True,5,STUDY_SCENE1_pick_up_the_book_and_place_it_in_the_back_compartment_of_the_caddy,pick up the book and place it in the back compartment of the caddy,19,19,5061,True,False,success,196,196,9.982234,25,200,196,24,195.3044568747282,202.2311095148325,24.9112827646337,10.510071693938606,12.134540360420942,306.68467447161674,316.6125316172838,39.117943172400096,25.563716261686174,9.250595092773438,9.787109375,0,0,0,0,0,0,0,0,,,,,/root/autodl-tmp/openvla_efficiency_project/scripts/Simulation/DF-06-01 LoRA+OFT INT8/output/videos/task_05_trial_019.mp4,2026-07-28T21:02:25.932651+00:00,2026-07-28T21:02:35.915705+00:00
task_05_trial_020,df_06_01_lora_oft_int8_libero10_seed42_best_step100000,DF-04-03 LoRA+OFT INT8 Language Model,bitsandbytes,llm_int8,True,5,STUDY_SCENE1_pick_up_the_book_and_place_it_in_the_back_compartment_of_the_caddy,pick up the book and place it in the back compartment of the caddy,20,20,5062,True,False,success,185,185,9.600077,24,192,185,23,197.01753564489385,204.6190814115107,25.55903165122947,10.093823347140003,10.46869084239006,303.63451115166146,314.8072433657944,39.39042306832365,25.3868814322069,9.250595092773438,9.787109375,0,0,0,0,0,0,0,0,,,,,/root/autodl-tmp/openvla_efficiency_project/scripts/Simulation/DF-06-01 LoRA+OFT INT8/output/videos/task_05_trial_020.mp4,2026-07-28T21:02:35.917536+00:00,2026-07-28T21:02:45.518398+00:00
task_05_trial_021,df_06_01_lora_oft_int8_libero10_seed42_best_step100000,DF-04-03 LoRA+OFT INT8 Language Model,bitsandbytes,llm_int8,True,5,STUDY_SCENE1_pick_up_the_book_and_place_it_in_the_back_compartment_of_the_caddy,pick up the book and place it in the back compartment of the caddy,21,21,5063,True,False,success,158,158,8.324035,20,160,158,19,195.04874842241406,203.01687577739358,24.689714990178995,10.283004091698912,11.924688797444105,305.3299658931792,315.5238344334066,38.6493627712885,25.87364779899738,9.250596046447754,9.787109375,0,0,0,0,0,0,0,0,,,,,/root/autodl-tmp/openvla_efficiency_project/scripts/Simulation/DF-06-01 LoRA+OFT INT8/output/videos/task_05_trial_021.mp4,2026-07-28T21:02:45.520488+00:00,2026-07-28T21:02:53.845237+00:00
task_05_trial_022,df_06_01_lora_oft_int8_libero10_seed42_best_step100000,DF-04-03 LoRA+OFT INT8 Language Model,bitsandbytes,llm_int8,True,5,STUDY_SCENE1_pick_up_the_book_and_place_it_in_the_back_compartment_of_the_caddy,pick up the book and place it in the back compartment of the caddy,22,22,5064,True,False,success,173,173,9.628046,22,176,173,21,210.6341930444945,244.09346338361502,26.785851138606237,11.179748685718272,14.13315273821354,334.3388464471156,399.83131866902113,42.51707873893955,23.519960205641862,9.250595092773438,9.787109375,0,0,0,0,0,0,0,0,,,,,/root/autodl-tmp/openvla_efficiency_project/scripts/Simulation/DF-06-01 LoRA+OFT INT8/output/videos/task_05_trial_022.mp4,2026-07-28T21:02:53.847183+00:00,2026-07-28T21:03:03.476068+00:00
task_05_trial_023,df_06_01_lora_oft_int8_libero10_seed42_best_step100000,DF-04-03 LoRA+OFT INT8 Language Model,bitsandbytes,llm_int8,True,5,STUDY_SCENE1_pick_up_the_book_and_place_it_in_the_back_compartment_of_the_caddy,pick up the book and place it in the back compartment of the caddy,23,23,5065,True,False,success,178,178,9.408596,23,184,178,22,200.00661699020344,211.24583706259727,25.843551633565614,10.756985713424308,12.440472282469273,313.0609517836052,329.60157599300146,40.4516960169827,24.72084234935844,9.250596046447754,9.787109375,0,0,0,0,0,0,0,0,,,,,/root/autodl-tmp/openvla_efficiency_project/scripts/Simulation/DF-06-01 LoRA+OFT INT8/output/videos/task_05_trial_023.mp4,2026-07-28T21:03:03.478420+00:00,2026-07-28T21:03:12.887831+00:00
task_05_trial_024,df_06_01_lora_oft_int8_libero10_seed42_best_step100000,DF-04-03 LoRA+OFT INT8 Language Model,bitsandbytes,llm_int8,True,5,STUDY_SCENE1_pick_up_the_book_and_place_it_in_the_back_compartment_of_the_caddy,pick up the book and place it in the back compartment of the caddy,24,24,5066,True,False,success,169,169,10.008675,22,176,169,21,219.01811456138438,279.0208438411355,28.51123384822755,11.714113677835323,19.425130635499954,346.76802734082395,431.3319079577923,45.14140000886466,22.15261378255049,9.250595569610596,9.787109375,0,0,0,0,0,0,0,0,,,,,/root/autodl-tmp/openvla_efficiency_project/scripts/Simulation/DF-06-01 LoRA+OFT INT8/output/videos/task_05_trial_024.mp4,2026-07-28T21:03:12.889943+00:00,2026-07-28T21:03:22.899436+00:00
task_05_trial_025,df_06_01_lora_oft_int8_libero10_seed42_best_step100000,DF-04-03 LoRA+OFT INT8 Language Model,bitsandbytes,llm_int8,True,5,STUDY_SCENE1_pick_up_the_book_and_place_it_in_the_back_compartment_of_the_caddy,pick up the book and place it in the back compartment of the caddy,25,25,5067,True,False,success,166,166,8.934523,21,168,166,20,203.50341277108305,218.61368045210838,25.744407639715327,10.612919129969844,12.179150246083736,318.48455726036,328.67075875401497,40.290215075105785,24.81992211101083,9.250595569610596,9.787109375,0,0,0,0,0,0,0,0,,,,,/root/autodl-tmp/openvla_efficiency_project/scripts/Simulation/DF-06-01 LoRA+OFT INT8/output/videos/task_05_trial_025.mp4,2026-07-28T21:03:22.901556+00:00,2026-07-28T21:03:31.836888+00:00
task_05_trial_026,df_06_01_lora_oft_int8_libero10_seed42_best_step100000,DF-04-03 LoRA+OFT INT8 Language Model,bitsandbytes,llm_int8,True,5,STUDY_SCENE1_pick_up_the_book_and_place_it_in_the_back_compartment_of_the_caddy,pick up the book and place it in the back compartment of the caddy,26,26,5068,True,False,success,170,170,9.277735,22,176,170,21,201.65407572957602,207.69360568374395,26.096409800298073,10.87243440834915,13.19095408543944,315.50093105232173,334.70849310979247,40.829532253829875,24.492075828426824,9.250596046447754,9.787109375,0,0,0,0,0,0,0,0,,,,,/root/autodl-tmp/openvla_efficiency_project/scripts/Simulation/DF-06-01 LoRA+OFT INT8/output/videos/task_05_trial_026.mp4,2026-07-28T21:03:31.838742+00:00,2026-07-28T21:03:41.117234+00:00
task_05_trial_027,df_06_01_lora_oft_int8_libero10_seed42_best_step100000,DF-04-03 LoRA+OFT INT8 Language Model,bitsandbytes,llm_int8,True,5,STUDY_SCENE1_pick_up_the_book_and_place_it_in_the_back_compartment_of_the_caddy,pick up the book and place it in the back compartment of the caddy,27,27,5069,True,False,success,225,225,11.276453,29,232,225,28,202.39518492900092,209.82813388109207,26.086490501960117,10.313949013749758,10.73821559548378,312.243714928627,326.0360188782215,40.244745479689705,24.84796432629123,9.250596046447754,9.787109375,0,0,0,0,0,0,0,0,,,,,/root/autodl-tmp/openvla_efficiency_project/scripts/Simulation/DF-06-01 LoRA+OFT INT8/output/videos/task_05_trial_027.mp4,2026-07-28T21:03:41.119247+00:00,2026-07-28T21:03:52.396499+00:00
task_05_trial_028,df_06_01_lora_oft_int8_libero10_seed42_best_step100000,DF-04-03 LoRA+OFT INT8 Language Model,bitsandbytes,llm_int8,True,5,STUDY_SCENE1_pick_up_the_book_and_place_it_in_the_back_compartment_of_the_caddy,pick up the book and place it in the back compartment of the caddy,28,28,5070,True,False,success,193,193,9.873666,25,200,193,24,193.93055208027363,200.8207030594349,25.120537834232334,10.650044924777406,11.198757961392403,304.3884216248989,316.8718758970499,39.42855202395064,25.362331322554173,9.250595092773438,9.787109375,0,0,0,0,0,0,0,0,,,,,/root/autodl-tmp/openvla_efficiency_project/scripts/Simulation/DF-06-01 LoRA+OFT INT8/output/videos/task_05_trial_028.mp4,2026-07-28T21:03:52.398284+00:00,2026-07-28T21:04:02.272693+00:00
task_05_trial_029,df_06_01_lora_oft_int8_libero10_seed42_best_step100000,DF-04-03 LoRA+OFT INT8 Language Model,bitsandbytes,llm_int8,True,5,STUDY_SCENE1_pick_up_the_book_and_place_it_in_the_back_compartment_of_the_caddy,pick up the book and place it in the back compartment of the caddy,29,29,5071,True,False,success,165,165,8.669546,21,168,165,20,195.58521697208994,205.06679266691208,24.892663978265993,10.473302232496666,12.352525442838669,306.4552884371508,317.591555416584,39.003400346546464,25.638790236619574,9.250595092773438,9.787109375,0,0,0,0,0,0,0,0,,,,,/root/autodl-tmp/openvla_efficiency_project/scripts/Simulation/DF-06-01 LoRA+OFT INT8/output/videos/task_05_trial_029.mp4,2026-07-28T21:04:02.274688+00:00,2026-07-28T21:04:10.945013+00:00
task_05_trial_030,df_06_01_lora_oft_int8_libero10_seed42_best_step100000,DF-04-03 LoRA+OFT INT8 Language Model,bitsandbytes,llm_int8,True,5,STUDY_SCENE1_pick_up_the_book_and_place_it_in_the_back_compartment_of_the_caddy,pick up the book and place it in the back compartment of the caddy,30,30,5072,True,False,success,173,173,8.997104,22,176,173,21,196.26140806146643,204.4733394868672,24.95809813498417,10.340919653545914,10.931027680635454,306.46566056053746,320.3629267401993,38.9725117475828,25.659110874782744,9.250595092773438,9.787109375,0,0,0,0,0,0,0,0,,,,,/root/autodl-tmp/openvla_efficiency_project/scripts/Simulation/DF-06-01 LoRA+OFT INT8/output/videos/task_05_trial_030.mp4,2026-07-28T21:04:10.946876+00:00,2026-07-28T21:04:19.944815+00:00
task_05_trial_031,df_06_01_lora_oft_int8_libero10_seed42_best_step100000,DF-04-03 LoRA+OFT INT8 Language Model,bitsandbytes,llm_int8,True,5,STUDY_SCENE1_pick_up_the_book_and_place_it_in_the_back_compartment_of_the_caddy,pick up the book and place it in the back compartment of the caddy,31,31,5073,True,False,success,204,204,10.266248,26,208,204,25,194.8852795534409,203.05924862623215,24.838319943085605,10.876185196798806,12.371852342039347,308.85043267447213,321.02925376966596,39.36329043890331,25.404380295700214,9.250596523284912,9.787109375,0,0,0,0,0,0,0,0,,,,,/root/autodl-tmp/openvla_efficiency_project/scripts/Simulation/DF-06-01 LoRA+OFT INT8/output/videos/task_05_trial_031.mp4,2026-07-28T21:04:19.946754+00:00,2026-07-28T21:04:30.213763+00:00
task_05_trial_032,df_06_01_lora_oft_int8_libero10_seed42_best_step100000,DF-04-03 LoRA+OFT INT8 Language Model,bitsandbytes,llm_int8,True,5,STUDY_SCENE1_pick_up_the_book_and_place_it_in_the_back_compartment_of_the_caddy,pick up the book and place it in the back compartment of the caddy,32,32,5074,True,False,success,185,185,9.516713,24,192,185,23,195.3565515577793,203.21558015421033,25.343552634522723,10.312002172341218,10.922226309776306,303.3890346996486,318.7288491986692,39.35857747454901,25.407422324819642,9.250595569610596,9.787109375,0,0,0,0,0,0,0,0,,,,,/root/autodl-tmp/openvla_efficiency_project/scripts/Simulation/DF-06-01 LoRA+OFT INT8/output/videos/task_05_trial_032.mp4,2026-07-28T21:04:30.215608+00:00,2026-07-28T21:04:39.733132+00:00
task_05_trial_033,df_06_01_lora_oft_int8_libero10_seed42_best_step100000,DF-04-03 LoRA+OFT INT8 Language Model,bitsandbytes,llm_int8,True,5,STUDY_SCENE1_pick_up_the_book_and_place_it_in_the_back_compartment_of_the_caddy,pick up the book and place it in the back compartment of the caddy,33,33,5075,True,False,success,165,165,8.628942,21,168,165,20,196.61634929832957,202.68104039132595,25.02389900160558,10.351702728957841,10.738496109843252,307.3516170538607,320.4480893909931,39.11747853412773,25.56401990807148,9.250595569610596,9.787109375,0,0,0,0,0,0,0,0,,,,,/root/autodl-tmp/openvla_efficiency_project/scripts/Simulation/DF-06-01 LoRA+OFT INT8/output/videos/task_05_trial_033.mp4,2026-07-28T21:04:39.735325+00:00,2026-07-28T21:04:48.365062+00:00
task_05_trial_034,df_06_01_lora_oft_int8_libero10_seed42_best_step100000,DF-04-03 LoRA+OFT INT8 Language Model,bitsandbytes,llm_int8,True,5,STUDY_SCENE1_pick_up_the_book_and_place_it_in_the_back_compartment_of_the_caddy,pick up the book and place it in the back compartment of the caddy,34,34,5076,True,False,success,185,185,9.597301,24,192,185,23,195.79317118041217,201.57637000083923,25.400195180161578,10.557203830496684,12.296479940414429,305.56897974262637,325.42809946462506,39.641381155800175,25.22616444845247,9.250595092773438,9.787109375,0,0,0,0,0,0,0,0,,,,,/root/autodl-tmp/openvla_efficiency_project/scripts/Simulation/DF-06-01 LoRA+OFT INT8/output/videos/task_05_trial_034.mp4,2026-07-28T21:04:48.367113+00:00,2026-07-28T21:04:57.965147+00:00
task_05_trial_035,df_06_01_lora_oft_int8_libero10_seed42_best_step100000,DF-04-03 LoRA+OFT INT8 Language Model,bitsandbytes,llm_int8,True,5,STUDY_SCENE1_pick_up_the_book_and_place_it_in_the_back_compartment_of_the_caddy,pick up the book and place it in the back compartment of the caddy,35,35,5077,True,False,success,195,195,10.007244,25,200,195,24,200.25942407548428,207.57925994694233,25.6742851378826,10.700862682782686,12.467109970748423,314.08997043967247,323.99207316339016,40.26794492816314,24.833648744279635,9.250596523284912,9.787109375,0,0,0,0,0,0,0,0,,,,,/root/autodl-tmp/openvla_efficiency_project/scripts/Simulation/DF-06-01 LoRA+OFT INT8/output/videos/task_05_trial_035.mp4,2026-07-28T21:04:57.967121+00:00,2026-07-28T21:05:07.975323+00:00
task_05_trial_036,df_06_01_lora_oft_int8_libero10_seed42_best_step100000,DF-04-03 LoRA+OFT INT8 Language Model,bitsandbytes,llm_int8,True,5,STUDY_SCENE1_pick_up_the_book_and_place_it_in_the_back_compartment_of_the_caddy,pick up the book and place it in the back compartment of the caddy,36,36,5078,False,True,timeout,520,,24.506136,65,520,520,64,206.30148462951183,231.27790167927742,25.78768557868898,12.042070541960689,15.710388496518132,334.11292233146156,376.50478258728975,41.764115291432695,23.9440005617726,9.25059461593628,9.787109375,0,0,0,0,0,0,0,0,timeout,"collapse_diagnostics={""zero_equivalent_arm_action_count"":0,""zero_equivalent_full_noop_count"":0,""repeated_action_count"":0,""repeated_chunk_count"":0,""max_consecutive_zero_equivalent_actions"":0,""max_consecutive_repeated_chunks"":0}",,,/root/autodl-tmp/openvla_efficiency_project/scripts/Simulation/DF-06-01 LoRA+OFT INT8/output/videos/task_05_trial_036.mp4,2026-07-28T21:05:07.977323+00:00,2026-07-28T21:05:32.484368+00:00
task_05_trial_037,df_06_01_lora_oft_int8_libero10_seed42_best_step100000,DF-04-03 LoRA+OFT INT8 Language Model,bitsandbytes,llm_int8,True,5,STUDY_SCENE1_pick_up_the_book_and_place_it_in_the_back_compartment_of_the_caddy,pick up the book and place it in the back compartment of the caddy,37,37,5079,True,False,success,175,175,9.381951,22,176,175,21,203.7407909943299,210.2291552349925,25.61312801071576,10.753186408962522,12.062874250113962,320.9298319945281,330.0878562964499,40.34546459359782,24.785933439435073,9.250595569610596,9.787109375,0,0,0,0,0,0,0,0,,,,,/root/autodl-tmp/openvla_efficiency_project/scripts/Simulation/DF-06-01 LoRA+OFT INT8/output/videos/task_05_trial_037.mp4,2026-07-28T21:05:32.486955+00:00,2026-07-28T21:05:41.869727+00:00
task_05_trial_038,df_06_01_lora_oft_int8_libero10_seed42_best_step100000,DF-04-03 LoRA+OFT INT8 Language Model,bitsandbytes,llm_int8,True,5,STUDY_SCENE1_pick_up_the_book_and_place_it_in_the_back_compartment_of_the_caddy,pick up the book and place it in the back compartment of the caddy,38,38,5080,True,False,success,176,176,9.279542,22,176,176,21,200.48745205117896,205.55674890056252,25.06093150639737,10.86378681727431,13.829648960381746,317.6075870340521,327.76561407372355,39.70094837925651,25.188315161823528,9.250596046447754,9.787109375,0,0,0,0,0,0,0,0,,,,,/root/autodl-tmp/openvla_efficiency_project/scripts/Simulation/DF-06-01 LoRA+OFT INT8/output/videos/task_05_trial_038.mp4,2026-07-28T21:05:41.871472+00:00,2026-07-28T21:05:51.151774+00:00
task_05_trial_039,df_06_01_lora_oft_int8_libero10_seed42_best_step100000,DF-04-03 LoRA+OFT INT8 Language Model,bitsandbytes,llm_int8,True,5,STUDY_SCENE1_pick_up_the_book_and_place_it_in_the_back_compartment_of_the_caddy,pick up the book and place it in the back compartment of the caddy,39,39,5081,True,False,success,251,251,12.118006,32,256,251,31,195.23810979444534,200.26760147884488,24.890914396104584,10.840356713569022,12.296105735003948,309.00692741852254,318.5885020531714,39.395305487620405,25.383735133472705,9.250595092773438,9.787109375,0,0,0,0,0,0,0,0,,,,,/root/autodl-tmp/openvla_efficiency_project/scripts/Simulation/DF-06-01 LoRA+OFT INT8/output/videos/task_05_trial_039.mp4,2026-07-28T21:05:51.153587+00:00,2026-07-28T21:06:03.272282+00:00
task_05_trial_040,df_06_01_lora_oft_int8_libero10_seed42_best_step100000,DF-04-03 LoRA+OFT INT8 Language Model,bitsandbytes,llm_int8,True,5,STUDY_SCENE1_pick_up_the_book_and_place_it_in_the_back_compartment_of_the_caddy,pick up the book and place it in the back compartment of the caddy,40,40,5082,True,False,success,178,178,9.315242,23,184,178,22,196.62761825906193,203.06707434356213,25.406939437968678,10.71480197015773,12.019369937479496,308.2465931935155,318.7609415501356,39.829615974443016,25.106945561354593,9.250595569610596,9.787109375,0,0,0,0,0,0,0,0,,,,,/root/autodl-tmp/openvla_efficiency_project/scripts/Simulation/DF-06-01 LoRA+OFT INT8/output/videos/task_05_trial_040.mp4,2026-07-28T21:06:03.273935+00:00,2026-07-28T21:06:12.589965+00:00
task_05_trial_041,df_06_01_lora_oft_int8_libero10_seed42_best_step100000,DF-04-03 LoRA+OFT INT8 Language Model,bitsandbytes,llm_int8,True,5,STUDY_SCENE1_pick_up_the_book_and_place_it_in_the_back_compartment_of_the_caddy,pick up the book and place it in the back compartment of the caddy,41,41,5083,True,False,success,177,177,9.188058,23,184,177,22,197.0401964271846,202.94772759079933,25.604093321046587,10.326000435625092,10.94139888882637,305.43921661117804,316.0036697983742,39.68984170653726,25.195363775796853,9.250595569610596,9.787109375,0,0,0,0,0,0,0,0,,,,,/root/autodl-tmp/openvla_efficiency_project/scripts/Simulation/DF-06-01 LoRA+OFT INT8/output/videos/task_05_trial_041.mp4,2026-07-28T21:06:12.591788+00:00,2026-07-28T21:06:21.780596+00:00
task_05_trial_042,df_06_01_lora_oft_int8_libero10_seed42_best_step100000,DF-04-03 LoRA+OFT INT8 Language Model,bitsandbytes,llm_int8,True,5,STUDY_SCENE1_pick_up_the_book_and_place_it_in_the_back_compartment_of_the_caddy,pick up the book and place it in the back compartment of the caddy,42,42,5084,True,False,success,187,187,9.603754,24,192,187,23,194.0035856484125,196.7718455940485,24.898855912095723,10.916569474387297,12.723113410174847,307.85542059068877,321.20099579915404,39.51085611859107,25.30949967266007,9.25059461593628,9.787109375,0,0,0,0,0,0,0,0,,,,,/root/autodl-tmp/openvla_efficiency_project/scripts/Simulation/DF-06-01 LoRA+OFT INT8/output/videos/task_05_trial_042.mp4,2026-07-28T21:06:21.782382+00:00,2026-07-28T21:06:31.386866+00:00
task_05_trial_043,df_06_01_lora_oft_int8_libero10_seed42_best_step100000,DF-04-03 LoRA+OFT INT8 Language Model,bitsandbytes,llm_int8,True,5,STUDY_SCENE1_pick_up_the_book_and_place_it_in_the_back_compartment_of_the_caddy,pick up the book and place it in the back compartment of the caddy,43,43,5085,True,False,success,169,169,8.915664,22,176,169,21,195.00401252034035,202.47546285390854,25.385137724541348,10.414039484671587,12.089333683252335,303.5181733694944,315.14397831633687,39.51124150372116,25.309252808617018,9.250595569610596,9.787109375,0,0,0,0,0,0,0,0,,,,,/root/autodl-tmp/openvla_efficiency_project/scripts/Simulation/DF-06-01 LoRA+OFT INT8/output/videos/task_05_trial_043.mp4,2026-07-28T21:06:31.388474+00:00,2026-07-28T21:06:40.304861+00:00
task_05_trial_044,df_06_01_lora_oft_int8_libero10_seed42_best_step100000,DF-04-03 LoRA+OFT INT8 Language Model,bitsandbytes,llm_int8,True,5,STUDY_SCENE1_pick_up_the_book_and_place_it_in_the_back_compartment_of_the_caddy,pick up the book and place it in the back compartment of the caddy,44,44,5086,False,True,timeout,520,,22.775295,65,520,520,64,196.06124197061246,206.42972141504288,24.507655246326557,11.489204166886898,13.270461559295654,316.8462523474143,337.0998449623585,39.60578154342679,25.248838958108276,9.250596046447754,9.787109375,0,0,0,0,0,0,0,0,timeout,"collapse_diagnostics={""zero_equivalent_arm_action_count"":0,""zero_equivalent_full_noop_count"":0,""repeated_action_count"":0,""repeated_chunk_count"":0,""max_consecutive_zero_equivalent_actions"":0,""max_consecutive_repeated_chunks"":0}",,,/root/autodl-tmp/openvla_efficiency_project/scripts/Simulation/DF-06-01 LoRA+OFT INT8/output/videos/task_05_trial_044.mp4,2026-07-28T21:06:40.307042+00:00,2026-07-28T21:07:03.083197+00:00
task_05_trial_045,df_06_01_lora_oft_int8_libero10_seed42_best_step100000,DF-04-03 LoRA+OFT INT8 Language Model,bitsandbytes,llm_int8,True,5,STUDY_SCENE1_pick_up_the_book_and_place_it_in_the_back_compartment_of_the_caddy,pick up the book and place it in the back compartment of the caddy,45,45,5087,True,False,success,168,168,9.483218,21,168,168,20,222.94019144915399,281.9535993039608,27.867523931144248,11.43988870483424,18.309703934937723,346.4124977056469,410.6303732842207,43.30156221320586,23.093855022510613,9.250595092773438,9.787109375,0,0,0,0,0,0,0,0,,,,,/root/autodl-tmp/openvla_efficiency_project/scripts/Simulation/DF-06-01 LoRA+OFT INT8/output/videos/task_05_trial_045.mp4,2026-07-28T21:07:03.085636+00:00,2026-07-28T21:07:12.569689+00:00
task_05_trial_046,df_06_01_lora_oft_int8_libero10_seed42_best_step100000,DF-04-03 LoRA+OFT INT8 Language Model,bitsandbytes,llm_int8,True,5,STUDY_SCENE1_pick_up_the_book_and_place_it_in_the_back_compartment_of_the_caddy,pick up the book and place it in the back compartment of the caddy,46,46,5088,True,False,success,173,173,9.165599,22,176,173,21,199.99350294132125,206.8322860635817,25.43269979600617,10.549766673690321,11.999188736081123,313.0678039213473,322.48583594337106,39.81209067207885,25.117997651435157,9.250595092773438,9.787109375,0,0,0,0,0,0,0,0,,,,,/root/autodl-tmp/openvla_efficiency_project/scripts/Simulation/DF-06-01 LoRA+OFT INT8/output/videos/task_05_trial_046.mp4,2026-07-28T21:07:12.571725+00:00,2026-07-28T21:07:21.738075+00:00
task_05_trial_047,df_06_01_lora_oft_int8_libero10_seed42_best_step100000,DF-04-03 LoRA+OFT INT8 Language Model,bitsandbytes,llm_int8,True,5,STUDY_SCENE1_pick_up_the_book_and_place_it_in_the_back_compartment_of_the_caddy,pick up the book and place it in the back compartment of the caddy,47,47,5089,True,False,success,150,150,8.190332,19,152,150,18,200.19263087918884,207.2765678167343,25.357733244697254,10.332696189483007,11.440278869122265,313.10180868757396,320.9623159840703,39.65956243375937,25.214599925811864,9.250596523284912,9.787109375,0,0,0,0,0,0,0,0,,,,,/root/autodl-tmp/openvla_efficiency_project/scripts/Simulation/DF-06-01 LoRA+OFT INT8/output/videos/task_05_trial_047.mp4,2026-07-28T21:07:21.739993+00:00,2026-07-28T21:07:29.931036+00:00
task_05_trial_048,df_06_01_lora_oft_int8_libero10_seed42_best_step100000,DF-04-03 LoRA+OFT INT8 Language Model,bitsandbytes,llm_int8,True,5,STUDY_SCENE1_pick_up_the_book_and_place_it_in_the_back_compartment_of_the_caddy,pick up the book and place it in the back compartment of the caddy,48,48,5090,True,False,success,191,191,9.74586,24,192,191,23,199.34544223360717,206.7164639942348,25.048641956055352,10.525820318472947,11.671660467982292,314.09807425613207,323.50922860205173,39.46782084893806,25.337096867533454,9.250596046447754,9.787109375,0,0,0,0,0,0,0,0,,,,,/root/autodl-tmp/openvla_efficiency_project/scripts/Simulation/DF-06-01 LoRA+OFT INT8/output/videos/task_05_trial_048.mp4,2026-07-28T21:07:29.933084+00:00,2026-07-28T21:07:39.679634+00:00
task_05_trial_049,df_06_01_lora_oft_int8_libero10_seed42_best_step100000,DF-04-03 LoRA+OFT INT8 Language Model,bitsandbytes,llm_int8,True,5,STUDY_SCENE1_pick_up_the_book_and_place_it_in_the_back_compartment_of_the_caddy,pick up the book and place it in the back compartment of the caddy,49,49,5091,True,False,success,204,204,10.277477,26,208,204,25,199.07706718032176,207.45532307773829,25.372567385727283,10.84780868361978,15.583446994423864,314.123330781093,330.68603835999966,40.03532647210009,24.977940437100777,9.250595569610596,9.787109375,0,0,0,0,0,0,0,0,,,,,/root/autodl-tmp/openvla_efficiency_project/scripts/Simulation/DF-06-01 LoRA+OFT INT8/output/videos/task_05_trial_049.mp4,2026-07-28T21:07:39.681974+00:00,2026-07-28T21:07:49.960306+00:00
task_06_trial_000,df_06_01_lora_oft_int8_libero10_seed42_best_step100000,DF-04-03 LoRA+OFT INT8 Language Model,bitsandbytes,llm_int8,True,6,LIVING_ROOM_SCENE6_put_the_white_mug_on_the_plate_and_put_the_chocolate_pudding_to_the_right_of_the_plate,put the white mug on the plate and put the chocolate pudding to the right of the plate,0,0,6042,True,False,success,210,210,12.242976,27,216,210,26,213.42045461965932,265.35827312618494,27.439772736813342,14.37398035611425,20.803002920001745,356.4069969924512,457.26485662162304,45.823756756172294,21.822741538215407,9.263236999511719,9.787109375,0,0,0,0,0,0,0,0,,,,,/root/autodl-tmp/openvla_efficiency_project/scripts/Simulation/DF-06-01 LoRA+OFT INT8/output/videos/task_06_trial_000.mp4,2026-07-28T21:07:52.518152+00:00,2026-07-28T21:08:04.762033+00:00
task_06_trial_001,df_06_01_lora_oft_int8_libero10_seed42_best_step100000,DF-04-03 LoRA+OFT INT8 Language Model,bitsandbytes,llm_int8,True,6,LIVING_ROOM_SCENE6_put_the_white_mug_on_the_plate_and_put_the_chocolate_pudding_to_the_right_of_the_plate,put the white mug on the plate and put the chocolate pudding to the right of the plate,1,1,6043,True,False,success,214,214,11.838063,27,216,214,26,197.38872300971437,203.57560571283102,24.90418467879574,13.275977859499855,16.63767620921135,332.55411436160404,358.1153176724911,41.95776209235191,23.833492305879695,9.263236045837402,9.787109375,0,0,0,0,0,0,0,0,,,,,/root/autodl-tmp/openvla_efficiency_project/scripts/Simulation/DF-06-01 LoRA+OFT INT8/output/videos/task_06_trial_001.mp4,2026-07-28T21:08:04.763882+00:00,2026-07-28T21:08:16.602783+00:00
task_06_trial_002,df_06_01_lora_oft_int8_libero10_seed42_best_step100000,DF-04-03 LoRA+OFT INT8 Language Model,bitsandbytes,llm_int8,True,6,LIVING_ROOM_SCENE6_put_the_white_mug_on_the_plate_and_put_the_chocolate_pudding_to_the_right_of_the_plate,put the white mug on the plate and put the chocolate pudding to the right of the plate,2,2,6044,True,False,success,216,216,11.677759,27,216,216,26,195.67068224703823,203.7767617031932,24.45883528087978,13.461470388358942,16.81495178490877,333.9194591950487,354.4346507638693,41.73993239938109,23.957873013105978,9.26323652267456,9.787109375,0,0,0,0,0,0,0,0,,,,,/root/autodl-tmp/openvla_efficiency_project/scripts/Simulation/DF-06-01 LoRA+OFT INT8/output/videos/task_06_trial_002.mp4,2026-07-28T21:08:16.678227+00:00,2026-07-28T21:08:28.356795+00:00
task_06_trial_003,df_06_01_lora_oft_int8_libero10_seed42_best_step100000,DF-04-03 LoRA+OFT INT8 Language Model,bitsandbytes,llm_int8,True,6,LIVING_ROOM_SCENE6_put_the_white_mug_on_the_plate_and_put_the_chocolate_pudding_to_the_right_of_the_plate,put the white mug on the plate and put the chocolate pudding to the right of the plate,3,3,6045,True,False,success,197,197,11.120481,25,200,197,24,196.34143248200417,203.6073438823223,24.9164254418787,13.92556966145329,17.063451930880547,336.4150555431843,356.2055081129074,42.69226593187618,23.42344633558909,9.26323652267456,9.787109375,0,0,0,0,0,0,0,0,,,,,/root/autodl-tmp/openvla_efficiency_project/scripts/Simulation/DF-06-01 LoRA+OFT INT8/output/videos/task_06_trial_003.mp4,2026-07-28T21:08:28.358955+00:00,2026-07-28T21:08:39.480143+00:00
task_06_trial_004,df_06_01_lora_oft_int8_libero10_seed42_best_step100000,DF-04-03 LoRA+OFT INT8 Language Model,bitsandbytes,llm_int8,True,6,LIVING_ROOM_SCENE6_put_the_white_mug_on_the_plate_and_put_the_chocolate_pudding_to_the_right_of_the_plate,put the white mug on the plate and put the chocolate pudding to the right of the plate,4,4,6046,True,False,success,233,233,12.49638,30,240,233,29,196.69465503344932,205.63115337863562,25.325492064392616,13.562495232651674,17.472460120916363,332.3960395529866,360.4459268040955,42.79777333300257,23.36570158029394,9.263236045837402,9.787109375,0,0,0,0,0,0,0,0,,,,,/root/autodl-tmp/openvla_efficiency_project/scripts/Simulation/DF-06-01 LoRA+OFT INT8/output/videos/task_06_trial_004.mp4,2026-07-28T21:08:39.482504+00:00,2026-07-28T21:08:51.979669+00:00
task_06_trial_005,df_06_01_lora_oft_int8_libero10_seed42_best_step100000,DF-04-03 LoRA+OFT INT8 Language Model,bitsandbytes,llm_int8,True,6,LIVING_ROOM_SCENE6_put_the_white_mug_on_the_plate_and_put_the_chocolate_pudding_to_the_right_of_the_plate,put the white mug on the plate and put the chocolate pudding to the right of the plate,5,5,6047,True,False,success,228,228,12.432417,29,232,228,28,197.26422634618035,205.6909378618002,25.090625280873816,14.307628769688963,17.30191893875599,339.2884295819135,373.1932669878006,43.15510727138373,23.1722283462635,9.26323652267456,9.787109375,0,0,0,0,0,0,0,0,,,,,/root/autodl-tmp/openvla_efficiency_project/scripts/Simulation/DF-06-01 LoRA+OFT INT8/output/videos/task_06_trial_005.mp4,2026-07-28T21:08:52.002480+00:00,2026-07-28T21:09:04.435727+00:00
task_06_trial_006,df_06_01_lora_oft_int8_libero10_seed42_best_step100000,DF-04-03 LoRA+OFT INT8 Language Model,bitsandbytes,llm_int8,True,6,LIVING_ROOM_SCENE6_put_the_white_mug_on_the_plate_and_put_the_chocolate_pudding_to_the_right_of_the_plate,put the white mug on the plate and put the chocolate pudding to the right of the plate,6,6,6048,True,False,success,200,200,11.846851,25,200,200,24,207.70024470984936,256.3612703233956,25.96253058873117,14.325158298015594,19.371772464364756,354.76972587406635,429.3680213391779,44.346215734258294,22.549838434747905,9.26323652267456,9.787109375,0,0,0,0,0,0,0,0,,,,,/root/autodl-tmp/openvla_efficiency_project/scripts/Simulation/DF-06-01 LoRA+OFT INT8/output/videos/task_06_trial_006.mp4,2026-07-28T21:09:04.437893+00:00,2026-07-28T21:09:16.285606+00:00
task_06_trial_007,df_06_01_lora_oft_int8_libero10_seed42_best_step100000,DF-04-03 LoRA+OFT INT8 Language Model,bitsandbytes,llm_int8,True,6,LIVING_ROOM_SCENE6_put_the_white_mug_on_the_plate_and_put_the_chocolate_pudding_to_the_right_of_the_plate,put the white mug on the plate and put the chocolate pudding to the right of the plate,7,7,6049,True,False,success,218,218,12.044624,28,224,218,27,200.821158675743,206.58382335677743,25.793543316150476,13.235617890407186,15.220128372311583,333.8880633403148,344.42490115761757,42.8847053831597,23.318336713878598,9.26323652267456,9.787109375,0,0,0,0,0,0,0,0,,,,,/root/autodl-tmp/openvla_efficiency_project/scripts/Simulation/DF-06-01 LoRA+OFT INT8/output/videos/task_06_trial_007.mp4,2026-07-28T21:09:16.287315+00:00,2026-07-28T21:09:28.332735+00:00
task_06_trial_008,df_06_01_lora_oft_int8_libero10_seed42_best_step100000,DF-04-03 LoRA+OFT INT8 Language Model,bitsandbytes,llm_int8,True,6,LIVING_ROOM_SCENE6_put_the_white_mug_on_the_plate_and_put_the_chocolate_pudding_to_the_right_of_the_plate,put the white mug on the plate and put the chocolate pudding to the right of the plate,8,8,6050,True,False,success,218,218,12.250181,28,224,218,27,198.79435328766704,207.78846917673945,25.533219688324206,14.365878246656251,20.059459190815666,340.88007819705774,363.17365737631917,43.782762337236775,22.840039015754623,9.263236045837402,9.787109375,0,0,0,0,0,0,0,0,,,,,/root/autodl-tmp/openvla_efficiency_project/scripts/Simulation/DF-06-01 LoRA+OFT INT8/output/videos/task_06_trial_008.mp4,2026-07-28T21:09:28.338537+00:00,2026-07-28T21:09:40.589541+00:00
task_06_trial_009,df_06_01_lora_oft_int8_libero10_seed42_best_step100000,DF-04-03 LoRA+OFT INT8 Language Model,bitsandbytes,llm_int8,True,6,LIVING_ROOM_SCENE6_put_the_white_mug_on_the_plate_and_put_the_chocolate_pudding_to_the_right_of_the_plate,put the white mug on the plate and put the chocolate pudding to the right of the plate,9,9,6051,True,False,success,234,234,12.764797,30,240,234,29,203.18752291301885,212.88607986643908,26.04968242474601,12.81220633058976,15.123988687992092,333.3278700088461,353.1490145251155,42.73434230882643,23.400383531665074,9.263236999511719,9.787109375,0,0,0,0,0,0,0,0,,,,,/root/autodl-tmp/openvla_efficiency_project/scripts/Simulation/DF-06-01 LoRA+OFT INT8/output/videos/task_06_trial_009.mp4,2026-07-28T21:09:40.591746+00:00,2026-07-28T21:09:53.357351+00:00
task_06_trial_010,df_06_01_lora_oft_int8_libero10_seed42_best_step100000,DF-04-03 LoRA+OFT INT8 Language Model,bitsandbytes,llm_int8,True,6,LIVING_ROOM_SCENE6_put_the_white_mug_on_the_plate_and_put_the_chocolate_pudding_to_the_right_of_the_plate,put the white mug on the plate and put the chocolate pudding to the right of the plate,10,10,6052,True,False,success,223,223,11.816507,28,224,223,27,193.73495717133795,201.8208752386272,24.325465474428082,12.985210180817164,14.576690085232258,326.47320481815507,337.64951983466744,40.99215127761588,24.394913875770616,9.263237476348877,9.787109375,0,0,0,0,0,0,0,0,,,,,/root/autodl-tmp/openvla_efficiency_project/scripts/Simulation/DF-06-01 LoRA+OFT INT8/output/videos/task_06_trial_010.mp4,2026-07-28T21:09:53.359662+00:00,2026-07-28T21:10:05.176966+00:00
task_06_trial_011,df_06_01_lora_oft_int8_libero10_seed42_best_step100000,DF-04-03 LoRA+OFT INT8 Language Model,bitsandbytes,llm_int8,True,6,LIVING_ROOM_SCENE6_put_the_white_mug_on_the_plate_and_put_the_chocolate_pudding_to_the_right_of_the_plate,put the white mug on the plate and put the chocolate pudding to the right of the plate,11,11,6053,True,False,success,220,220,11.807148,28,224,220,27,194.25204775429197,202.49327067285776,24.7229878960008,12.866501552476125,15.519964788109062,325.20735563178147,342.44314413517714,41.39002708040855,24.160409415951733,9.26323652267456,9.787109375,0,0,0,0,0,0,0,0,,,,,/root/autodl-tmp/openvla_efficiency_project/scripts/Simulation/DF-06-01 LoRA+OFT INT8/output/videos/task_06_trial_011.mp4,2026-07-28T21:10:05.239428+00:00,2026-07-28T21:10:17.047272+00:00
task_06_trial_012,df_06_01_lora_oft_int8_libero10_seed42_best_step100000,DF-04-03 LoRA+OFT INT8 Language Model,bitsandbytes,llm_int8,True,6,LIVING_ROOM_SCENE6_put_the_white_mug_on_the_plate_and_put_the_chocolate_pudding_to_the_right_of_the_plate,put the white mug on the plate and put the chocolate pudding to the right of the plate,12,12,6054,True,False,success,243,243,12.849238,31,248,243,30,195.8302545451349,205.98949305713177,24.982460456375232,12.857874663768973,14.431874826550482,326.06565537712265,344.47435569018126,41.59685315510618,24.040280072898877,9.263236999511719,9.787109375,0,0,0,0,0,0,0,0,,,,,/root/autodl-tmp/openvla_efficiency_project/scripts/Simulation/DF-06-01 LoRA+OFT INT8/output/videos/task_06_trial_012.mp4,2026-07-28T21:10:17.049190+00:00,2026-07-28T21:10:29.899089+00:00
task_06_trial_013,df_06_01_lora_oft_int8_libero10_seed42_best_step100000,DF-04-03 LoRA+OFT INT8 Language Model,bitsandbytes,llm_int8,True,6,LIVING_ROOM_SCENE6_put_the_white_mug_on_the_plate_and_put_the_chocolate_pudding_to_the_right_of_the_plate,put the white mug on the plate and put the chocolate pudding to the right of the plate,13,13,6055,True,False,success,232,232,12.509999,29,232,232,28,199.5613532590455,208.5665941238403,24.945169157380686,14.085674369386558,18.066834751516577,342.30403576431604,385.017617046833,42.788004470539505,23.371036167123016,9.263236999511719,9.787109375,0,0,0,0,0,0,0,0,,,,,/root/autodl-tmp/openvla_efficiency_project/scripts/Simulation/DF-06-01 LoRA+OFT INT8/output/videos/task_06_trial_013.mp4,2026-07-28T21:10:29.900976+00:00,2026-07-28T21:10:42.411803+00:00
task_06_trial_014,df_06_01_lora_oft_int8_libero10_seed42_best_step100000,DF-04-03 LoRA+OFT INT8 Language Model,bitsandbytes,llm_int8,True,6,LIVING_ROOM_SCENE6_put_the_white_mug_on_the_plate_and_put_the_chocolate_pudding_to_the_right_of_the_plate,put the white mug on the plate and put the chocolate pudding to the right of the plate,14,14,6056,True,False,success,234,234,12.383706,30,240,234,29,196.50449939072132,205.69672649726272,25.192884537271965,12.77282633460485,14.574592560529709,325.51636087397736,347.23796751350164,41.73286677871504,23.961929222413943,9.263236999511719,9.787109375,0,0,0,0,0,0,0,0,,,,,/root/autodl-tmp/openvla_efficiency_project/scripts/Simulation/DF-06-01 LoRA+OFT INT8/output/videos/task_06_trial_014.mp4,2026-07-28T21:10:42.423304+00:00,2026-07-28T21:10:54.807800+00:00
task_06_trial_015,df_06_01_lora_oft_int8_libero10_seed42_best_step100000,DF-04-03 LoRA+OFT INT8 Language Model,bitsandbytes,llm_int8,True,6,LIVING_ROOM_SCENE6_put_the_white_mug_on_the_plate_and_put_the_chocolate_pudding_to_the_right_of_the_plate,put the white mug on the plate and put the chocolate pudding to the right of the plate,15,15,6057,True,False,success,218,218,12.357945,28,224,218,27,202.91366534573692,234.5639793202281,26.062305640736852,13.449342254925211,17.123746685683727,340.3493320303304,400.8872718550265,43.714593104813076,22.87565613620907,9.263237476348877,9.787109375,0,0,0,0,0,0,0,0,,,,,/root/autodl-tmp/openvla_efficiency_project/scripts/Simulation/DF-06-01 LoRA+OFT INT8/output/videos/task_06_trial_015.mp4,2026-07-28T21:10:54.810009+00:00,2026-07-28T21:11:07.168734+00:00
task_06_trial_016,df_06_01_lora_oft_int8_libero10_seed42_best_step100000,DF-04-03 LoRA+OFT INT8 Language Model,bitsandbytes,llm_int8,True,6,LIVING_ROOM_SCENE6_put_the_white_mug_on_the_plate_and_put_the_chocolate_pudding_to_the_right_of_the_plate,put the white mug on the plate and put the chocolate pudding to the right of the plate,16,16,6058,True,False,success,214,214,11.808492,27,216,214,26,201.1096890049952,207.03033469617367,25.373652351097526,13.284890494683635,15.390756912529467,336.8663973416443,344.96491961181164,42.50183517861868,23.528395792731988,9.263237476348877,9.787109375,0,0,0,0,0,0,0,0,,,,,/root/autodl-tmp/openvla_efficiency_project/scripts/Simulation/DF-06-01 LoRA+OFT INT8/output/videos/task_06_trial_016.mp4,2026-07-28T21:11:07.170744+00:00,2026-07-28T21:11:18.979941+00:00
task_06_trial_017,df_06_01_lora_oft_int8_libero10_seed42_best_step100000,DF-04-03 LoRA+OFT INT8 Language Model,bitsandbytes,llm_int8,True,6,LIVING_ROOM_SCENE6_put_the_white_mug_on_the_plate_and_put_the_chocolate_pudding_to_the_right_of_the_plate,put the white mug on the plate and put the chocolate pudding to the right of the plate,17,17,6059,True,False,success,204,204,12.42707,26,208,204,25,218.7534235417843,263.0705828778446,27.880338294541133,15.127157975061268,24.238537438213818,370.23799995390266,452.3560991510749,47.187196072556226,21.192189475771663,9.26323652267456,9.787109375,0,0,0,0,0,0,0,0,,,,,/root/autodl-tmp/openvla_efficiency_project/scripts/Simulation/DF-06-01 LoRA+OFT INT8/output/videos/task_06_trial_017.mp4,2026-07-28T21:11:18.982059+00:00,2026-07-28T21:11:31.409839+00:00
task_06_trial_018,df_06_01_lora_oft_int8_libero10_seed42_best_step100000,DF-04-03 LoRA+OFT INT8 Language Model,bitsandbytes,llm_int8,True,6,LIVING_ROOM_SCENE6_put_the_white_mug_on_the_plate_and_put_the_chocolate_pudding_to_the_right_of_the_plate,put the white mug on the plate and put the chocolate pudding to the right of the plate,18,18,6060,True,False,success,232,232,12.586095,29,232,232,28,204.22377257511533,210.98417229950428,25.527971571889417,13.457175561002103,18.586055282503356,343.4675515725695,354.71976697444916,42.93344394657119,23.291865456786013,9.26323652267456,9.787109375,0,0,0,0,0,0,0,0,,,,,/root/autodl-tmp/openvla_efficiency_project/scripts/Simulation/DF-06-01 LoRA+OFT INT8/output/videos/task_06_trial_018.mp4,2026-07-28T21:11:31.411744+00:00,2026-07-28T21:11:43.998689+00:00
task_06_trial_019,df_06_01_lora_oft_int8_libero10_seed42_best_step100000,DF-04-03 LoRA+OFT INT8 Language Model,bitsandbytes,llm_int8,True,6,LIVING_ROOM_SCENE6_put_the_white_mug_on_the_plate_and_put_the_chocolate_pudding_to_the_right_of_the_plate,put the white mug on the plate and put the chocolate pudding to the right of the plate,19,19,6061,True,False,success,209,209,11.963208,27,216,209,26,204.12782531369615,209.73562095314264,26.370580303683234,13.74679604215485,17.12942160665989,341.501424640969,376.50575209409,44.11740892490987,22.66678901524004,9.263237476348877,9.787109375,0,0,0,0,0,0,0,0,,,,,/root/autodl-tmp/openvla_efficiency_project/scripts/Simulation/DF-06-01 LoRA+OFT INT8/output/videos/task_06_trial_019.mp4,2026-07-28T21:11:44.002273+00:00,2026-07-28T21:11:55.966343+00:00
task_06_trial_020,df_06_01_lora_oft_int8_libero10_seed42_best_step100000,DF-04-03 LoRA+OFT INT8 Language Model,bitsandbytes,llm_int8,True,6,LIVING_ROOM_SCENE6_put_the_white_mug_on_the_plate_and_put_the_chocolate_pudding_to_the_right_of_the_plate,put the white mug on the plate and put the chocolate pudding to the right of the plate,20,20,6062,True,False,success,247,247,13.029991,31,248,247,30,197.91916914043887,209.7535552456975,24.84005766539921,13.0672611612902,15.036514587700365,331.72234147787094,341.31454955786467,41.63316836361943,24.0193105474489,9.26323652267456,9.787109375,0,0,0,0,0,0,0,0,,,,,/root/autodl-tmp/openvla_efficiency_project/scripts/Simulation/DF-06-01 LoRA+OFT INT8/output/videos/task_06_trial_020.mp4,2026-07-28T21:11:55.968834+00:00,2026-07-28T21:12:08.999537+00:00
task_06_trial_021,df_06_01_lora_oft_int8_libero10_seed42_best_step100000,DF-04-03 LoRA+OFT INT8 Language Model,bitsandbytes,llm_int8,True,6,LIVING_ROOM_SCENE6_put_the_white_mug_on_the_plate_and_put_the_chocolate_pudding_to_the_right_of_the_plate,put the white mug on the plate and put the chocolate pudding to the right of the plate,21,21,6063,True,False,success,212,212,11.526363,27,216,212,26,196.86871104770236,202.26792842149734,25.07290187871681,13.060813620335088,15.145890600979326,329.23299784737605,343.3559151366353,41.930617650373364,23.84892129036157,9.263236999511719,9.787109375,0,0,0,0,0,0,0,0,,,,,/root/autodl-tmp/openvla_efficiency_project/scripts/Simulation/DF-06-01 LoRA+OFT INT8/output/videos/task_06_trial_021.mp4,2026-07-28T21:12:09.001622+00:00,2026-07-28T21:12:20.528686+00:00
task_06_trial_022,df_06_01_lora_oft_int8_libero10_seed42_best_step100000,DF-04-03 LoRA+OFT INT8 Language Model,bitsandbytes,llm_int8,True,6,LIVING_ROOM_SCENE6_put_the_white_mug_on_the_plate_and_put_the_chocolate_pudding_to_the_right_of_the_plate,put the white mug on the plate and put the chocolate pudding to the right of the plate,22,22,6064,True,False,success,197,197,11.22857,25,200,197,24,197.90095940232277,207.09881968796253,25.114334949533347,14.043522119370813,17.59268119931221,339.5976599305868,361.9585696607828,43.09614973738412,23.20392903063778,9.26323652267456,9.787109375,0,0,0,0,0,0,0,0,,,,,/root/autodl-tmp/openvla_efficiency_project/scripts/Simulation/DF-06-01 LoRA+OFT INT8/output/videos/task_06_trial_022.mp4,2026-07-28T21:12:20.530737+00:00,2026-07-28T21:12:31.760216+00:00
task_06_trial_023,df_06_01_lora_oft_int8_libero10_seed42_best_step100000,DF-04-03 LoRA+OFT INT8 Language Model,bitsandbytes,llm_int8,True,6,LIVING_ROOM_SCENE6_put_the_white_mug_on_the_plate_and_put_the_chocolate_pudding_to_the_right_of_the_plate,put the white mug on the plate and put the chocolate pudding to the right of the plate,23,23,6065,True,False,success,211,211,11.460684,27,216,211,26,199.04252852278728,209.46886967867613,25.469897014764246,12.625836286146495,14.484976418316364,327.70406965304306,342.4048190936446,41.9336961167401,23.847170476365328,9.263237476348877,9.787109375,0,0,0,0,0,0,0,0,,,,,/root/autodl-tmp/openvla_efficiency_project/scripts/Simulation/DF-06-01 LoRA+OFT INT8/output/videos/task_06_trial_023.mp4,2026-07-28T21:12:31.762319+00:00,2026-07-28T21:12:43.223800+00:00
task_06_trial_024,df_06_01_lora_oft_int8_libero10_seed42_best_step100000,DF-04-03 LoRA+OFT INT8 Language Model,bitsandbytes,llm_int8,True,6,LIVING_ROOM_SCENE6_put_the_white_mug_on_the_plate_and_put_the_chocolate_pudding_to_the_right_of_the_plate,put the white mug on the plate and put the chocolate pudding to the right of the plate,24,24,6066,True,False,success,223,223,12.173488,28,224,223,27,195.69575879722834,199.35854794457555,24.57166478171477,13.713610020253157,17.08367075771093,335.1442434691957,359.9170175381005,42.080891556670316,23.763755068100224,9.263236045837402,9.787109375,0,0,0,0,0,0,0,0,,,,,/root/autodl-tmp/openvla_efficiency_project/scripts/Simulation/DF-06-01 LoRA+OFT INT8/output/videos/task_06_trial_024.mp4,2026-07-28T21:12:43.225769+00:00,2026-07-28T21:12:55.400111+00:00
task_06_trial_025,df_06_01_lora_oft_int8_libero10_seed42_best_step100000,DF-04-03 LoRA+OFT INT8 Language Model,bitsandbytes,llm_int8,True,6,LIVING_ROOM_SCENE6_put_the_white_mug_on_the_plate_and_put_the_chocolate_pudding_to_the_right_of_the_plate,put the white mug on the plate and put the chocolate pudding to the right of the plate,25,25,6067,True,False,success,219,219,12.009865,28,224,219,27,194.93336682873112,198.45671663060784,24.922987539746444,13.849898687984846,16.65647942572832,333.1368516332337,354.3946740217507,42.592839478221656,23.478124779901435,9.26323652267456,9.787109375,0,0,0,0,0,0,0,0,,,,,/root/autodl-tmp/openvla_efficiency_project/scripts/Simulation/DF-06-01 LoRA+OFT INT8/output/videos/task_06_trial_025.mp4,2026-07-28T21:12:55.402654+00:00,2026-07-28T21:13:07.413304+00:00
task_06_trial_026,df_06_01_lora_oft_int8_libero10_seed42_best_step100000,DF-04-03 LoRA+OFT INT8 Language Model,bitsandbytes,llm_int8,True,6,LIVING_ROOM_SCENE6_put_the_white_mug_on_the_plate_and_put_the_chocolate_pudding_to_the_right_of_the_plate,put the white mug on the plate and put the chocolate pudding to the right of the plate,26,26,6068,True,False,success,208,208,12.259084,26,208,208,25,216.1293956092917,272.90650084614754,27.01617445116146,15.017244463356642,23.488122131675475,372.141113719688,465.02410946413875,46.517639214961,21.497221631969236,9.263237476348877,9.787109375,0,0,0,0,0,0,0,0,,,,,/root/autodl-tmp/openvla_efficiency_project/scripts/Simulation/DF-06-01 LoRA+OFT INT8/output/videos/task_06_trial_026.mp4,2026-07-28T21:13:07.415416+00:00,2026-07-28T21:13:19.675319+00:00
task_06_trial_027,df_06_01_lora_oft_int8_libero10_seed42_best_step100000,DF-04-03 LoRA+OFT INT8 Language Model,bitsandbytes,llm_int8,True,6,LIVING_ROOM_SCENE6_put_the_white_mug_on_the_plate_and_put_the_chocolate_pudding_to_the_right_of_the_plate,put the white mug on the plate and put the chocolate pudding to the right of the plate,27,27,6069,False,True,timeout,520,,25.198572,65,520,520,64,200.5829728853244,209.68384332954884,25.07287161066555,14.210620823387917,17.206025589257468,345.0707132713153,358.0655798316002,43.13383915891441,23.183653936200376,9.26323652267456,9.787109375,0,0,0,0,0,0,0,0,timeout,"collapse_diagnostics={""zero_equivalent_arm_action_count"":0,""zero_equivalent_full_noop_count"":0,""repeated_action_count"":0,""repeated_chunk_count"":0,""max_consecutive_zero_equivalent_actions"":0,""max_consecutive_repeated_chunks"":0}",,,/root/autodl-tmp/openvla_efficiency_project/scripts/Simulation/DF-06-01 LoRA+OFT INT8/output/videos/task_06_trial_027.mp4,2026-07-28T21:13:19.677526+00:00,2026-07-28T21:13:44.877090+00:00
task_06_trial_028,df_06_01_lora_oft_int8_libero10_seed42_best_step100000,DF-04-03 LoRA+OFT INT8 Language Model,bitsandbytes,llm_int8,True,6,LIVING_ROOM_SCENE6_put_the_white_mug_on_the_plate_and_put_the_chocolate_pudding_to_the_right_of_the_plate,put the white mug on the plate and put the chocolate pudding to the right of the plate,28,28,6070,True,False,success,229,229,12.699413,29,232,229,28,200.39660091800937,205.55884204804897,25.3777354874335,13.442541224532253,17.831460386514664,337.3806829211013,354.18072529137135,42.72506464939711,23.405464876554866,9.26323652267456,9.787109375,0,0,0,0,0,0,0,0,,,,,/root/autodl-tmp/openvla_efficiency_project/scripts/Simulation/DF-06-01 LoRA+OFT INT8/output/videos/task_06_trial_028.mp4,2026-07-28T21:13:44.879495+00:00,2026-07-28T21:13:57.579583+00:00
task_06_trial_029,df_06_01_lora_oft_int8_libero10_seed42_best_step100000,DF-04-03 LoRA+OFT INT8 Language Model,bitsandbytes,llm_int8,True,6,LIVING_ROOM_SCENE6_put_the_white_mug_on_the_plate_and_put_the_chocolate_pudding_to_the_right_of_the_plate,put the white mug on the plate and put the chocolate pudding to the right of the plate,29,29,6071,True,False,success,306,306,15.664129,39,312,306,38,195.76781200101743,202.36054603010416,24.950799568757123,13.708751776493063,16.913018189370632,333.2476209467038,348.59740529209375,42.47273600301127,23.54451570836174,9.26323652267456,9.787109375,0,0,0,0,0,0,0,0,,,,,/root/autodl-tmp/openvla_efficiency_project/scripts/Simulation/DF-06-01 LoRA+OFT INT8/output/videos/task_06_trial_029.mp4,2026-07-28T21:13:57.581582+00:00,2026-07-28T21:14:13.246688+00:00
task_06_trial_030,df_06_01_lora_oft_int8_libero10_seed42_best_step100000,DF-04-03 LoRA+OFT INT8 Language Model,bitsandbytes,llm_int8,True,6,LIVING_ROOM_SCENE6_put_the_white_mug_on_the_plate_and_put_the_chocolate_pudding_to_the_right_of_the_plate,put the white mug on the plate and put the chocolate pudding to the right of the plate,30,30,6072,True,False,success,229,229,12.352778,29,232,229,28,196.01553415173086,204.00170981884003,24.82292790567771,13.000998385738598,15.051643922924995,328.10016644412076,340.5398100614548,41.54980273746507,24.067502951062373,9.263237476348877,9.787109375,0,0,0,0,0,0,0,0,,,,,/root/autodl-tmp/openvla_efficiency_project/scripts/Simulation/DF-06-01 LoRA+OFT INT8/output/videos/task_06_trial_030.mp4,2026-07-28T21:14:13.248729+00:00,2026-07-28T21:14:25.602188+00:00
task_06_trial_031,df_06_01_lora_oft_int8_libero10_seed42_best_step100000,DF-04-03 LoRA+OFT INT8 Language Model,bitsandbytes,llm_int8,True,6,LIVING_ROOM_SCENE6_put_the_white_mug_on_the_plate_and_put_the_chocolate_pudding_to_the_right_of_the_plate,put the white mug on the plate and put the chocolate pudding to the right of the plate,31,31,6073,True,False,success,217,217,12.066579,28,224,217,27,203.1600860479687,237.54977378994226,26.214204651350798,13.31277732406893,18.31814609467983,337.024069391191,409.5691948197782,43.48697669563755,22.99539025209624,9.263236999511719,9.787109375,0,0,0,0,0,0,0,0,,,,,/root/autodl-tmp/openvla_efficiency_project/scripts/Simulation/DF-06-01 LoRA+OFT INT8/output/videos/task_06_trial_031.mp4,2026-07-28T21:14:25.604020+00:00,2026-07-28T21:14:37.671296+00:00
task_06_trial_032,df_06_01_lora_oft_int8_libero10_seed42_best_step100000,DF-04-03 LoRA+OFT INT8 Language Model,bitsandbytes,llm_int8,True,6,LIVING_ROOM_SCENE6_put_the_white_mug_on_the_plate_and_put_the_chocolate_pudding_to_the_right_of_the_plate,put the white mug on the plate and put the chocolate pudding to the right of the plate,32,32,6074,True,False,success,217,217,12.850704,28,224,217,27,201.97234828291195,232.7077537775039,26.060948165537024,13.569785839950983,16.545243933796883,340.1930680099343,404.7794657759367,43.89587974321732,22.78118141952759,9.263236045837402,9.787109375,0,0,0,0,0,0,0,0,,,,,/root/autodl-tmp/openvla_efficiency_project/scripts/Simulation/DF-06-01 LoRA+OFT INT8/output/videos/task_06_trial_032.mp4,2026-07-28T21:14:37.673243+00:00,2026-07-28T21:14:50.524780+00:00
task_06_trial_033,df_06_01_lora_oft_int8_libero10_seed42_best_step100000,DF-04-03 LoRA+OFT INT8 Language Model,bitsandbytes,llm_int8,True,6,LIVING_ROOM_SCENE6_put_the_white_mug_on_the_plate_and_put_the_chocolate_pudding_to_the_right_of_the_plate,put the white mug on the plate and put the chocolate pudding to the right of the plate,33,33,6075,True,False,success,311,311,16.134809,39,312,311,38,197.2063862455961,206.47779200226068,24.730061297679253,14.506051939735459,16.886564902961254,342.2910241553417,372.34400510787964,42.923954797615195,23.297014562496905,9.263236045837402,9.787109375,0,0,0,0,0,0,0,0,,,,,/root/autodl-tmp/openvla_efficiency_project/scripts/Simulation/DF-06-01 LoRA+OFT INT8/output/videos/task_06_trial_033.mp4,2026-07-28T21:14:50.526887+00:00,2026-07-28T21:15:06.662424+00:00
task_06_trial_034,df_06_01_lora_oft_int8_libero10_seed42_best_step100000,DF-04-03 LoRA+OFT INT8 Language Model,bitsandbytes,llm_int8,True,6,LIVING_ROOM_SCENE6_put_the_white_mug_on_the_plate_and_put_the_chocolate_pudding_to_the_right_of_the_plate,put the white mug on the plate and put the chocolate pudding to the right of the plate,34,34,6076,True,False,success,203,203,11.796238,26,208,203,25,196.64219236717776,203.56440544128418,25.185699515007986,13.493681409088849,16.064244136214253,332.2438864897077,358.47816662862897,42.55340418094778,23.499882541658675,9.26323652267456,9.787109375,0,0,0,0,0,0,0,0,,,,,/root/autodl-tmp/openvla_efficiency_project/scripts/Simulation/DF-06-01 LoRA+OFT INT8/output/videos/task_06_trial_034.mp4,2026-07-28T21:15:06.664174+00:00,2026-07-28T21:15:18.461123+00:00
task_06_trial_035,df_06_01_lora_oft_int8_libero10_seed42_best_step100000,DF-04-03 LoRA+OFT INT8 Language Model,bitsandbytes,llm_int8,True,6,LIVING_ROOM_SCENE6_put_the_white_mug_on_the_plate_and_put_the_chocolate_pudding_to_the_right_of_the_plate,put the white mug on the plate and put the chocolate pudding to the right of the plate,35,35,6077,True,False,success,249,249,13.541605,32,256,249,31,202.9186231084168,208.40169582515955,26.07789533923429,13.798522676928455,17.695233598351475,341.4606169098988,371.10684094950557,43.88248892014764,22.788133139387018,9.263236999511719,9.787109375,0,0,0,0,0,0,0,0,,,,,/root/autodl-tmp/openvla_efficiency_project/scripts/Simulation/DF-06-01 LoRA+OFT INT8/output/videos/task_06_trial_035.mp4,2026-07-28T21:15:18.463255+00:00,2026-07-28T21:15:32.005819+00:00
task_06_trial_036,df_06_01_lora_oft_int8_libero10_seed42_best_step100000,DF-04-03 LoRA+OFT INT8 Language Model,bitsandbytes,llm_int8,True,6,LIVING_ROOM_SCENE6_put_the_white_mug_on_the_plate_and_put_the_chocolate_pudding_to_the_right_of_the_plate,put the white mug on the plate and put the chocolate pudding to the right of the plate,36,36,6078,False,True,timeout,520,,25.746701,65,520,520,64,202.61262755554455,210.14868132770061,25.32657844444307,15.065122596346415,21.167262457311143,353.95177811957325,371.07568979263306,44.243972264946656,22.601948894002764,9.263236999511719,9.787109375,0,0,0,0,0,0,0,0,timeout,"collapse_diagnostics={""zero_equivalent_arm_action_count"":0,""zero_equivalent_full_noop_count"":0,""repeated_action_count"":0,""repeated_chunk_count"":0,""max_consecutive_zero_equivalent_actions"":0,""max_consecutive_repeated_chunks"":0}",,,/root/autodl-tmp/openvla_efficiency_project/scripts/Simulation/DF-06-01 LoRA+OFT INT8/output/videos/task_06_trial_036.mp4,2026-07-28T21:15:32.008008+00:00,2026-07-28T21:15:57.755607+00:00
task_06_trial_037,df_06_01_lora_oft_int8_libero10_seed42_best_step100000,DF-04-03 LoRA+OFT INT8 Language Model,bitsandbytes,llm_int8,True,6,LIVING_ROOM_SCENE6_put_the_white_mug_on_the_plate_and_put_the_chocolate_pudding_to_the_right_of_the_plate,put the white mug on the plate and put the chocolate pudding to the right of the plate,37,37,6079,True,False,success,200,200,11.583494,25,200,200,24,204.41793635487556,208.13317000865936,25.552242044359446,13.318833811208606,16.13560365512967,341.6577409952879,360.1023055613041,42.70721762441099,23.415245844262415,9.263236999511719,9.787109375,0,0,0,0,0,0,0,0,,,,,/root/autodl-tmp/openvla_efficiency_project/scripts/Simulation/DF-06-01 LoRA+OFT INT8/output/videos/task_06_trial_037.mp4,2026-07-28T21:15:57.758250+00:00,2026-07-28T21:16:09.342481+00:00
task_06_trial_038,df_06_01_lora_oft_int8_libero10_seed42_best_step100000,DF-04-03 LoRA+OFT INT8 Language Model,bitsandbytes,llm_int8,True,6,LIVING_ROOM_SCENE6_put_the_white_mug_on_the_plate_and_put_the_chocolate_pudding_to_the_right_of_the_plate,put the white mug on the plate and put the chocolate pudding to the right of the plate,38,38,6080,False,True,timeout,520,,24.91405,65,520,520,64,195.98461057131107,206.38349428772926,24.498076321413883,14.461118631208173,17.132442258298397,340.83153883425086,357.835565879941,42.60394235428136,23.472006221497196,9.26323652267456,9.787109375,0,0,0,0,0,0,0,0,timeout,"collapse_diagnostics={""zero_equivalent_arm_action_count"":0,""zero_equivalent_full_noop_count"":0,""repeated_action_count"":0,""repeated_chunk_count"":0,""max_consecutive_zero_equivalent_actions"":0,""max_consecutive_repeated_chunks"":0}",,,/root/autodl-tmp/openvla_efficiency_project/scripts/Simulation/DF-06-01 LoRA+OFT INT8/output/videos/task_06_trial_038.mp4,2026-07-28T21:16:09.344433+00:00,2026-07-28T21:16:34.259251+00:00
task_06_trial_039,df_06_01_lora_oft_int8_libero10_seed42_best_step100000,DF-04-03 LoRA+OFT INT8 Language Model,bitsandbytes,llm_int8,True,6,LIVING_ROOM_SCENE6_put_the_white_mug_on_the_plate_and_put_the_chocolate_pudding_to_the_right_of_the_plate,put the white mug on the plate and put the chocolate pudding to the right of the plate,39,39,6081,True,False,success,196,196,10.884308,25,200,196,24,196.06467321515083,205.72037138044834,25.008249134585565,13.17894676396129,16.189331654459238,328.69799822568893,353.5769879817962,41.92576507980726,23.851681611449727,9.263236999511719,9.787109375,0,0,0,0,0,0,0,0,,,,,/root/autodl-tmp/openvla_efficiency_project/scripts/Simulation/DF-06-01 LoRA+OFT INT8/output/videos/task_06_trial_039.mp4,2026-07-28T21:16:34.261346+00:00,2026-07-28T21:16:45.146459+00:00
task_06_trial_040,df_06_01_lora_oft_int8_libero10_seed42_best_step100000,DF-04-03 LoRA+OFT INT8 Language Model,bitsandbytes,llm_int8,True,6,LIVING_ROOM_SCENE6_put_the_white_mug_on_the_plate_and_put_the_chocolate_pudding_to_the_right_of_the_plate,put the white mug on the plate and put the chocolate pudding to the right of the plate,40,40,6082,True,False,success,229,229,12.137057,29,232,229,28,196.34959332901855,205.42654395103455,24.86523234297615,12.822559623934296,14.440609142184258,326.99439796651234,346.14857137203217,41.409770921523396,24.14888992974926,9.26323652267456,9.787109375,0,0,0,0,0,0,0,0,,,,,/root/autodl-tmp/openvla_efficiency_project/scripts/Simulation/DF-06-01 LoRA+OFT INT8/output/videos/task_06_trial_040.mp4,2026-07-28T21:16:45.149053+00:00,2026-07-28T21:16:57.286879+00:00
task_06_trial_041,df_06_01_lora_oft_int8_libero10_seed42_best_step100000,DF-04-03 LoRA+OFT INT8 Language Model,bitsandbytes,llm_int8,True,6,LIVING_ROOM_SCENE6_put_the_white_mug_on_the_plate_and_put_the_chocolate_pudding_to_the_right_of_the_plate,put the white mug on the plate and put the chocolate pudding to the right of the plate,41,41,6083,True,False,success,216,216,12.604927,27,216,216,26,213.25304310906816,264.3987672403455,26.65663038863352,15.079724059129754,23.03037792444229,366.6426286929184,459.57467146217823,45.8303285866148,21.81961227072808,9.26323652267456,9.787109375,0,0,0,0,0,0,0,0,,,,,/root/autodl-tmp/openvla_efficiency_project/scripts/Simulation/DF-06-01 LoRA+OFT INT8/output/videos/task_06_trial_041.mp4,2026-07-28T21:16:57.288693+00:00,2026-07-28T21:17:09.894373+00:00
task_06_trial_042,df_06_01_lora_oft_int8_libero10_seed42_best_step100000,DF-04-03 LoRA+OFT INT8 Language Model,bitsandbytes,llm_int8,True,6,LIVING_ROOM_SCENE6_put_the_white_mug_on_the_plate_and_put_the_chocolate_pudding_to_the_right_of_the_plate,put the white mug on the plate and put the chocolate pudding to the right of the plate,42,42,6084,True,False,success,195,195,11.0872,25,200,195,24,196.26086965203285,202.95413210988045,25.161649955388828,13.382676377510412,16.182279214262962,330.4067590087652,354.3973498046398,42.359840898559646,23.607265249053448,9.26323652267456,9.787109375,0,0,0,0,0,0,0,0,,,,,/root/autodl-tmp/openvla_efficiency_project/scripts/Simulation/DF-06-01 LoRA+OFT INT8/output/videos/task_06_trial_042.mp4,2026-07-28T21:17:09.896408+00:00,2026-07-28T21:17:20.984413+00:00
task_06_trial_043,df_06_01_lora_oft_int8_libero10_seed42_best_step100000,DF-04-03 LoRA+OFT INT8 Language Model,bitsandbytes,llm_int8,True,6,LIVING_ROOM_SCENE6_put_the_white_mug_on_the_plate_and_put_the_chocolate_pudding_to_the_right_of_the_plate,put the white mug on the plate and put the chocolate pudding to the right of the plate,43,43,6085,True,False,success,197,197,11.280438,25,200,197,24,202.60535910725594,209.07166451215744,25.71133998823045,14.357728429781604,17.279651388525963,346.50829143822193,369.11284886300564,43.97313343124644,22.741158565912425,9.26323652267456,9.787109375,0,0,0,0,0,0,0,0,,,,,/root/autodl-tmp/openvla_efficiency_project/scripts/Simulation/DF-06-01 LoRA+OFT INT8/output/videos/task_06_trial_043.mp4,2026-07-28T21:17:20.986402+00:00,2026-07-28T21:17:32.267755+00:00
task_06_trial_044,df_06_01_lora_oft_int8_libero10_seed42_best_step100000,DF-04-03 LoRA+OFT INT8 Language Model,bitsandbytes,llm_int8,True,6,LIVING_ROOM_SCENE6_put_the_white_mug_on_the_plate_and_put_the_chocolate_pudding_to_the_right_of_the_plate,put the white mug on the plate and put the chocolate pudding to the right of the plate,44,44,6086,True,False,success,237,237,13.085245,30,240,237,29,202.81945603589216,208.2011670805514,25.673348865302806,13.337426461310828,15.377787500619881,339.135885424912,353.64606408402324,42.92859309176101,23.294497396233634,9.26323652267456,9.787109375,0,0,0,0,0,0,0,0,,,,,/root/autodl-tmp/openvla_efficiency_project/scripts/Simulation/DF-06-01 LoRA+OFT INT8/output/videos/task_06_trial_044.mp4,2026-07-28T21:17:32.270471+00:00,2026-07-28T21:17:45.356479+00:00
task_06_trial_045,df_06_01_lora_oft_int8_libero10_seed42_best_step100000,DF-04-03 LoRA+OFT INT8 Language Model,bitsandbytes,llm_int8,True,6,LIVING_ROOM_SCENE6_put_the_white_mug_on_the_plate_and_put_the_chocolate_pudding_to_the_right_of_the_plate,put the white mug on the plate and put the chocolate pudding to the right of the plate,45,45,6087,False,True,timeout,520,,25.415531,65,520,520,64,201.25939797323483,207.31089003384113,25.157424746654353,14.62161408808942,18.8303238712251,348.9696962615618,375.3046579658985,43.621212032695226,22.92462665297961,9.263236999511719,9.787109375,0,0,0,0,0,0,0,0,timeout,"collapse_diagnostics={""zero_equivalent_arm_action_count"":0,""zero_equivalent_full_noop_count"":0,""repeated_action_count"":0,""repeated_chunk_count"":0,""max_consecutive_zero_equivalent_actions"":0,""max_consecutive_repeated_chunks"":0}",,,/root/autodl-tmp/openvla_efficiency_project/scripts/Simulation/DF-06-01 LoRA+OFT INT8/output/videos/task_06_trial_045.mp4,2026-07-28T21:17:45.358760+00:00,2026-07-28T21:18:10.775051+00:00
task_06_trial_046,df_06_01_lora_oft_int8_libero10_seed42_best_step100000,DF-04-03 LoRA+OFT INT8 Language Model,bitsandbytes,llm_int8,True,6,LIVING_ROOM_SCENE6_put_the_white_mug_on_the_plate_and_put_the_chocolate_pudding_to_the_right_of_the_plate,put the white mug on the plate and put the chocolate pudding to the right of the plate,46,46,6088,True,False,success,199,199,11.027117,25,200,199,24,197.99567066133022,206.21291920542717,24.87382797252892,13.163579552991306,16.40169639140367,333.94137017428875,350.6536826491356,41.952433438981,23.83651955385331,9.263236999511719,9.787109375,0,0,0,0,0,0,0,0,,,,,/root/autodl-tmp/openvla_efficiency_project/scripts/Simulation/DF-06-01 LoRA+OFT INT8/output/videos/task_06_trial_046.mp4,2026-07-28T21:18:10.777324+00:00,2026-07-28T21:18:21.805272+00:00
task_06_trial_047,df_06_01_lora_oft_int8_libero10_seed42_best_step100000,DF-04-03 LoRA+OFT INT8 Language Model,bitsandbytes,llm_int8,True,6,LIVING_ROOM_SCENE6_put_the_white_mug_on_the_plate_and_put_the_chocolate_pudding_to_the_right_of_the_plate,put the white mug on the plate and put the chocolate pudding to the right of the plate,47,47,6089,True,False,success,231,231,12.64467,29,232,231,28,197.7334741888375,208.12990814447403,24.823682906823755,13.651021155508566,17.030324786901474,336.1304338764528,361.4860963076353,42.19819299747675,23.697697199019757,9.26323652267456,9.787109375,0,0,0,0,0,0,0,0,,,,,/root/autodl-tmp/openvla_efficiency_project/scripts/Simulation/DF-06-01 LoRA+OFT INT8/output/videos/task_06_trial_047.mp4,2026-07-28T21:18:21.807229+00:00,2026-07-28T21:18:34.452645+00:00
task_06_trial_048,df_06_01_lora_oft_int8_libero10_seed42_best_step100000,DF-04-03 LoRA+OFT INT8 Language Model,bitsandbytes,llm_int8,True,6,LIVING_ROOM_SCENE6_put_the_white_mug_on_the_plate_and_put_the_chocolate_pudding_to_the_right_of_the_plate,put the white mug on the plate and put the chocolate pudding to the right of the plate,48,48,6090,True,False,success,196,196,10.796923,25,200,196,24,195.85162170231342,202.01859548687935,24.98107419672365,12.771686985708621,13.931730296462774,325.3759804368019,334.48879532516,41.50203832102065,24.095202078147164,9.26323652267456,9.787109375,0,0,0,0,0,0,0,0,,,,,/root/autodl-tmp/openvla_efficiency_project/scripts/Simulation/DF-06-01 LoRA+OFT INT8/output/videos/task_06_trial_048.mp4,2026-07-28T21:18:34.454869+00:00,2026-07-28T21:18:45.252499+00:00
task_06_trial_049,df_06_01_lora_oft_int8_libero10_seed42_best_step100000,DF-04-03 LoRA+OFT INT8 Language Model,bitsandbytes,llm_int8,True,6,LIVING_ROOM_SCENE6_put_the_white_mug_on_the_plate_and_put_the_chocolate_pudding_to_the_right_of_the_plate,put the white mug on the plate and put the chocolate pudding to the right of the plate,49,49,6091,True,False,success,201,201,11.77274,26,208,201,25,204.0489032291449,232.42210783064365,26.394385492327203,14.664984961499028,19.867312163114548,347.5103067377439,413.60282339155674,44.951581966076326,22.246158116407816,9.263236999511719,9.787109375,0,0,0,0,0,0,0,0,,,,,/root/autodl-tmp/openvla_efficiency_project/scripts/Simulation/DF-06-01 LoRA+OFT INT8/output/videos/task_06_trial_049.mp4,2026-07-28T21:18:45.254561+00:00,2026-07-28T21:18:57.027994+00:00
task_07_trial_000,df_06_01_lora_oft_int8_libero10_seed42_best_step100000,DF-04-03 LoRA+OFT INT8 Language Model,bitsandbytes,llm_int8,True,7,LIVING_ROOM_SCENE1_put_both_the_alphabet_soup_and_the_cream_cheese_box_in_the_basket,put both the alphabet soup and the cream cheese box in the basket,0,0,7042,True,False,success,247,247,11.655941,31,248,247,30,197.00973967631018,206.0616435483098,24.72591874480006,13.138752679532839,14.938343502581118,331.8809355579076,343.15347764641047,41.653072883785974,24.00783257432283,9.249577045440674,9.787109375,0,0,0,0,0,0,0,0,,,,,/root/autodl-tmp/openvla_efficiency_project/scripts/Simulation/DF-06-01 LoRA+OFT INT8/output/videos/task_07_trial_000.mp4,2026-07-28T21:18:58.273118+00:00,2026-07-28T21:19:09.929817+00:00
task_07_trial_001,df_06_01_lora_oft_int8_libero10_seed42_best_step100000,DF-04-03 LoRA+OFT INT8 Language Model,bitsandbytes,llm_int8,True,7,LIVING_ROOM_SCENE1_put_both_the_alphabet_soup_and_the_cream_cheese_box_in_the_basket,put both the alphabet soup and the cream cheese box in the basket,1,1,7043,True,False,success,236,236,11.946072,30,240,236,29,209.96031370013952,262.6960097812116,26.689870385610956,14.09269859856468,20.919845905154943,351.3388905053337,444.3615457974374,44.66172336932208,22.390537681017815,9.24957799911499,9.787109375,0,0,0,0,0,0,0,0,,,,,/root/autodl-tmp/openvla_efficiency_project/scripts/Simulation/DF-06-01 LoRA+OFT INT8/output/videos/task_07_trial_001.mp4,2026-07-28T21:19:09.931792+00:00,2026-07-28T21:19:21.878563+00:00
task_07_trial_002,df_06_01_lora_oft_int8_libero10_seed42_best_step100000,DF-04-03 LoRA+OFT INT8 Language Model,bitsandbytes,llm_int8,True,7,LIVING_ROOM_SCENE1_put_both_the_alphabet_soup_and_the_cream_cheese_box_in_the_basket,put both the alphabet soup and the cream cheese box in the basket,2,2,7044,True,False,success,233,233,11.416399,30,240,233,29,197.30924516916275,205.29020875692368,25.4046238415231,13.757320440698079,17.66538694500923,334.1250302270055,366.4043209515512,43.02039015798354,23.244791512296974,9.24957799911499,9.787109375,0,0,0,0,0,0,0,0,,,,,/root/autodl-tmp/openvla_efficiency_project/scripts/Simulation/DF-06-01 LoRA+OFT INT8/output/videos/task_07_trial_002.mp4,2026-07-28T21:19:21.880404+00:00,2026-07-28T21:19:33.297498+00:00
task_07_trial_003,df_06_01_lora_oft_int8_libero10_seed42_best_step100000,DF-04-03 LoRA+OFT INT8 Language Model,bitsandbytes,llm_int8,True,7,LIVING_ROOM_SCENE1_put_both_the_alphabet_soup_and_the_cream_cheese_box_in_the_basket,put both the alphabet soup and the cream cheese box in the basket,3,3,7045,True,False,success,241,241,11.834661,31,248,241,30,198.13917403019244,205.65516222268343,25.486781721725997,13.73098052543476,17.54453033208847,334.6053432793386,365.94722978770733,43.040521334686716,23.23391931579815,9.24957799911499,9.787109375,0,0,0,0,0,0,0,0,,,,,/root/autodl-tmp/openvla_efficiency_project/scripts/Simulation/DF-06-01 LoRA+OFT INT8/output/videos/task_07_trial_003.mp4,2026-07-28T21:19:33.299581+00:00,2026-07-28T21:19:45.134956+00:00
task_07_trial_004,df_06_01_lora_oft_int8_libero10_seed42_best_step100000,DF-04-03 LoRA+OFT INT8 Language Model,bitsandbytes,llm_int8,True,7,LIVING_ROOM_SCENE1_put_both_the_alphabet_soup_and_the_cream_cheese_box_in_the_basket,put both the alphabet soup and the cream cheese box in the basket,4,4,7046,True,False,success,249,249,11.937959,32,256,249,31,198.4581743599847,203.20440493524075,25.50466497799,13.065823701670372,15.01518152654171,329.6180389588699,344.57281697541475,42.36055119150135,23.606869407323163,9.24957799911499,9.787109375,0,0,0,0,0,0,0,0,,,,,/root/autodl-tmp/openvla_efficiency_project/scripts/Simulation/DF-06-01 LoRA+OFT INT8/output/videos/task_07_trial_004.mp4,2026-07-28T21:19:45.137026+00:00,2026-07-28T21:19:57.075814+00:00
task_07_trial_005,df_06_01_lora_oft_int8_libero10_seed42_best_step100000,DF-04-03 LoRA+OFT INT8 Language Model,bitsandbytes,llm_int8,True,7,LIVING_ROOM_SCENE1_put_both_the_alphabet_soup_and_the_cream_cheese_box_in_the_basket,put both the alphabet soup and the cream cheese box in the basket,5,5,7047,True,False,success,274,274,13.130928,35,280,274,34,196.33036069571972,205.40280174463987,25.078695709307265,13.82275404966008,20.358817651867817,334.82353298791816,356.4281029626727,42.76942939626692,23.38118637812091,9.24957799911499,9.787109375,0,0,0,0,0,0,0,0,,,,,/root/autodl-tmp/openvla_efficiency_project/scripts/Simulation/DF-06-01 LoRA+OFT INT8/output/videos/task_07_trial_005.mp4,2026-07-28T21:19:57.078122+00:00,2026-07-28T21:20:10.209820+00:00
task_07_trial_006,df_06_01_lora_oft_int8_libero10_seed42_best_step100000,DF-04-03 LoRA+OFT INT8 Language Model,bitsandbytes,llm_int8,True,7,LIVING_ROOM_SCENE1_put_both_the_alphabet_soup_and_the_cream_cheese_box_in_the_basket,put both the alphabet soup and the cream cheese box in the basket,6,6,7048,True,False,success,242,242,12.019152,31,248,242,30,198.0270493415094,203.52705847471952,25.367101361928892,13.838825177801542,18.580202665179964,336.91830668718586,363.693879917264,43.15895664174695,23.170161602857576,9.24957799911499,9.787109375,0,0,0,0,0,0,0,0,,,,,/root/autodl-tmp/openvla_efficiency_project/scripts/Simulation/DF-06-01 LoRA+OFT INT8/output/videos/task_07_trial_006.mp4,2026-07-28T21:20:10.211729+00:00,2026-07-28T21:20:22.231574+00:00
task_07_trial_007,df_06_01_lora_oft_int8_libero10_seed42_best_step100000,DF-04-03 LoRA+OFT INT8 Language Model,bitsandbytes,llm_int8,True,7,LIVING_ROOM_SCENE1_put_both_the_alphabet_soup_and_the_cream_cheese_box_in_the_basket,put both the alphabet soup and the cream cheese box in the basket,7,7,7049,True,False,success,256,256,11.92441,32,256,256,31,194.39586758380756,204.00603227317333,24.299483447975945,13.416645437246189,16.745408531278372,330.6039444869384,355.21969981491566,41.3254930608673,24.198138387051415,9.249577522277832,9.787109375,0,0,0,0,0,0,0,0,,,,,/root/autodl-tmp/openvla_efficiency_project/scripts/Simulation/DF-06-01 LoRA+OFT INT8/output/videos/task_07_trial_007.mp4,2026-07-28T21:20:22.233327+00:00,2026-07-28T21:20:34.158416+00:00
task_07_trial_008,df_06_01_lora_oft_int8_libero10_seed42_best_step100000,DF-04-03 LoRA+OFT INT8 Language Model,bitsandbytes,llm_int8,True,7,LIVING_ROOM_SCENE1_put_both_the_alphabet_soup_and_the_cream_cheese_box_in_the_basket,put both the alphabet soup and the cream cheese box in the basket,8,8,7050,True,False,success,234,234,11.274477,30,240,234,29,193.76135089745125,199.96273992583156,24.84119883300657,13.511496500518078,17.03065764158964,328.2259076212843,360.45326441526413,42.080244566831325,23.764120439267227,9.249577045440674,9.787109375,0,0,0,0,0,0,0,0,,,,,/root/autodl-tmp/openvla_efficiency_project/scripts/Simulation/DF-06-01 LoRA+OFT INT8/output/videos/task_07_trial_008.mp4,2026-07-28T21:20:34.160332+00:00,2026-07-28T21:20:45.435673+00:00
task_07_trial_009,df_06_01_lora_oft_int8_libero10_seed42_best_step100000,DF-04-03 LoRA+OFT INT8 Language Model,bitsandbytes,llm_int8,True,7,LIVING_ROOM_SCENE1_put_both_the_alphabet_soup_and_the_cream_cheese_box_in_the_basket,put both the alphabet soup and the cream cheese box in the basket,9,9,7051,True,False,success,237,237,11.242456,30,240,237,29,194.38521905491748,202.37240819260478,24.605723931002213,12.71696522328924,13.81240002810955,324.957237765193,338.5511040687561,41.133827565214304,24.31089104009546,9.249577522277832,9.787109375,0,0,0,0,0,0,0,0,,,,,/root/autodl-tmp/openvla_efficiency_project/scripts/Simulation/DF-06-01 LoRA+OFT INT8/output/videos/task_07_trial_009.mp4,2026-07-28T21:20:45.437852+00:00,2026-07-28T21:20:56.681010+00:00
task_07_trial_010,df_06_01_lora_oft_int8_libero10_seed42_best_step100000,DF-04-03 LoRA+OFT INT8 Language Model,bitsandbytes,llm_int8,True,7,LIVING_ROOM_SCENE1_put_both_the_alphabet_soup_and_the_cream_cheese_box_in_the_basket,put both the alphabet soup and the cream cheese box in the basket,10,10,7052,True,False,success,232,232,11.127615,29,232,232,28,198.02525067894624,208.41130167245865,24.75315633486828,13.393740177732603,17.236200533807274,335.0525424526683,351.39569230377674,41.88156780658354,23.876852094414808,9.249578475952148,9.787109375,0,0,0,0,0,0,0,0,,,,,/root/autodl-tmp/openvla_efficiency_project/scripts/Simulation/DF-06-01 LoRA+OFT INT8/output/videos/task_07_trial_010.mp4,2026-07-28T21:20:56.682866+00:00,2026-07-28T21:21:07.811295+00:00
task_07_trial_011,df_06_01_lora_oft_int8_libero10_seed42_best_step100000,DF-04-03 LoRA+OFT INT8 Language Model,bitsandbytes,llm_int8,True,7,LIVING_ROOM_SCENE1_put_both_the_alphabet_soup_and_the_cream_cheese_box_in_the_basket,put both the alphabet soup and the cream cheese box in the basket,11,11,7053,True,False,success,239,239,12.550396,30,240,239,29,210.43065388997397,272.4115468561649,26.413889609620163,14.786992837756747,19.907282292842865,360.03338545560837,434.56707224249834,45.19247516179185,22.127577576132715,9.249577522277832,9.787109375,0,0,0,0,0,0,0,0,,,,,/root/autodl-tmp/openvla_efficiency_project/scripts/Simulation/DF-06-01 LoRA+OFT INT8/output/videos/task_07_trial_011.mp4,2026-07-28T21:21:07.814006+00:00,2026-07-28T21:21:20.365211+00:00
task_07_trial_012,df_06_01_lora_oft_int8_libero10_seed42_best_step100000,DF-04-03 LoRA+OFT INT8 Language Model,bitsandbytes,llm_int8,True,7,LIVING_ROOM_SCENE1_put_both_the_alphabet_soup_and_the_cream_cheese_box_in_the_basket,put both the alphabet soup and the cream cheese box in the basket,12,12,7054,True,False,success,237,237,11.85705,30,240,237,29,193.29309463500977,198.89903496950865,24.46748033354554,13.165095978208232,16.544857248663902,326.3929922754566,352.2640597075224,41.31556864246286,24.203951025188868,9.249577045440674,9.787109375,0,0,0,0,0,0,0,0,,,,,/root/autodl-tmp/openvla_efficiency_project/scripts/Simulation/DF-06-01 LoRA+OFT INT8/output/videos/task_07_trial_012.mp4,2026-07-28T21:21:20.367242+00:00,2026-07-28T21:21:32.225001+00:00
task_07_trial_013,df_06_01_lora_oft_int8_libero10_seed42_best_step100000,DF-04-03 LoRA+OFT INT8 Language Model,bitsandbytes,llm_int8,True,7,LIVING_ROOM_SCENE1_put_both_the_alphabet_soup_and_the_cream_cheese_box_in_the_basket,put both the alphabet soup and the cream cheese box in the basket,13,13,7055,True,False,success,223,223,10.684775,28,224,223,27,199.06921751265014,206.36556297540665,24.995238073337237,13.262035183174193,15.911442786455154,334.38399660268,359.7963453270495,41.98543455100915,23.817783731286028,9.249577522277832,9.787109375,0,0,0,0,0,0,0,0,,,,,/root/autodl-tmp/openvla_efficiency_project/scripts/Simulation/DF-06-01 LoRA+OFT INT8/output/videos/task_07_trial_013.mp4,2026-07-28T21:21:32.227010+00:00,2026-07-28T21:21:42.912483+00:00
task_07_trial_014,df_06_01_lora_oft_int8_libero10_seed42_best_step100000,DF-04-03 LoRA+OFT INT8 Language Model,bitsandbytes,llm_int8,True,7,LIVING_ROOM_SCENE1_put_both_the_alphabet_soup_and_the_cream_cheese_box_in_the_basket,put both the alphabet soup and the cream cheese box in the basket,14,14,7056,True,False,success,258,258,12.362638,33,264,258,32,201.42727638735914,204.97622713446617,25.763953956522684,12.748248239820319,14.377462584525345,331.5103270226356,345.31916975975037,42.40248368894176,23.583524194852583,9.249577522277832,9.787109375,0,0,0,0,0,0,0,0,,,,,/root/autodl-tmp/openvla_efficiency_project/scripts/Simulation/DF-06-01 LoRA+OFT INT8/output/videos/task_07_trial_014.mp4,2026-07-28T21:21:42.922403+00:00,2026-07-28T21:21:55.285857+00:00
task_07_trial_015,df_06_01_lora_oft_int8_libero10_seed42_best_step100000,DF-04-03 LoRA+OFT INT8 Language Model,bitsandbytes,llm_int8,True,7,LIVING_ROOM_SCENE1_put_both_the_alphabet_soup_and_the_cream_cheese_box_in_the_basket,put both the alphabet soup and the cream cheese box in the basket,15,15,7057,True,False,success,222,222,11.104332,28,224,222,27,198.50763572113854,208.7224505841732,25.03699909996342,14.048819472123911,21.444344706833355,341.12150481502925,372.7120160125196,43.02433394063432,23.24266080167136,9.24957799911499,9.787109375,0,0,0,0,0,0,0,0,,,,,/root/autodl-tmp/openvla_efficiency_project/scripts/Simulation/DF-06-01 LoRA+OFT INT8/output/videos/task_07_trial_015.mp4,2026-07-28T21:21:55.288041+00:00,2026-07-28T21:22:06.393072+00:00
task_07_trial_016,df_06_01_lora_oft_int8_libero10_seed42_best_step100000,DF-04-03 LoRA+OFT INT8 Language Model,bitsandbytes,llm_int8,True,7,LIVING_ROOM_SCENE1_put_both_the_alphabet_soup_and_the_cream_cheese_box_in_the_basket,put both the alphabet soup and the cream cheese box in the basket,16,16,7058,True,False,success,245,245,12.157469,31,248,245,30,203.0586561248187,208.82218331098557,25.69313608109951,14.309086817867902,19.664923101663582,346.03310220183863,382.3967594653368,43.78378027859999,22.83950800129439,9.249577522277832,9.787109375,0,0,0,0,0,0,0,0,,,,,/root/autodl-tmp/openvla_efficiency_project/scripts/Simulation/DF-06-01 LoRA+OFT INT8/output/videos/task_07_trial_016.mp4,2026-07-28T21:22:06.395074+00:00,2026-07-28T21:22:18.553274+00:00
task_07_trial_017,df_06_01_lora_oft_int8_libero10_seed42_best_step100000,DF-04-03 LoRA+OFT INT8 Language Model,bitsandbytes,llm_int8,True,7,LIVING_ROOM_SCENE1_put_both_the_alphabet_soup_and_the_cream_cheese_box_in_the_basket,put both the alphabet soup and the cream cheese box in the basket,17,17,7059,True,False,success,241,241,11.767504,31,248,241,30,202.0963950142745,209.7689425572753,25.995801848309167,13.178373822223596,14.864116907119751,334.9690670447965,350.29740259051323,43.08730737920619,23.208690930698474,9.249577522277832,9.787109375,0,0,0,0,0,0,0,0,,,,,/root/autodl-tmp/openvla_efficiency_project/scripts/Simulation/DF-06-01 LoRA+OFT INT8/output/videos/task_07_trial_017.mp4,2026-07-28T21:22:18.555347+00:00,2026-07-28T21:22:30.323720+00:00
task_07_trial_018,df_06_01_lora_oft_int8_libero10_seed42_best_step100000,DF-04-03 LoRA+OFT INT8 Language Model,bitsandbytes,llm_int8,True,7,LIVING_ROOM_SCENE1_put_both_the_alphabet_soup_and_the_cream_cheese_box_in_the_basket,put both the alphabet soup and the cream cheese box in the basket,18,18,7060,True,False,success,227,227,11.120921,29,232,227,28,193.56205160247868,200.09627677500248,24.728191614413575,13.882292582271909,17.79306847602129,331.800545790586,362.6558091491461,42.38861598205724,23.59123969566008,9.249577045440674,9.787109375,0,0,0,0,0,0,0,0,,,,,/root/autodl-tmp/openvla_efficiency_project/scripts/Simulation/DF-06-01 LoRA+OFT INT8/output/videos/task_07_trial_018.mp4,2026-07-28T21:22:30.325795+00:00,2026-07-28T21:22:41.447423+00:00
task_07_trial_019,df_06_01_lora_oft_int8_libero10_seed42_best_step100000,DF-04-03 LoRA+OFT INT8 Language Model,bitsandbytes,llm_int8,True,7,LIVING_ROOM_SCENE1_put_both_the_alphabet_soup_and_the_cream_cheese_box_in_the_basket,put both the alphabet soup and the cream cheese box in the basket,19,19,7061,True,False,success,242,242,11.609879,31,248,242,30,194.3118064514091,199.9486368149519,24.89118181815571,13.539785511545405,17.46984580531716,328.63462121496275,360.98992824554443,42.097823378776226,23.754197242039687,9.24957799911499,9.787109375,0,0,0,0,0,0,0,0,,,,,/root/autodl-tmp/openvla_efficiency_project/scripts/Simulation/DF-06-01 LoRA+OFT INT8/output/videos/task_07_trial_019.mp4,2026-07-28T21:22:41.449130+00:00,2026-07-28T21:22:53.059673+00:00
task_07_trial_020,df_06_01_lora_oft_int8_libero10_seed42_best_step100000,DF-04-03 LoRA+OFT INT8 Language Model,bitsandbytes,llm_int8,True,7,LIVING_ROOM_SCENE1_put_both_the_alphabet_soup_and_the_cream_cheese_box_in_the_basket,put both the alphabet soup and the cream cheese box in the basket,20,20,7062,True,False,success,224,224,10.912074,28,224,224,27,201.9277384637722,239.23684684559694,25.240967307971523,13.649134455980468,15.895195119082928,341.0084636083671,393.1223858147859,42.62605795104589,23.459828285047028,9.249577522277832,9.787109375,0,0,0,0,0,0,0,0,,,,,/root/autodl-tmp/openvla_efficiency_project/scripts/Simulation/DF-06-01 LoRA+OFT INT8/output/videos/task_07_trial_020.mp4,2026-07-28T21:22:53.061478+00:00,2026-07-28T21:23:03.974402+00:00
task_07_trial_021,df_06_01_lora_oft_int8_libero10_seed42_best_step100000,DF-04-03 LoRA+OFT INT8 Language Model,bitsandbytes,llm_int8,True,7,LIVING_ROOM_SCENE1_put_both_the_alphabet_soup_and_the_cream_cheese_box_in_the_basket,put both the alphabet soup and the cream cheese box in the basket,21,21,7063,True,False,success,224,224,11.563513,28,224,224,27,197.1809469562556,206.33215168491006,24.64761836953195,14.108031904990119,18.402803037315607,340.21936762811885,374.93935944512486,42.527420953514856,23.514240402517306,9.249577045440674,9.787109375,0,0,0,0,0,0,0,0,,,,,/root/autodl-tmp/openvla_efficiency_project/scripts/Simulation/DF-06-01 LoRA+OFT INT8/output/videos/task_07_trial_021.mp4,2026-07-28T21:23:03.976465+00:00,2026-07-28T21:23:15.540842+00:00
task_07_trial_022,df_06_01_lora_oft_int8_libero10_seed42_best_step100000,DF-04-03 LoRA+OFT INT8 Language Model,bitsandbytes,llm_int8,True,7,LIVING_ROOM_SCENE1_put_both_the_alphabet_soup_and_the_cream_cheese_box_in_the_basket,put both the alphabet soup and the cream cheese box in the basket,22,22,7064,True,False,success,236,236,11.568627,30,240,236,29,195.93880573908487,205.61872040852901,24.907475305815876,13.436618758270802,16.515902243554592,331.17142772922915,359.9985725246369,42.0980628469359,23.754062120052744,9.24957799911499,9.787109375,0,0,0,0,0,0,0,0,,,,,/root/autodl-tmp/openvla_efficiency_project/scripts/Simulation/DF-06-01 LoRA+OFT INT8/output/videos/task_07_trial_022.mp4,2026-07-28T21:23:15.546387+00:00,2026-07-28T21:23:27.115706+00:00
task_07_trial_023,df_06_01_lora_oft_int8_libero10_seed42_best_step100000,DF-04-03 LoRA+OFT INT8 Language Model,bitsandbytes,llm_int8,True,7,LIVING_ROOM_SCENE1_put_both_the_alphabet_soup_and_the_cream_cheese_box_in_the_basket,put both the alphabet soup and the cream cheese box in the basket,23,23,7065,True,False,success,250,250,12.110267,32,256,250,31,198.73260537860915,209.8503775894642,25.43777348846197,13.724899113178253,16.536751203238964,336.0823226394132,363.2046171464026,43.01853729784489,23.24579269342329,9.249576568603516,9.787109375,0,0,0,0,0,0,0,0,,,,,/root/autodl-tmp/openvla_efficiency_project/scripts/Simulation/DF-06-01 LoRA+OFT INT8/output/videos/task_07_trial_023.mp4,2026-07-28T21:23:27.117342+00:00,2026-07-28T21:23:39.228450+00:00
task_07_trial_024,df_06_01_lora_oft_int8_libero10_seed42_best_step100000,DF-04-03 LoRA+OFT INT8 Language Model,bitsandbytes,llm_int8,True,7,LIVING_ROOM_SCENE1_put_both_the_alphabet_soup_and_the_cream_cheese_box_in_the_basket,put both the alphabet soup and the cream cheese box in the basket,24,24,7066,True,False,success,225,225,11.630624,29,232,225,28,209.80955878722256,223.31076636910439,27.04212091035313,14.091991053687202,19.005374982953068,349.6174241962104,374.0429647266865,45.061801340844895,22.191744897991473,9.249577522277832,9.787109375,0,0,0,0,0,0,0,0,,,,,/root/autodl-tmp/openvla_efficiency_project/scripts/Simulation/DF-06-01 LoRA+OFT INT8/output/videos/task_07_trial_024.mp4,2026-07-28T21:23:39.230587+00:00,2026-07-28T21:23:50.861986+00:00
task_07_trial_025,df_06_01_lora_oft_int8_libero10_seed42_best_step100000,DF-04-03 LoRA+OFT INT8 Language Model,bitsandbytes,llm_int8,True,7,LIVING_ROOM_SCENE1_put_both_the_alphabet_soup_and_the_cream_cheese_box_in_the_basket,put both the alphabet soup and the cream cheese box in the basket,25,25,7067,True,False,success,235,235,11.688812,30,240,235,29,202.46844856689373,222.8494099341333,25.84703598726303,13.217058960110583,16.75696410238743,337.0624216894309,363.504805136472,43.029245322055004,23.24000787174953,9.249577045440674,9.787109375,0,0,0,0,0,0,0,0,,,,,/root/autodl-tmp/openvla_efficiency_project/scripts/Simulation/DF-06-01 LoRA+OFT INT8/output/videos/task_07_trial_025.mp4,2026-07-28T21:23:50.863870+00:00,2026-07-28T21:24:02.553586+00:00
task_07_trial_026,df_06_01_lora_oft_int8_libero10_seed42_best_step100000,DF-04-03 LoRA+OFT INT8 Language Model,bitsandbytes,llm_int8,True,7,LIVING_ROOM_SCENE1_put_both_the_alphabet_soup_and_the_cream_cheese_box_in_the_basket,put both the alphabet soup and the cream cheese box in the basket,26,26,7068,True,False,success,239,239,11.750423,30,240,239,29,201.08302881320319,206.38787411153316,25.24054754977446,13.27755842279939,19.324747659265995,337.7394163360198,348.74897794798017,42.394068996153116,23.58820522962165,9.24957799911499,9.787109375,0,0,0,0,0,0,0,0,,,,,/root/autodl-tmp/openvla_efficiency_project/scripts/Simulation/DF-06-01 LoRA+OFT INT8/output/videos/task_07_trial_026.mp4,2026-07-28T21:24:02.555681+00:00,2026-07-28T21:24:14.306872+00:00
task_07_trial_027,df_06_01_lora_oft_int8_libero10_seed42_best_step100000,DF-04-03 LoRA+OFT INT8 Language Model,bitsandbytes,llm_int8,True,7,LIVING_ROOM_SCENE1_put_both_the_alphabet_soup_and_the_cream_cheese_box_in_the_basket,put both the alphabet soup and the cream cheese box in the basket,27,27,7069,True,False,success,269,269,12.978537,34,272,269,33,204.5093775891206,209.9300709553063,25.848768914610037,12.983620575314118,14.472351595759392,337.79119870022816,351.45209059119225,42.69479834872772,23.422056987647053,9.24957799911499,9.787109375,0,0,0,0,0,0,0,0,,,,,/root/autodl-tmp/openvla_efficiency_project/scripts/Simulation/DF-06-01 LoRA+OFT INT8/output/videos/task_07_trial_027.mp4,2026-07-28T21:24:14.309309+00:00,2026-07-28T21:24:27.288847+00:00
task_07_trial_028,df_06_01_lora_oft_int8_libero10_seed42_best_step100000,DF-04-03 LoRA+OFT INT8 Language Model,bitsandbytes,llm_int8,True,7,LIVING_ROOM_SCENE1_put_both_the_alphabet_soup_and_the_cream_cheese_box_in_the_basket,put both the alphabet soup and the cream cheese box in the basket,28,28,7070,True,False,success,289,289,14.024039,37,296,289,36,199.04410396073317,202.00785249471664,25.48315517836376,13.271636004111759,15.555446594953535,334.06734078921176,355.96428476274014,42.76986715986448,23.380947064020962,9.249577522277832,9.787109375,0,0,0,0,0,0,0,0,,,,,/root/autodl-tmp/openvla_efficiency_project/scripts/Simulation/DF-06-01 LoRA+OFT INT8/output/videos/task_07_trial_028.mp4,2026-07-28T21:24:27.291178+00:00,2026-07-28T21:24:41.316076+00:00
task_07_trial_029,df_06_01_lora_oft_int8_libero10_seed42_best_step100000,DF-04-03 LoRA+OFT INT8 Language Model,bitsandbytes,llm_int8,True,7,LIVING_ROOM_SCENE1_put_both_the_alphabet_soup_and_the_cream_cheese_box_in_the_basket,put both the alphabet soup and the cream cheese box in the basket,29,29,7071,True,False,success,245,245,11.941795,31,248,245,30,197.8074619246106,201.04387681931257,25.02869926393032,13.673282566727424,16.820013150572777,336.29118567032197,359.82884652912617,42.55112961542849,23.50113872505544,9.249577045440674,9.787109375,0,0,0,0,0,0,0,0,,,,,/root/autodl-tmp/openvla_efficiency_project/scripts/Simulation/DF-06-01 LoRA+OFT INT8/output/videos/task_07_trial_029.mp4,2026-07-28T21:24:41.317980+00:00,2026-07-28T21:24:53.260550+00:00
task_07_trial_030,df_06_01_lora_oft_int8_libero10_seed42_best_step100000,DF-04-03 LoRA+OFT INT8 Language Model,bitsandbytes,llm_int8,True,7,LIVING_ROOM_SCENE1_put_both_the_alphabet_soup_and_the_cream_cheese_box_in_the_basket,put both the alphabet soup and the cream cheese box in the basket,30,30,7072,True,False,success,241,241,12.582069,31,248,241,30,213.13755869144393,266.3478637114167,27.41603452047619,14.608806903431525,20.89865878224373,358.5231759615483,432.813024148345,46.11708902409957,21.683935850275077,9.249577045440674,9.787109375,0,0,0,0,0,0,0,0,,,,,/root/autodl-tmp/openvla_efficiency_project/scripts/Simulation/DF-06-01 LoRA+OFT INT8/output/videos/task_07_trial_030.mp4,2026-07-28T21:24:53.262441+00:00,2026-07-28T21:25:05.845400+00:00
task_07_trial_031,df_06_01_lora_oft_int8_libero10_seed42_best_step100000,DF-04-03 LoRA+OFT INT8 Language Model,bitsandbytes,llm_int8,True,7,LIVING_ROOM_SCENE1_put_both_the_alphabet_soup_and_the_cream_cheese_box_in_the_basket,put both the alphabet soup and the cream cheese box in the basket,31,31,7073,True,False,success,247,247,11.754832,31,248,247,30,194.43848068195004,206.73928037285805,24.4032101260747,13.356581797845934,15.787889994680882,330.64254739832495,350.0831937417388,41.49764764918248,24.097751478684128,9.24957799911499,9.787109375,0,0,0,0,0,0,0,0,,,,,/root/autodl-tmp/openvla_efficiency_project/scripts/Simulation/DF-06-01 LoRA+OFT INT8/output/videos/task_07_trial_031.mp4,2026-07-28T21:25:05.847457+00:00,2026-07-28T21:25:17.603042+00:00
task_07_trial_032,df_06_01_lora_oft_int8_libero10_seed42_best_step100000,DF-04-03 LoRA+OFT INT8 Language Model,bitsandbytes,llm_int8,True,7,LIVING_ROOM_SCENE1_put_both_the_alphabet_soup_and_the_cream_cheese_box_in_the_basket,put both the alphabet soup and the cream cheese box in the basket,32,32,7074,True,False,success,242,242,11.794166,31,248,242,30,194.69082037047033,200.62967389822006,24.93973318795281,13.904320022229813,18.188998289406296,332.99826043507744,373.3589295297861,42.656801956559505,23.442920100254398,9.24957799911499,9.787109375,0,0,0,0,0,0,0,0,,,,,/root/autodl-tmp/openvla_efficiency_project/scripts/Simulation/DF-06-01 LoRA+OFT INT8/output/videos/task_07_trial_032.mp4,2026-07-28T21:25:17.605217+00:00,2026-07-28T21:25:29.400025+00:00
task_07_trial_033,df_06_01_lora_oft_int8_libero10_seed42_best_step100000,DF-04-03 LoRA+OFT INT8 Language Model,bitsandbytes,llm_int8,True,7,LIVING_ROOM_SCENE1_put_both_the_alphabet_soup_and_the_cream_cheese_box_in_the_basket,put both the alphabet soup and the cream cheese box in the basket,33,33,7075,True,False,success,247,247,11.743105,31,248,247,30,194.60914428195645,202.11657881736755,24.42462944429413,13.844210337772061,18.977554515004154,334.3686738442029,374.4647651910782,41.96529914643842,23.829211761614946,9.249577522277832,9.787109375,0,0,0,0,0,0,0,0,,,,,/root/autodl-tmp/openvla_efficiency_project/scripts/Simulation/DF-06-01 LoRA+OFT INT8/output/videos/task_07_trial_033.mp4,2026-07-28T21:25:29.401704+00:00,2026-07-28T21:25:41.145533+00:00
task_07_trial_034,df_06_01_lora_oft_int8_libero10_seed42_best_step100000,DF-04-03 LoRA+OFT INT8 Language Model,bitsandbytes,llm_int8,True,7,LIVING_ROOM_SCENE1_put_both_the_alphabet_soup_and_the_cream_cheese_box_in_the_basket,put both the alphabet soup and the cream cheese box in the basket,34,34,7076,True,False,success,241,241,11.630523,31,248,241,30,196.74038646682615,204.05863877385855,25.30685469075357,13.616356187156127,17.921943217515945,332.18560980692985,352.9090965166688,42.72926931126484,23.403161723066656,9.249577522277832,9.787109375,0,0,0,0,0,0,0,0,,,,,/root/autodl-tmp/openvla_efficiency_project/scripts/Simulation/DF-06-01 LoRA+OFT INT8/output/videos/task_07_trial_034.mp4,2026-07-28T21:25:41.147396+00:00,2026-07-28T21:25:52.778856+00:00
task_07_trial_035,df_06_01_lora_oft_int8_libero10_seed42_best_step100000,DF-04-03 LoRA+OFT INT8 Language Model,bitsandbytes,llm_int8,True,7,LIVING_ROOM_SCENE1_put_both_the_alphabet_soup_and_the_cream_cheese_box_in_the_basket,put both the alphabet soup and the cream cheese box in the basket,35,35,7077,True,False,success,238,238,11.554236,30,240,238,29,197.55368884652853,201.82150714099407,24.901725484856538,13.061918208704276,16.79049739614128,331.3802522296707,342.42215687409043,41.770620028950084,23.940271877863605,9.249577522277832,9.787109375,0,0,0,0,0,0,0,0,,,,,/root/autodl-tmp/openvla_efficiency_project/scripts/Simulation/DF-06-01 LoRA+OFT INT8/output/videos/task_07_trial_035.mp4,2026-07-28T21:25:52.781027+00:00,2026-07-28T21:26:04.335964+00:00
task_07_trial_036,df_06_01_lora_oft_int8_libero10_seed42_best_step100000,DF-04-03 LoRA+OFT INT8 Language Model,bitsandbytes,llm_int8,True,7,LIVING_ROOM_SCENE1_put_both_the_alphabet_soup_and_the_cream_cheese_box_in_the_basket,put both the alphabet soup and the cream cheese box in the basket,36,36,7078,True,False,success,219,219,10.993122,28,224,219,27,200.05038174401437,208.65296693518758,25.57721775722558,14.174070124212465,21.725204959511753,341.67603543028235,375.90060718357563,43.68460726962514,22.891358364009417,9.249577045440674,9.787109375,0,0,0,0,0,0,0,0,,,,,/root/autodl-tmp/openvla_efficiency_project/scripts/Simulation/DF-06-01 LoRA+OFT INT8/output/videos/task_07_trial_036.mp4,2026-07-28T21:26:04.338201+00:00,2026-07-28T21:26:15.332098+00:00
task_07_trial_037,df_06_01_lora_oft_int8_libero10_seed42_best_step100000,DF-04-03 LoRA+OFT INT8 Language Model,bitsandbytes,llm_int8,True,7,LIVING_ROOM_SCENE1_put_both_the_alphabet_soup_and_the_cream_cheese_box_in_the_basket,put both the alphabet soup and the cream cheese box in the basket,37,37,7079,True,False,success,234,234,11.600954,30,240,234,29,198.84192124009132,208.70437314733863,25.49255400513991,14.096726384809893,20.746244490146633,339.3693619718154,368.94266325980425,43.50889256048916,22.98380724376583,9.249578475952148,9.787109375,0,0,0,0,0,0,0,0,,,,,/root/autodl-tmp/openvla_efficiency_project/scripts/Simulation/DF-06-01 LoRA+OFT INT8/output/videos/task_07_trial_037.mp4,2026-07-28T21:26:15.334211+00:00,2026-07-28T21:26:26.935954+00:00
task_07_trial_038,df_06_01_lora_oft_int8_libero10_seed42_best_step100000,DF-04-03 LoRA+OFT INT8 Language Model,bitsandbytes,llm_int8,True,7,LIVING_ROOM_SCENE1_put_both_the_alphabet_soup_and_the_cream_cheese_box_in_the_basket,put both the alphabet soup and the cream cheese box in the basket,38,38,7080,True,False,success,269,269,13.230152,34,272,269,33,199.86382340464522,209.27764791995287,25.261598497241405,14.048765603882229,20.507619529962533,341.1522786516477,365.6658192165196,43.11961886303354,23.191299607179513,9.24957799911499,9.787109375,0,0,0,0,0,0,0,0,,,,,/root/autodl-tmp/openvla_efficiency_project/scripts/Simulation/DF-06-01 LoRA+OFT INT8/output/videos/task_07_trial_038.mp4,2026-07-28T21:26:26.938161+00:00,2026-07-28T21:26:40.169008+00:00
task_07_trial_039,df_06_01_lora_oft_int8_libero10_seed42_best_step100000,DF-04-03 LoRA+OFT INT8 Language Model,bitsandbytes,llm_int8,True,7,LIVING_ROOM_SCENE1_put_both_the_alphabet_soup_and_the_cream_cheese_box_in_the_basket,put both the alphabet soup and the cream cheese box in the basket,39,39,7081,True,False,success,224,224,10.884346,28,224,224,27,199.02747510267156,207.0130587555468,24.878434387833945,13.874313760814923,18.140092585235834,339.4766668789089,366.8233301490545,42.43458335986361,23.56568442111397,9.249578475952148,9.787109375,0,0,0,0,0,0,0,0,,,,,/root/autodl-tmp/openvla_efficiency_project/scripts/Simulation/DF-06-01 LoRA+OFT INT8/output/videos/task_07_trial_039.mp4,2026-07-28T21:26:40.171227+00:00,2026-07-28T21:26:51.056257+00:00
task_07_trial_040,df_06_01_lora_oft_int8_libero10_seed42_best_step100000,DF-04-03 LoRA+OFT INT8 Language Model,bitsandbytes,llm_int8,True,7,LIVING_ROOM_SCENE1_put_both_the_alphabet_soup_and_the_cream_cheese_box_in_the_basket,put both the alphabet soup and the cream cheese box in the basket,40,40,7082,True,False,success,221,221,11.178943,28,224,221,27,206.3132170587778,237.19903472810984,26.139231120569136,14.226741726379588,21.32527530193329,350.93448610444153,429.17645955458283,44.46228783223694,22.49097041009572,9.24957799911499,9.787109375,0,0,0,0,0,0,0,0,,,,,/root/autodl-tmp/openvla_efficiency_project/scripts/Simulation/DF-06-01 LoRA+OFT INT8/output/videos/task_07_trial_040.mp4,2026-07-28T21:26:51.057987+00:00,2026-07-28T21:27:02.237805+00:00
task_07_trial_041,df_06_01_lora_oft_int8_libero10_seed42_best_step100000,DF-04-03 LoRA+OFT INT8 Language Model,bitsandbytes,llm_int8,True,7,LIVING_ROOM_SCENE1_put_both_the_alphabet_soup_and_the_cream_cheese_box_in_the_basket,put both the alphabet soup and the cream cheese box in the basket,41,41,7083,True,False,success,235,235,11.561998,30,240,235,29,196.6641254723072,201.95562979206443,25.106058570932834,13.55503942579665,16.90536066889763,332.0707457140088,358.79684956744313,42.39201009115006,23.58935086705795,9.24957799911499,9.787109375,0,0,0,0,0,0,0,0,,,,,/root/autodl-tmp/openvla_efficiency_project/scripts/Simulation/DF-06-01 LoRA+OFT INT8/output/videos/task_07_trial_041.mp4,2026-07-28T21:27:02.239739+00:00,2026-07-28T21:27:13.802439+00:00
task_07_trial_042,df_06_01_lora_oft_int8_libero10_seed42_best_step100000,DF-04-03 LoRA+OFT INT8 Language Model,bitsandbytes,llm_int8,True,7,LIVING_ROOM_SCENE1_put_both_the_alphabet_soup_and_the_cream_cheese_box_in_the_basket,put both the alphabet soup and the cream cheese box in the basket,42,42,7084,True,False,success,233,233,12.091225,30,240,233,29,204.91564714660248,252.8947536833584,26.383988902996027,13.811660498828335,17.22880825400352,342.7737878014644,417.9488402791321,44.13396409460915,22.65828643573278,9.24957799911499,9.787109375,0,0,0,0,0,0,0,0,,,,,/root/autodl-tmp/openvla_efficiency_project/scripts/Simulation/DF-06-01 LoRA+OFT INT8/output/videos/task_07_trial_042.mp4,2026-07-28T21:27:13.804655+00:00,2026-07-28T21:27:25.896537+00:00
task_07_trial_043,df_06_01_lora_oft_int8_libero10_seed42_best_step100000,DF-04-03 LoRA+OFT INT8 Language Model,bitsandbytes,llm_int8,True,7,LIVING_ROOM_SCENE1_put_both_the_alphabet_soup_and_the_cream_cheese_box_in_the_basket,put both the alphabet soup and the cream cheese box in the basket,43,43,7085,True,False,success,234,234,11.136295,30,240,234,29,196.76805610458055,206.74299243837595,25.22667385956161,13.002713051680317,14.63447017595172,327.29128127296764,338.7402545660734,41.96042067602149,23.831982232043142,9.249577522277832,9.787109375,0,0,0,0,0,0,0,0,,,,,/root/autodl-tmp/openvla_efficiency_project/scripts/Simulation/DF-06-01 LoRA+OFT INT8/output/videos/task_07_trial_043.mp4,2026-07-28T21:27:25.898808+00:00,2026-07-28T21:27:37.035903+00:00
task_07_trial_044,df_06_01_lora_oft_int8_libero10_seed42_best_step100000,DF-04-03 LoRA+OFT INT8 Language Model,bitsandbytes,llm_int8,True,7,LIVING_ROOM_SCENE1_put_both_the_alphabet_soup_and_the_cream_cheese_box_in_the_basket,put both the alphabet soup and the cream cheese box in the basket,44,44,7086,True,False,success,250,250,12.720769,32,256,250,31,212.34305168036371,278.0473464168608,27.179910615086555,13.725670419633389,19.93276178836822,353.39582624146715,447.19037655740976,45.234665758907795,22.106939074775322,9.249577522277832,9.787109375,0,0,0,0,0,0,0,0,,,,,/root/autodl-tmp/openvla_efficiency_project/scripts/Simulation/DF-06-01 LoRA+OFT INT8/output/videos/task_07_trial_044.mp4,2026-07-28T21:27:37.037852+00:00,2026-07-28T21:27:49.759404+00:00
task_07_trial_045,df_06_01_lora_oft_int8_libero10_seed42_best_step100000,DF-04-03 LoRA+OFT INT8 Language Model,bitsandbytes,llm_int8,True,7,LIVING_ROOM_SCENE1_put_both_the_alphabet_soup_and_the_cream_cheese_box_in_the_basket,put both the alphabet soup and the cream cheese box in the basket,45,45,7087,True,False,success,238,238,11.52481,30,240,238,29,195.73853829254708,202.82933274284005,24.672924994858874,13.395975977808488,17.944885604083538,332.6793424164255,353.60556272789836,41.93437089282675,23.846786745787547,9.249577522277832,9.787109375,0,0,0,0,0,0,0,0,,,,,/root/autodl-tmp/openvla_efficiency_project/scripts/Simulation/DF-06-01 LoRA+OFT INT8/output/videos/task_07_trial_045.mp4,2026-07-28T21:27:49.761227+00:00,2026-07-28T21:28:01.286952+00:00
task_07_trial_046,df_06_01_lora_oft_int8_libero10_seed42_best_step100000,DF-04-03 LoRA+OFT INT8 Language Model,bitsandbytes,llm_int8,True,7,LIVING_ROOM_SCENE1_put_both_the_alphabet_soup_and_the_cream_cheese_box_in_the_basket,put both the alphabet soup and the cream cheese box in the basket,46,46,7088,True,False,success,240,240,11.547478,30,240,240,29,197.11928187559047,202.76655312627554,24.63991023444881,12.930212208690742,15.530473832041011,331.1418492347002,343.2724516838789,41.392731154337525,24.158831082476432,9.249577522277832,9.787109375,0,0,0,0,0,0,0,0,,,,,/root/autodl-tmp/openvla_efficiency_project/scripts/Simulation/DF-06-01 LoRA+OFT INT8/output/videos/task_07_trial_046.mp4,2026-07-28T21:28:01.288923+00:00,2026-07-28T21:28:12.837104+00:00
task_07_trial_047,df_06_01_lora_oft_int8_libero10_seed42_best_step100000,DF-04-03 LoRA+OFT INT8 Language Model,bitsandbytes,llm_int8,True,7,LIVING_ROOM_SCENE1_put_both_the_alphabet_soup_and_the_cream_cheese_box_in_the_basket,put both the alphabet soup and the cream cheese box in the basket,47,47,7089,True,False,success,233,233,11.533383,30,240,233,29,202.10885728398958,207.38729005679488,26.02259965029909,13.758667932559492,18.23625937104225,338.84768423934776,370.93703374266624,43.628457198199285,22.92081967182818,9.24957799911499,9.787109375,0,0,0,0,0,0,0,0,,,,,/root/autodl-tmp/openvla_efficiency_project/scripts/Simulation/DF-06-01 LoRA+OFT INT8/output/videos/task_07_trial_047.mp4,2026-07-28T21:28:12.839042+00:00,2026-07-28T21:28:24.373133+00:00
task_07_trial_048,df_06_01_lora_oft_int8_libero10_seed42_best_step100000,DF-04-03 LoRA+OFT INT8 Language Model,bitsandbytes,llm_int8,True,7,LIVING_ROOM_SCENE1_put_both_the_alphabet_soup_and_the_cream_cheese_box_in_the_basket,put both the alphabet soup and the cream cheese box in the basket,48,48,7090,True,False,success,258,258,12.68253,33,264,258,32,200.77096795042357,207.18411728739738,25.680007528542546,14.047529468991497,18.648944608867165,341.096744505745,380.4248794913292,43.6286533670139,22.920716612263472,9.24957799911499,9.787109375,0,0,0,0,0,0,0,0,,,,,/root/autodl-tmp/openvla_efficiency_project/scripts/Simulation/DF-06-01 LoRA+OFT INT8/output/videos/task_07_trial_048.mp4,2026-07-28T21:28:24.375416+00:00,2026-07-28T21:28:37.058758+00:00
task_07_trial_049,df_06_01_lora_oft_int8_libero10_seed42_best_step100000,DF-04-03 LoRA+OFT INT8 Language Model,bitsandbytes,llm_int8,True,7,LIVING_ROOM_SCENE1_put_both_the_alphabet_soup_and_the_cream_cheese_box_in_the_basket,put both the alphabet soup and the cream cheese box in the basket,49,49,7091,True,False,success,234,234,11.522955,30,240,234,29,199.42820643385252,205.6157799437642,25.567718773570835,13.557114455307651,18.730579689145088,336.90581178913516,361.672096606344,43.19305279347886,23.1518713155412,9.249577522277832,9.787109375,0,0,0,0,0,0,0,0,,,,,/root/autodl-tmp/openvla_efficiency_project/scripts/Simulation/DF-06-01 LoRA+OFT INT8/output/videos/task_07_trial_049.mp4,2026-07-28T21:28:37.060951+00:00,2026-07-28T21:28:48.584642+00:00
task_08_trial_000,df_06_01_lora_oft_int8_libero10_seed42_best_step100000,DF-04-03 LoRA+OFT INT8 Language Model,bitsandbytes,llm_int8,True,8,KITCHEN_SCENE8_put_both_moka_pots_on_the_stove,put both moka pots on the stove,0,0,8042,True,False,success,374,374,16.611504,47,376,374,46,196.804649454165,205.42773231863976,24.73213509183357,13.210295799143493,14.869764633476732,331.5181335473948,345.3528041020036,41.66136972387047,24.003051426968227,9.2453932762146,9.787109375,0,0,0,0,0,0,0,0,,,,,/root/autodl-tmp/openvla_efficiency_project/scripts/Simulation/DF-06-01 LoRA+OFT INT8/output/videos/task_08_trial_000.mp4,2026-07-28T21:28:49.581357+00:00,2026-07-28T21:29:06.193727+00:00
task_08_trial_001,df_06_01_lora_oft_int8_libero10_seed42_best_step100000,DF-04-03 LoRA+OFT INT8 Language Model,bitsandbytes,llm_int8,True,8,KITCHEN_SCENE8_put_both_moka_pots_on_the_stove,put both moka pots on the stove,1,1,8043,True,False,success,368,368,17.020482,46,368,368,45,206.54049280868924,267.11988914757967,25.817561601086155,13.566886074841022,17.352496739476912,346.1730674557064,434.9139714613557,43.2716334319633,23.10982786384333,9.245393753051758,9.787109375,0,0,0,0,0,0,0,0,,,,,/root/autodl-tmp/openvla_efficiency_project/scripts/Simulation/DF-06-01 LoRA+OFT INT8/output/videos/task_08_trial_001.mp4,2026-07-28T21:29:06.195607+00:00,2026-07-28T21:29:23.216964+00:00
task_08_trial_002,df_06_01_lora_oft_int8_libero10_seed42_best_step100000,DF-04-03 LoRA+OFT INT8 Language Model,bitsandbytes,llm_int8,True,8,KITCHEN_SCENE8_put_both_moka_pots_on_the_stove,put both moka pots on the stove,2,2,8044,True,False,success,358,358,15.930524,45,360,358,44,194.5529400060574,200.2185020595789,24.45497849238152,13.092627140105437,14.49174927547574,327.8816259983513,336.5113701671362,41.21417086571455,24.2634991556238,9.245393753051758,9.787109375,0,0,0,0,0,0,0,0,,,,,/root/autodl-tmp/openvla_efficiency_project/scripts/Simulation/DF-06-01 LoRA+OFT INT8/output/videos/task_08_trial_002.mp4,2026-07-28T21:29:23.219190+00:00,2026-07-28T21:29:39.150472+00:00
task_08_trial_003,df_06_01_lora_oft_int8_libero10_seed42_best_step100000,DF-04-03 LoRA+OFT INT8 Language Model,bitsandbytes,llm_int8,True,8,KITCHEN_SCENE8_put_both_moka_pots_on_the_stove,put both moka pots on the stove,3,3,8045,True,False,success,377,377,16.887845,48,384,377,47,194.86594564902285,201.3209248892963,24.810518278920682,13.285866007208824,15.00609740614891,328.15003076878685,340.2670444920659,41.780375270296474,23.934682097289453,9.245394229888916,9.787109375,0,0,0,0,0,0,0,0,,,,,/root/autodl-tmp/openvla_efficiency_project/scripts/Simulation/DF-06-01 LoRA+OFT INT8/output/videos/task_08_trial_003.mp4,2026-07-28T21:29:39.152521+00:00,2026-07-28T21:29:56.041112+00:00
task_08_trial_004,df_06_01_lora_oft_int8_libero10_seed42_best_step100000,DF-04-03 LoRA+OFT INT8 Language Model,bitsandbytes,llm_int8,True,8,KITCHEN_SCENE8_put_both_moka_pots_on_the_stove,put both moka pots on the stove,4,4,8046,True,False,success,408,408,17.938515,51,408,408,50,198.3503041168054,204.85894102603197,24.793788014600675,13.01251566859291,14.561062492430208,332.10112567187525,339.9439537897706,41.51264070898441,24.089048128985304,9.2453932762146,9.787109375,0,0,0,0,0,0,0,0,,,,,/root/autodl-tmp/openvla_efficiency_project/scripts/Simulation/DF-06-01 LoRA+OFT INT8/output/videos/task_08_trial_004.mp4,2026-07-28T21:29:56.043144+00:00,2026-07-28T21:30:13.982628+00:00
task_08_trial_005,df_06_01_lora_oft_int8_libero10_seed42_best_step100000,DF-04-03 LoRA+OFT INT8 Language Model,bitsandbytes,llm_int8,True,8,KITCHEN_SCENE8_put_both_moka_pots_on_the_stove,put both moka pots on the stove,5,5,8047,True,False,success,381,381,17.532452,48,384,381,47,201.32173450353244,205.9604617767036,25.363368126429286,13.5353783639319,15.011085197329521,339.3514121416956,350.2336767502129,42.75293381312701,23.390207660858973,9.2453932762146,9.787109375,0,0,0,0,0,0,0,0,,,,,/root/autodl-tmp/openvla_efficiency_project/scripts/Simulation/DF-06-01 LoRA+OFT INT8/output/videos/task_08_trial_005.mp4,2026-07-28T21:30:13.984985+00:00,2026-07-28T21:30:31.518127+00:00
task_08_trial_006,df_06_01_lora_oft_int8_libero10_seed42_best_step100000,DF-04-03 LoRA+OFT INT8 Language Model,bitsandbytes,llm_int8,True,8,KITCHEN_SCENE8_put_both_moka_pots_on_the_stove,put both moka pots on the stove,6,6,8048,True,False,success,366,366,16.282496,46,368,366,45,197.53513230091852,203.24205607175827,24.82681990667282,13.120048542003163,15.316611621528864,331.7872878245038,340.3242635540664,41.70004163914528,23.980791401926687,9.245393753051758,9.787109375,0,0,0,0,0,0,0,0,,,,,/root/autodl-tmp/openvla_efficiency_project/scripts/Simulation/DF-06-01 LoRA+OFT INT8/output/videos/task_08_trial_006.mp4,2026-07-28T21:30:31.520029+00:00,2026-07-28T21:30:47.803362+00:00
task_08_trial_007,df_06_01_lora_oft_int8_libero10_seed42_best_step100000,DF-04-03 LoRA+OFT INT8 Language Model,bitsandbytes,llm_int8,True,8,KITCHEN_SCENE8_put_both_moka_pots_on_the_stove,put both moka pots on the stove,7,7,8049,True,False,success,369,369,16.496545,47,376,369,46,195.62683686455514,202.01456286013126,24.917239383832225,13.073508196124216,14.610526710748672,328.0202188786674,341.84348694980145,41.780353082106686,23.934694808222456,9.245393753051758,9.787109375,0,0,0,0,0,0,0,0,,,,,/root/autodl-tmp/openvla_efficiency_project/scripts/Simulation/DF-06-01 LoRA+OFT INT8/output/videos/task_08_trial_007.mp4,2026-07-28T21:30:47.805467+00:00,2026-07-28T21:31:04.302711+00:00
task_08_trial_008,df_06_01_lora_oft_int8_libero10_seed42_best_step100000,DF-04-03 LoRA+OFT INT8 Language Model,bitsandbytes,llm_int8,True,8,KITCHEN_SCENE8_put_both_moka_pots_on_the_stove,put both moka pots on the stove,8,8,8050,False,True,timeout,520,,23.337452,65,520,520,64,201.1531598579425,262.93107829987997,25.144144982242814,13.522690810406438,15.78762913122773,339.61627145226186,427.76050046086306,42.45203393153273,23.555997378425136,9.245393753051758,9.787109375,0,0,0,0,0,0,0,0,timeout,"collapse_diagnostics={""zero_equivalent_arm_action_count"":0,""zero_equivalent_full_noop_count"":0,""repeated_action_count"":0,""repeated_chunk_count"":0,""max_consecutive_zero_equivalent_actions"":0,""max_consecutive_repeated_chunks"":0}",,,/root/autodl-tmp/openvla_efficiency_project/scripts/Simulation/DF-06-01 LoRA+OFT INT8/output/videos/task_08_trial_008.mp4,2026-07-28T21:31:04.304881+00:00,2026-07-28T21:31:27.643242+00:00
task_08_trial_009,df_06_01_lora_oft_int8_libero10_seed42_best_step100000,DF-04-03 LoRA+OFT INT8 Language Model,bitsandbytes,llm_int8,True,8,KITCHEN_SCENE8_put_both_moka_pots_on_the_stove,put both moka pots on the stove,9,9,8051,True,False,success,377,377,16.919486,48,384,377,47,196.04340114165097,203.75126544386148,24.960433036602776,13.121171792677606,14.218595996499062,328.16002956436324,341.8603606522083,41.78164832649718,23.933952825068843,9.2453932762146,9.787109375,0,0,0,0,0,0,0,0,,,,,/root/autodl-tmp/openvla_efficiency_project/scripts/Simulation/DF-06-01 LoRA+OFT INT8/output/videos/task_08_trial_009.mp4,2026-07-28T21:31:27.645733+00:00,2026-07-28T21:31:44.565959+00:00
task_08_trial_010,df_06_01_lora_oft_int8_libero10_seed42_best_step100000,DF-04-03 LoRA+OFT INT8 Language Model,bitsandbytes,llm_int8,True,8,KITCHEN_SCENE8_put_both_moka_pots_on_the_stove,put both moka pots on the stove,10,10,8052,True,False,success,501,501,21.845937,63,504,501,62,194.033242436865,201.70069709420204,24.399389767509973,13.29764565768951,15.336494892835617,329.04317200420394,348.5977102071047,41.37668629992984,24.168199278966807,9.245393753051758,9.787109375,0,0,0,0,0,0,0,0,,,,,/root/autodl-tmp/openvla_efficiency_project/scripts/Simulation/DF-06-01 LoRA+OFT INT8/output/videos/task_08_trial_010.mp4,2026-07-28T21:31:44.567931+00:00,2026-07-28T21:32:06.414728+00:00
task_08_trial_011,df_06_01_lora_oft_int8_libero10_seed42_best_step100000,DF-04-03 LoRA+OFT INT8 Language Model,bitsandbytes,llm_int8,True,8,KITCHEN_SCENE8_put_both_moka_pots_on_the_stove,put both moka pots on the stove,11,11,8053,True,False,success,446,446,20.096765,56,448,446,55,199.15228307114117,203.59206199645996,25.005667829560323,13.550331477794145,15.964871738106012,337.9124425617712,349.4283361360431,42.42846812434795,23.569080954542905,9.245393753051758,9.787109375,0,0,0,0,0,0,0,0,,,,,/root/autodl-tmp/openvla_efficiency_project/scripts/Simulation/DF-06-01 LoRA+OFT INT8/output/videos/task_08_trial_011.mp4,2026-07-28T21:32:06.416490+00:00,2026-07-28T21:32:26.513985+00:00
task_08_trial_012,df_06_01_lora_oft_int8_libero10_seed42_best_step100000,DF-04-03 LoRA+OFT INT8 Language Model,bitsandbytes,llm_int8,True,8,KITCHEN_SCENE8_put_both_moka_pots_on_the_stove,put both moka pots on the stove,12,12,8054,True,False,success,436,436,19.587338,55,440,436,54,200.57265551930124,207.5089119374752,25.301596453122862,13.378729881428251,15.637433156371117,336.1883909864859,350.0745698809624,42.409086018937444,23.579852665380667,9.2453932762146,9.787109375,0,0,0,0,0,0,0,0,,,,,/root/autodl-tmp/openvla_efficiency_project/scripts/Simulation/DF-06-01 LoRA+OFT INT8/output/videos/task_08_trial_012.mp4,2026-07-28T21:32:26.530146+00:00,2026-07-28T21:32:46.118498+00:00
task_08_trial_013,df_06_01_lora_oft_int8_libero10_seed42_best_step100000,DF-04-03 LoRA+OFT INT8 Language Model,bitsandbytes,llm_int8,True,8,KITCHEN_SCENE8_put_both_moka_pots_on_the_stove,put both moka pots on the stove,13,13,8055,True,False,success,372,372,17.821267,47,376,372,46,208.92223248139342,264.2283573746681,26.396088512434112,14.135126134641068,22.033709846436977,352.3960573638373,441.66951440274715,44.52315778521601,22.46022182038606,9.245392799377441,9.787109375,0,0,0,0,0,0,0,0,,,,,/root/autodl-tmp/openvla_efficiency_project/scripts/Simulation/DF-06-01 LoRA+OFT INT8/output/videos/task_08_trial_013.mp4,2026-07-28T21:32:46.120368+00:00,2026-07-28T21:33:03.942350+00:00
task_08_trial_014,df_06_01_lora_oft_int8_libero10_seed42_best_step100000,DF-04-03 LoRA+OFT INT8 Language Model,bitsandbytes,llm_int8,True,8,KITCHEN_SCENE8_put_both_moka_pots_on_the_stove,put both moka pots on the stove,14,14,8056,True,False,success,377,377,16.854911,48,384,377,47,196.5830661356449,202.7135420590639,25.029143698968053,13.26603395987885,14.620308950543404,330.09565284010023,345.98545180633664,42.02809373030454,23.793608304412476,9.245394229888916,9.787109375,0,0,0,0,0,0,0,0,,,,,/root/autodl-tmp/openvla_efficiency_project/scripts/Simulation/DF-06-01 LoRA+OFT INT8/output/videos/task_08_trial_014.mp4,2026-07-28T21:33:03.944629+00:00,2026-07-28T21:33:20.800378+00:00
task_08_trial_015,df_06_01_lora_oft_int8_libero10_seed42_best_step100000,DF-04-03 LoRA+OFT INT8 Language Model,bitsandbytes,llm_int8,True,8,KITCHEN_SCENE8_put_both_moka_pots_on_the_stove,put both moka pots on the stove,15,15,8057,True,False,success,362,362,16.339776,46,368,362,45,195.8129631922297,203.3088756725192,24.88231023989659,13.514419204622342,14.943448267877102,331.27182122805846,343.84935861453414,42.09531429969803,23.75561310412103,9.2453932762146,9.787109375,0,0,0,0,0,0,0,0,,,,,/root/autodl-tmp/openvla_efficiency_project/scripts/Simulation/DF-06-01 LoRA+OFT INT8/output/videos/task_08_trial_015.mp4,2026-07-28T21:33:20.802522+00:00,2026-07-28T21:33:37.143040+00:00
task_08_trial_016,df_06_01_lora_oft_int8_libero10_seed42_best_step100000,DF-04-03 LoRA+OFT INT8 Language Model,bitsandbytes,llm_int8,True,8,KITCHEN_SCENE8_put_both_moka_pots_on_the_stove,put both moka pots on the stove,16,16,8058,True,False,success,403,403,17.902867,51,408,403,50,195.92507640082462,202.73261703550816,24.794488576779294,13.210930193661165,14.781846478581429,329.5123182310193,342.4877608194947,41.70007004908681,23.980775063995342,9.245393753051758,9.787109375,0,0,0,0,0,0,0,0,,,,,/root/autodl-tmp/openvla_efficiency_project/scripts/Simulation/DF-06-01 LoRA+OFT INT8/output/videos/task_08_trial_016.mp4,2026-07-28T21:33:37.145082+00:00,2026-07-28T21:33:55.048802+00:00
task_08_trial_017,df_06_01_lora_oft_int8_libero10_seed42_best_step100000,DF-04-03 LoRA+OFT INT8 Language Model,bitsandbytes,llm_int8,True,8,KITCHEN_SCENE8_put_both_moka_pots_on_the_stove,put both moka pots on the stove,17,17,8059,True,False,success,403,403,17.896126,51,408,403,50,195.94607527787778,202.08215434104204,24.79714600290761,13.022595535843603,14.197449199855324,328.14785509425053,340.096740052104,41.52739605411111,24.08048890657575,9.245393753051758,9.787109375,0,0,0,0,0,0,0,0,,,,,/root/autodl-tmp/openvla_efficiency_project/scripts/Simulation/DF-06-01 LoRA+OFT INT8/output/videos/task_08_trial_017.mp4,2026-07-28T21:33:55.051133+00:00,2026-07-28T21:34:12.947990+00:00
task_08_trial_018,df_06_01_lora_oft_int8_libero10_seed42_best_step100000,DF-04-03 LoRA+OFT INT8 Language Model,bitsandbytes,llm_int8,True,8,KITCHEN_SCENE8_put_both_moka_pots_on_the_stove,put both moka pots on the stove,18,18,8060,True,False,success,389,389,18.431686,49,392,389,48,209.3098485576255,270.1360143721103,26.3655079159991,14.101402211579995,20.967570692300786,352.5793828374269,458.58889706432814,44.41231300522858,22.516278309627147,9.245393753051758,9.787109375,0,0,0,0,0,0,0,0,,,,,/root/autodl-tmp/openvla_efficiency_project/scripts/Simulation/DF-06-01 LoRA+OFT INT8/output/videos/task_08_trial_018.mp4,2026-07-28T21:34:12.950039+00:00,2026-07-28T21:34:31.382554+00:00
task_08_trial_019,df_06_01_lora_oft_int8_libero10_seed42_best_step100000,DF-04-03 LoRA+OFT INT8 Language Model,bitsandbytes,llm_int8,True,8,KITCHEN_SCENE8_put_both_moka_pots_on_the_stove,put both moka pots on the stove,19,19,8061,True,False,success,407,407,18.365983,51,408,407,50,201.24116985529076,221.39041125774384,25.216952488009408,13.374077453660146,17.403061874210827,338.0505174544512,371.2122105062008,42.36013855080347,23.607099367738787,9.245393753051758,9.787109375,0,0,0,0,0,0,0,0,,,,,/root/autodl-tmp/openvla_efficiency_project/scripts/Simulation/DF-06-01 LoRA+OFT INT8/output/videos/task_08_trial_019.mp4,2026-07-28T21:34:31.384454+00:00,2026-07-28T21:34:49.751274+00:00
task_08_trial_020,df_06_01_lora_oft_int8_libero10_seed42_best_step100000,DF-04-03 LoRA+OFT INT8 Language Model,bitsandbytes,llm_int8,True,8,KITCHEN_SCENE8_put_both_moka_pots_on_the_stove,put both moka pots on the stove,20,20,8062,False,True,timeout,520,,23.754092,65,520,520,64,202.98225971368643,246.9290092587471,25.372782464210804,14.079745214145918,19.886754546314474,345.9068586046879,434.4218675047159,43.23835732558599,23.12761311605742,9.245393753051758,9.787109375,0,0,0,0,0,0,0,0,timeout,"collapse_diagnostics={""zero_equivalent_arm_action_count"":0,""zero_equivalent_full_noop_count"":0,""repeated_action_count"":0,""repeated_chunk_count"":0,""max_consecutive_zero_equivalent_actions"":0,""max_consecutive_repeated_chunks"":0}",,,/root/autodl-tmp/openvla_efficiency_project/scripts/Simulation/DF-06-01 LoRA+OFT INT8/output/videos/task_08_trial_020.mp4,2026-07-28T21:34:49.753577+00:00,2026-07-28T21:35:13.508546+00:00
task_08_trial_021,df_06_01_lora_oft_int8_libero10_seed42_best_step100000,DF-04-03 LoRA+OFT INT8 Language Model,bitsandbytes,llm_int8,True,8,KITCHEN_SCENE8_put_both_moka_pots_on_the_stove,put both moka pots on the stove,21,21,8063,False,True,timeout,520,,22.325219,65,520,520,64,192.7610607387928,198.69969561696053,24.0951325923491,13.137614598067907,14.926425740122795,326.71056461448853,338.8437431305647,40.83882057681107,24.486505385706852,9.245394229888916,9.787109375,0,0,0,0,0,0,0,0,timeout,"collapse_diagnostics={""zero_equivalent_arm_action_count"":0,""zero_equivalent_full_noop_count"":0,""repeated_action_count"":0,""repeated_chunk_count"":0,""max_consecutive_zero_equivalent_actions"":0,""max_consecutive_repeated_chunks"":0}",,,/root/autodl-tmp/openvla_efficiency_project/scripts/Simulation/DF-06-01 LoRA+OFT INT8/output/videos/task_08_trial_021.mp4,2026-07-28T21:35:13.510719+00:00,2026-07-28T21:35:35.836755+00:00
task_08_trial_022,df_06_01_lora_oft_int8_libero10_seed42_best_step100000,DF-04-03 LoRA+OFT INT8 Language Model,bitsandbytes,llm_int8,True,8,KITCHEN_SCENE8_put_both_moka_pots_on_the_stove,put both moka pots on the stove,22,22,8064,False,True,timeout,520,,22.568201,65,520,520,64,193.04945718210476,200.61054974794388,24.131182147763095,13.345352778784358,15.321996621787548,329.03426685012306,346.15140967071056,41.12928335626538,24.313577052581106,9.245394229888916,9.787109375,0,0,0,0,0,0,0,0,timeout,"collapse_diagnostics={""zero_equivalent_arm_action_count"":0,""zero_equivalent_full_noop_count"":0,""repeated_action_count"":0,""repeated_chunk_count"":0,""max_consecutive_zero_equivalent_actions"":0,""max_consecutive_repeated_chunks"":0}",,,/root/autodl-tmp/openvla_efficiency_project/scripts/Simulation/DF-06-01 LoRA+OFT INT8/output/videos/task_08_trial_022.mp4,2026-07-28T21:35:35.850351+00:00,2026-07-28T21:35:58.419411+00:00
task_08_trial_023,df_06_01_lora_oft_int8_libero10_seed42_best_step100000,DF-04-03 LoRA+OFT INT8 Language Model,bitsandbytes,llm_int8,True,8,KITCHEN_SCENE8_put_both_moka_pots_on_the_stove,put both moka pots on the stove,23,23,8065,False,True,timeout,520,,22.45229,65,520,520,64,193.52028229488775,200.03310218453407,24.19003528686097,13.041214544612627,14.715170767158268,326.83297034639577,341.14198833703995,40.85412129329947,24.477334681140505,9.245393753051758,9.787109375,0,0,0,0,0,0,0,0,timeout,"collapse_diagnostics={""zero_equivalent_arm_action_count"":0,""zero_equivalent_full_noop_count"":0,""repeated_action_count"":0,""repeated_chunk_count"":0,""max_consecutive_zero_equivalent_actions"":0,""max_consecutive_repeated_chunks"":0}",,,/root/autodl-tmp/openvla_efficiency_project/scripts/Simulation/DF-06-01 LoRA+OFT INT8/output/videos/task_08_trial_023.mp4,2026-07-28T21:35:58.421794+00:00,2026-07-28T21:36:20.874812+00:00
task_08_trial_024,df_06_01_lora_oft_int8_libero10_seed42_best_step100000,DF-04-03 LoRA+OFT INT8 Language Model,bitsandbytes,llm_int8,True,8,KITCHEN_SCENE8_put_both_moka_pots_on_the_stove,put both moka pots on the stove,24,24,8066,False,True,timeout,520,,22.457658,65,520,520,64,198.68024920041745,204.80295196175575,24.83503115005218,12.614164766497337,14.223117753863333,329.57896621754537,340.9858964383602,41.19737077719317,24.2733936932111,9.2453932762146,9.787109375,0,0,0,0,0,0,0,0,timeout,"collapse_diagnostics={""zero_equivalent_arm_action_count"":0,""zero_equivalent_full_noop_count"":0,""repeated_action_count"":0,""repeated_chunk_count"":0,""max_consecutive_zero_equivalent_actions"":0,""max_consecutive_repeated_chunks"":0}",,,/root/autodl-tmp/openvla_efficiency_project/scripts/Simulation/DF-06-01 LoRA+OFT INT8/output/videos/task_08_trial_024.mp4,2026-07-28T21:36:20.877370+00:00,2026-07-28T21:36:43.335994+00:00
task_08_trial_025,df_06_01_lora_oft_int8_libero10_seed42_best_step100000,DF-04-03 LoRA+OFT INT8 Language Model,bitsandbytes,llm_int8,True,8,KITCHEN_SCENE8_put_both_moka_pots_on_the_stove,put both moka pots on the stove,25,25,8067,True,False,success,406,406,18.274186,51,408,406,50,197.71286918252122,203.14493216574192,24.8358530253906,13.329117040475602,15.441786032170057,334.0789011734373,342.9544549435377,41.96557625577661,23.829054411289032,9.245394229888916,9.787109375,0,0,0,0,0,0,0,0,,,,,/root/autodl-tmp/openvla_efficiency_project/scripts/Simulation/DF-06-01 LoRA+OFT INT8/output/videos/task_08_trial_025.mp4,2026-07-28T21:36:43.338479+00:00,2026-07-28T21:37:01.613378+00:00
task_08_trial_026,df_06_01_lora_oft_int8_libero10_seed42_best_step100000,DF-04-03 LoRA+OFT INT8 Language Model,bitsandbytes,llm_int8,True,8,KITCHEN_SCENE8_put_both_moka_pots_on_the_stove,put both moka pots on the stove,26,26,8068,True,False,success,376,376,17.5044,47,376,376,46,209.91446208605106,262.44127806276083,26.239307760756382,13.704865259375978,18.61720671877265,350.7034433411157,425.5989322438836,43.83793041763946,22.811295845244125,9.2453932762146,9.787109375,0,0,0,0,0,0,0,0,,,,,/root/autodl-tmp/openvla_efficiency_project/scripts/Simulation/DF-06-01 LoRA+OFT INT8/output/videos/task_08_trial_026.mp4,2026-07-28T21:37:01.615593+00:00,2026-07-28T21:37:19.120837+00:00
task_08_trial_027,df_06_01_lora_oft_int8_libero10_seed42_best_step100000,DF-04-03 LoRA+OFT INT8 Language Model,bitsandbytes,llm_int8,True,8,KITCHEN_SCENE8_put_both_moka_pots_on_the_stove,put both moka pots on the stove,27,27,8069,True,False,success,391,391,17.485384,49,392,391,48,196.37562361146723,207.56549686193466,24.609732882255482,13.509989103964527,14.80130571871996,333.8557431968499,354.86294962465763,41.83869927530856,23.90131665948224,9.2453932762146,9.787109375,0,0,0,0,0,0,0,0,,,,,/root/autodl-tmp/openvla_efficiency_project/scripts/Simulation/DF-06-01 LoRA+OFT INT8/output/videos/task_08_trial_027.mp4,2026-07-28T21:37:19.122709+00:00,2026-07-28T21:37:36.608818+00:00
task_08_trial_028,df_06_01_lora_oft_int8_libero10_seed42_best_step100000,DF-04-03 LoRA+OFT INT8 Language Model,bitsandbytes,llm_int8,True,8,KITCHEN_SCENE8_put_both_moka_pots_on_the_stove,put both moka pots on the stove,28,28,8070,True,False,success,400,400,17.678528,50,400,400,49,196.96925554424524,206.29063164815307,24.621156943030655,13.170013520866632,14.42463947460055,331.5616140514612,343.64583818241954,41.44520175643265,24.128245433014243,9.2453932762146,9.787109375,0,0,0,0,0,0,0,0,,,,,/root/autodl-tmp/openvla_efficiency_project/scripts/Simulation/DF-06-01 LoRA+OFT INT8/output/videos/task_08_trial_028.mp4,2026-07-28T21:37:36.610640+00:00,2026-07-28T21:37:54.290033+00:00
task_08_trial_029,df_06_01_lora_oft_int8_libero10_seed42_best_step100000,DF-04-03 LoRA+OFT INT8 Language Model,bitsandbytes,llm_int8,True,8,KITCHEN_SCENE8_put_both_moka_pots_on_the_stove,put both moka pots on the stove,29,29,8071,True,False,success,504,504,22.077834,63,504,504,62,197.09961089704717,205.25687374174595,24.637451362130896,13.113174687272735,14.41017026081681,330.9828497114636,343.9866930246353,41.37285621393295,24.1704366464125,9.2453932762146,9.787109375,0,0,0,0,0,0,0,0,,,,,/root/autodl-tmp/openvla_efficiency_project/scripts/Simulation/DF-06-01 LoRA+OFT INT8/output/videos/task_08_trial_029.mp4,2026-07-28T21:37:54.292114+00:00,2026-07-28T21:38:16.370721+00:00
task_08_trial_030,df_06_01_lora_oft_int8_libero10_seed42_best_step100000,DF-04-03 LoRA+OFT INT8 Language Model,bitsandbytes,llm_int8,True,8,KITCHEN_SCENE8_put_both_moka_pots_on_the_stove,put both moka pots on the stove,30,30,8072,True,False,success,407,407,18.168446,51,408,407,50,198.09691779607653,208.45706388354301,24.822955301228262,13.383556473130676,15.10362382978201,334.2744647799169,347.9269379749894,41.886972245149295,23.87377139955024,9.245393753051758,9.787109375,0,0,0,0,0,0,0,0,,,,,/root/autodl-tmp/openvla_efficiency_project/scripts/Simulation/DF-06-01 LoRA+OFT INT8/output/videos/task_08_trial_030.mp4,2026-07-28T21:38:16.372370+00:00,2026-07-28T21:38:34.541689+00:00
task_08_trial_031,df_06_01_lora_oft_int8_libero10_seed42_best_step100000,DF-04-03 LoRA+OFT INT8 Language Model,bitsandbytes,llm_int8,True,8,KITCHEN_SCENE8_put_both_moka_pots_on_the_stove,put both moka pots on the stove,31,31,8073,True,False,success,370,370,17.165721,47,376,370,46,202.28788419131268,210.00334937125444,25.69602853240999,13.67292090545635,18.9647606573999,339.6863309626884,360.26564650237555,43.14934474390906,23.1753229611015,9.2453932762146,9.787109375,0,0,0,0,0,0,0,0,,,,,/root/autodl-tmp/openvla_efficiency_project/scripts/Simulation/DF-06-01 LoRA+OFT INT8/output/videos/task_08_trial_031.mp4,2026-07-28T21:38:34.543754+00:00,2026-07-28T21:38:51.710182+00:00
task_08_trial_032,df_06_01_lora_oft_int8_libero10_seed42_best_step100000,DF-04-03 LoRA+OFT INT8 Language Model,bitsandbytes,llm_int8,True,8,KITCHEN_SCENE8_put_both_moka_pots_on_the_stove,put both moka pots on the stove,32,32,8074,True,False,success,385,385,18.293786,49,392,385,48,207.94403518797185,252.20294818282125,26.465604478469142,14.329873436650672,20.636255666613568,352.2414573449261,420.94697058200836,44.830730934808784,22.306127496653215,9.245393753051758,9.787109375,0,0,0,0,0,0,0,0,,,,,/root/autodl-tmp/openvla_efficiency_project/scripts/Simulation/DF-06-01 LoRA+OFT INT8/output/videos/task_08_trial_032.mp4,2026-07-28T21:38:51.712368+00:00,2026-07-28T21:39:10.007012+00:00
task_08_trial_033,df_06_01_lora_oft_int8_libero10_seed42_best_step100000,DF-04-03 LoRA+OFT INT8 Language Model,bitsandbytes,llm_int8,True,8,KITCHEN_SCENE8_put_both_moka_pots_on_the_stove,put both moka pots on the stove,33,33,8075,True,False,success,393,393,17.725523,50,400,393,49,198.10019008815289,206.9743507541716,25.20358652521029,13.351887189629121,14.32884484529495,331.6220008209348,344.6842295117676,42.19109425202733,23.70168438928196,9.2453932762146,9.787109375,0,0,0,0,0,0,0,0,,,,,/root/autodl-tmp/openvla_efficiency_project/scripts/Simulation/DF-06-01 LoRA+OFT INT8/output/videos/task_08_trial_033.mp4,2026-07-28T21:39:10.009125+00:00,2026-07-28T21:39:27.735345+00:00
task_08_trial_034,df_06_01_lora_oft_int8_libero10_seed42_best_step100000,DF-04-03 LoRA+OFT INT8 Language Model,bitsandbytes,llm_int8,True,8,KITCHEN_SCENE8_put_both_moka_pots_on_the_stove,put both moka pots on the stove,34,34,8076,True,False,success,386,386,16.880642,49,392,386,48,193.32326119955704,203.60562950372696,24.541035748130298,12.732933458770804,13.693182729184628,322.02881939557136,339.7743981331587,40.879306089075115,24.46225476090572,9.2453932762146,9.787109375,0,0,0,0,0,0,0,0,,,,,/root/autodl-tmp/openvla_efficiency_project/scripts/Simulation/DF-06-01 LoRA+OFT INT8/output/videos/task_08_trial_034.mp4,2026-07-28T21:39:27.737051+00:00,2026-07-28T21:39:44.618562+00:00
task_08_trial_035,df_06_01_lora_oft_int8_libero10_seed42_best_step100000,DF-04-03 LoRA+OFT INT8 Language Model,bitsandbytes,llm_int8,True,8,KITCHEN_SCENE8_put_both_moka_pots_on_the_stove,put both moka pots on the stove,35,35,8077,True,False,success,406,406,17.927519,51,408,406,50,194.65241898946903,203.6579679697752,24.4514122375934,13.316787522414636,14.721297658979893,329.6742005383267,343.57741195708513,41.41227642230212,24.147428888054584,9.245393753051758,9.787109375,0,0,0,0,0,0,0,0,,,,,/root/autodl-tmp/openvla_efficiency_project/scripts/Simulation/DF-06-01 LoRA+OFT INT8/output/videos/task_08_trial_035.mp4,2026-07-28T21:39:44.620698+00:00,2026-07-28T21:40:02.548929+00:00
task_08_trial_036,df_06_01_lora_oft_int8_libero10_seed42_best_step100000,DF-04-03 LoRA+OFT INT8 Language Model,bitsandbytes,llm_int8,True,8,KITCHEN_SCENE8_put_both_moka_pots_on_the_stove,put both moka pots on the stove,36,36,8078,True,False,success,376,376,16.583651,47,376,376,46,193.51112541366132,200.95491483807564,24.188890676707665,13.355372751012762,14.791167341172695,330.03136301611335,339.0626173466444,41.25392037701417,24.24012047488169,9.2453932762146,9.787109375,0,0,0,0,0,0,0,0,,,,,/root/autodl-tmp/openvla_efficiency_project/scripts/Simulation/DF-06-01 LoRA+OFT INT8/output/videos/task_08_trial_036.mp4,2026-07-28T21:40:02.551230+00:00,2026-07-28T21:40:19.135568+00:00
task_08_trial_037,df_06_01_lora_oft_int8_libero10_seed42_best_step100000,DF-04-03 LoRA+OFT INT8 Language Model,bitsandbytes,llm_int8,True,8,KITCHEN_SCENE8_put_both_moka_pots_on_the_stove,put both moka pots on the stove,37,37,8079,False,True,timeout,520,,22.182834,65,520,520,64,195.57627210250268,204.6551827341318,24.447034012812836,12.4665587173345,13.934251014143223,325.0243661495355,336.13842725753784,40.62804576869194,24.61353927022013,9.245393753051758,9.787109375,0,0,0,0,0,0,0,0,timeout,"collapse_diagnostics={""zero_equivalent_arm_action_count"":0,""zero_equivalent_full_noop_count"":0,""repeated_action_count"":0,""repeated_chunk_count"":0,""max_consecutive_zero_equivalent_actions"":0,""max_consecutive_repeated_chunks"":0}",,,/root/autodl-tmp/openvla_efficiency_project/scripts/Simulation/DF-06-01 LoRA+OFT INT8/output/videos/task_08_trial_037.mp4,2026-07-28T21:40:19.137452+00:00,2026-07-28T21:40:41.321200+00:00
task_08_trial_038,df_06_01_lora_oft_int8_libero10_seed42_best_step100000,DF-04-03 LoRA+OFT INT8 Language Model,bitsandbytes,llm_int8,True,8,KITCHEN_SCENE8_put_both_moka_pots_on_the_stove,put both moka pots on the stove,38,38,8080,True,False,success,379,379,18.223806,48,384,379,47,212.0060274998347,267.76842987164855,26.850367598923654,14.024053049079662,20.54058779031038,354.5593379919107,433.1972636282444,44.904612727207684,22.269427109302303,9.245393753051758,9.787109375,0,0,0,0,0,0,0,0,,,,,/root/autodl-tmp/openvla_efficiency_project/scripts/Simulation/DF-06-01 LoRA+OFT INT8/output/videos/task_08_trial_038.mp4,2026-07-28T21:40:41.323616+00:00,2026-07-28T21:40:59.548170+00:00
task_08_trial_039,df_06_01_lora_oft_int8_libero10_seed42_best_step100000,DF-04-03 LoRA+OFT INT8 Language Model,bitsandbytes,llm_int8,True,8,KITCHEN_SCENE8_put_both_moka_pots_on_the_stove,put both moka pots on the stove,39,39,8081,True,False,success,380,380,18.627143,48,384,380,47,216.859072757264,265.1427856646478,27.392724979864923,14.625455296941494,21.061506401747465,364.7286370008563,437.1360279619694,46.070985726423956,21.70563499418358,9.245393753051758,9.787109375,0,0,0,0,0,0,0,0,,,,,/root/autodl-tmp/openvla_efficiency_project/scripts/Simulation/DF-06-01 LoRA+OFT INT8/output/videos/task_08_trial_039.mp4,2026-07-28T21:40:59.550215+00:00,2026-07-28T21:41:18.178219+00:00
task_08_trial_040,df_06_01_lora_oft_int8_libero10_seed42_best_step100000,DF-04-03 LoRA+OFT INT8 Language Model,bitsandbytes,llm_int8,True,8,KITCHEN_SCENE8_put_both_moka_pots_on_the_stove,put both moka pots on the stove,40,40,8082,True,False,success,407,407,18.230755,51,408,407,50,198.47345268171208,209.07173212617636,24.8701378053251,13.376657212615306,15.251550450921059,334.79351919217436,345.0149353593588,41.952013461427256,23.836758178947697,9.245393753051758,9.787109375,0,0,0,0,0,0,0,0,,,,,/root/autodl-tmp/openvla_efficiency_project/scripts/Simulation/DF-06-01 LoRA+OFT INT8/output/videos/task_08_trial_040.mp4,2026-07-28T21:41:18.180264+00:00,2026-07-28T21:41:36.411730+00:00
task_08_trial_041,df_06_01_lora_oft_int8_libero10_seed42_best_step100000,DF-04-03 LoRA+OFT INT8 Language Model,bitsandbytes,llm_int8,True,8,KITCHEN_SCENE8_put_both_moka_pots_on_the_stove,put both moka pots on the stove,41,41,8083,True,False,success,359,359,15.971664,45,360,359,44,196.8925152801805,204.75252382457256,24.680120299744075,13.065879879140589,14.146450906991959,330.534650095635,338.8876773416996,41.43191992842221,24.135980223161273,9.2453932762146,9.787109375,0,0,0,0,0,0,0,0,,,,,/root/autodl-tmp/openvla_efficiency_project/scripts/Simulation/DF-06-01 LoRA+OFT INT8/output/videos/task_08_trial_041.mp4,2026-07-28T21:41:36.413491+00:00,2026-07-28T21:41:52.385959+00:00
task_08_trial_042,df_06_01_lora_oft_int8_libero10_seed42_best_step100000,DF-04-03 LoRA+OFT INT8 Language Model,bitsandbytes,llm_int8,True,8,KITCHEN_SCENE8_put_both_moka_pots_on_the_stove,put both moka pots on the stove,42,42,8084,True,False,success,367,367,16.297382,46,368,367,45,195.2227922561376,203.14342668280005,24.4693418086712,13.36218675532523,14.838051795959473,330.8184672470974,343.342253472656,41.46498499554899,24.11673367559023,9.2453932762146,9.787109375,0,0,0,0,0,0,0,0,,,,,/root/autodl-tmp/openvla_efficiency_project/scripts/Simulation/DF-06-01 LoRA+OFT INT8/output/videos/task_08_trial_042.mp4,2026-07-28T21:41:52.387676+00:00,2026-07-28T21:42:08.685820+00:00
task_08_trial_043,df_06_01_lora_oft_int8_libero10_seed42_best_step100000,DF-04-03 LoRA+OFT INT8 Language Model,bitsandbytes,llm_int8,True,8,KITCHEN_SCENE8_put_both_moka_pots_on_the_stove,put both moka pots on the stove,43,43,8085,True,False,success,353,353,16.50464,45,360,353,44,202.678127379881,233.78907479345798,25.83715504842676,13.665181793082537,17.394712939858433,340.87026760809954,401.21245346963406,43.45371683389371,23.012991128528835,9.245393753051758,9.787109375,0,0,0,0,0,0,0,0,,,,,/root/autodl-tmp/openvla_efficiency_project/scripts/Simulation/DF-06-01 LoRA+OFT INT8/output/videos/task_08_trial_043.mp4,2026-07-28T21:42:08.687897+00:00,2026-07-28T21:42:25.193391+00:00
task_08_trial_044,df_06_01_lora_oft_int8_libero10_seed42_best_step100000,DF-04-03 LoRA+OFT INT8 Language Model,bitsandbytes,llm_int8,True,8,KITCHEN_SCENE8_put_both_moka_pots_on_the_stove,put both moka pots on the stove,44,44,8086,True,False,success,443,443,20.471755,56,448,443,55,204.37388298367816,262.67889607697725,25.835073243986404,13.669333469046965,18.97840127348897,343.61454052850604,437.2737715020776,43.43660106003688,23.022059175804923,9.2453932762146,9.787109375,0,0,0,0,0,0,0,0,,,,,/root/autodl-tmp/openvla_efficiency_project/scripts/Simulation/DF-06-01 LoRA+OFT INT8/output/videos/task_08_trial_044.mp4,2026-07-28T21:42:25.195272+00:00,2026-07-28T21:42:45.667892+00:00
task_08_trial_045,df_06_01_lora_oft_int8_libero10_seed42_best_step100000,DF-04-03 LoRA+OFT INT8 Language Model,bitsandbytes,llm_int8,True,8,KITCHEN_SCENE8_put_both_moka_pots_on_the_stove,put both moka pots on the stove,45,45,8087,True,False,success,361,361,16.763652,46,368,361,45,198.52933032519144,204.3983698822558,25.297366191021624,13.796309050471828,20.29019221663475,337.0702018475403,349.48416287079453,42.95077364262286,23.282467699432416,9.2453932762146,9.787109375,0,0,0,0,0,0,0,0,,,,,/root/autodl-tmp/openvla_efficiency_project/scripts/Simulation/DF-06-01 LoRA+OFT INT8/output/videos/task_08_trial_045.mp4,2026-07-28T21:42:45.670265+00:00,2026-07-28T21:43:02.434845+00:00
task_08_trial_046,df_06_01_lora_oft_int8_libero10_seed42_best_step100000,DF-04-03 LoRA+OFT INT8 Language Model,bitsandbytes,llm_int8,True,8,KITCHEN_SCENE8_put_both_moka_pots_on_the_stove,put both moka pots on the stove,46,46,8088,True,False,success,382,382,17.426419,48,384,382,47,200.73815962920585,207.84613424912095,25.223643094769322,13.406906213552851,15.035340376198292,336.87459452388185,347.8556927293539,42.32979198205845,23.62402348737862,9.245394229888916,9.787109375,0,0,0,0,0,0,0,0,,,,,/root/autodl-tmp/openvla_efficiency_project/scripts/Simulation/DF-06-01 LoRA+OFT INT8/output/videos/task_08_trial_046.mp4,2026-07-28T21:43:02.436883+00:00,2026-07-28T21:43:19.864233+00:00
task_08_trial_047,df_06_01_lora_oft_int8_libero10_seed42_best_step100000,DF-04-03 LoRA+OFT INT8 Language Model,bitsandbytes,llm_int8,True,8,KITCHEN_SCENE8_put_both_moka_pots_on_the_stove,put both moka pots on the stove,47,47,8089,True,False,success,368,368,16.871204,46,368,368,45,199.534445029238,206.0011732392013,24.94180562865475,13.601386620987045,16.09426271170377,338.5879533851276,349.16477696970105,42.32349417314095,23.627538782811868,9.245394229888916,9.787109375,0,0,0,0,0,0,0,0,,,,,/root/autodl-tmp/openvla_efficiency_project/scripts/Simulation/DF-06-01 LoRA+OFT INT8/output/videos/task_08_trial_047.mp4,2026-07-28T21:43:19.866431+00:00,2026-07-28T21:43:36.738544+00:00
task_08_trial_048,df_06_01_lora_oft_int8_libero10_seed42_best_step100000,DF-04-03 LoRA+OFT INT8 Language Model,bitsandbytes,llm_int8,True,8,KITCHEN_SCENE8_put_both_moka_pots_on_the_stove,put both moka pots on the stove,48,48,8090,True,False,success,357,357,16.030125,45,360,357,44,194.74526714119645,202.07347087562084,24.547722748890312,13.20594984318028,14.518339559435844,328.7241975052489,341.40326492488384,41.43582321494734,24.1337065951972,9.245393753051758,9.787109375,0,0,0,0,0,0,0,0,,,,,/root/autodl-tmp/openvla_efficiency_project/scripts/Simulation/DF-06-01 LoRA+OFT INT8/output/videos/task_08_trial_048.mp4,2026-07-28T21:43:36.740619+00:00,2026-07-28T21:43:52.771581+00:00
task_08_trial_049,df_06_01_lora_oft_int8_libero10_seed42_best_step100000,DF-04-03 LoRA+OFT INT8 Language Model,bitsandbytes,llm_int8,True,8,KITCHEN_SCENE8_put_both_moka_pots_on_the_stove,put both moka pots on the stove,49,49,8091,True,False,success,386,386,17.542721,49,392,386,48,194.95723092434358,199.58428032696247,24.74845677537004,13.826408529644494,15.017637982964516,332.9050654583439,351.5271209180355,42.25996944937527,23.663055440632437,9.245393753051758,9.787109375,0,0,0,0,0,0,0,0,,,,,/root/autodl-tmp/openvla_efficiency_project/scripts/Simulation/DF-06-01 LoRA+OFT INT8/output/videos/task_08_trial_049.mp4,2026-07-28T21:43:52.773695+00:00,2026-07-28T21:44:10.317333+00:00
task_09_trial_000,df_06_01_lora_oft_int8_libero10_seed42_best_step100000,DF-04-03 LoRA+OFT INT8 Language Model,bitsandbytes,llm_int8,True,9,KITCHEN_SCENE6_put_the_yellow_and_white_mug_in_the_microwave_and_close_it,put the yellow and white mug in the microwave and close it,0,0,9042,True,False,success,240,240,11.770661,30,240,240,29,193.77685704578957,201.44277010113,24.222107130723696,12.885727857549986,14.78176936507225,326.54892845700186,345.8545746281743,40.81861605712523,24.498625788794758,9.249577522277832,9.787109375,0,0,0,0,0,0,0,0,,,,,/root/autodl-tmp/openvla_efficiency_project/scripts/Simulation/DF-06-01 LoRA+OFT INT8/output/videos/task_09_trial_000.mp4,2026-07-28T21:44:12.232716+00:00,2026-07-28T21:44:24.004161+00:00
task_09_trial_001,df_06_01_lora_oft_int8_libero10_seed42_best_step100000,DF-04-03 LoRA+OFT INT8 Language Model,bitsandbytes,llm_int8,True,9,KITCHEN_SCENE6_put_the_yellow_and_white_mug_in_the_microwave_and_close_it,put the yellow and white mug in the microwave and close it,1,1,9043,True,False,success,260,260,13.368859,33,264,260,32,209.48565661004096,260.0696839392185,26.588564108197506,13.352177313600595,19.823045935481783,346.2055402836113,417.1122170984745,43.94147242061221,22.75754418122131,9.24957799911499,9.787109375,0,0,0,0,0,0,0,0,,,,,/root/autodl-tmp/openvla_efficiency_project/scripts/Simulation/DF-06-01 LoRA+OFT INT8/output/videos/task_09_trial_001.mp4,2026-07-28T21:44:24.006351+00:00,2026-07-28T21:44:37.376153+00:00
task_09_trial_002,df_06_01_lora_oft_int8_libero10_seed42_best_step100000,DF-04-03 LoRA+OFT INT8 Language Model,bitsandbytes,llm_int8,True,9,KITCHEN_SCENE6_put_the_yellow_and_white_mug_in_the_microwave_and_close_it,put the yellow and white mug in the microwave and close it,2,2,9044,False,True,timeout,520,,23.876844,65,520,520,64,198.38327089181314,206.58190064132214,24.797908861476643,13.20095070852683,17.786063347011805,333.78962444571346,356.5420772880316,41.72370305571418,23.967191949973554,9.24957799911499,9.787109375,0,0,0,0,0,0,0,0,timeout,"collapse_diagnostics={""zero_equivalent_arm_action_count"":0,""zero_equivalent_full_noop_count"":0,""repeated_action_count"":0,""repeated_chunk_count"":0,""max_consecutive_zero_equivalent_actions"":0,""max_consecutive_repeated_chunks"":0}",,,/root/autodl-tmp/openvla_efficiency_project/scripts/Simulation/DF-06-01 LoRA+OFT INT8/output/videos/task_09_trial_002.mp4,2026-07-28T21:44:37.378334+00:00,2026-07-28T21:45:01.256144+00:00
task_09_trial_003,df_06_01_lora_oft_int8_libero10_seed42_best_step100000,DF-04-03 LoRA+OFT INT8 Language Model,bitsandbytes,llm_int8,True,9,KITCHEN_SCENE6_put_the_yellow_and_white_mug_in_the_microwave_and_close_it,put the yellow and white mug in the microwave and close it,3,3,9045,True,False,success,246,246,12.360969,31,248,246,30,199.76701082721834,205.9504771605134,25.173891608308,12.643176592825874,14.972612727433443,330.23299216743436,341.34510811418295,41.614726655245796,24.029954787025947,9.249578475952148,9.787109375,0,0,0,0,0,0,0,0,,,,,/root/autodl-tmp/openvla_efficiency_project/scripts/Simulation/DF-06-01 LoRA+OFT INT8/output/videos/task_09_trial_003.mp4,2026-07-28T21:45:01.258531+00:00,2026-07-28T21:45:13.620256+00:00
task_09_trial_004,df_06_01_lora_oft_int8_libero10_seed42_best_step100000,DF-04-03 LoRA+OFT INT8 Language Model,bitsandbytes,llm_int8,True,9,KITCHEN_SCENE6_put_the_yellow_and_white_mug_in_the_microwave_and_close_it,put the yellow and white mug in the microwave and close it,4,4,9046,True,False,success,238,238,12.181534,30,240,238,29,200.3592029834787,208.9796998538077,25.255361720606558,13.127231688684777,15.432339161634442,335.0439017017682,346.3305386714637,42.2324245842565,23.678488977229648,9.24957799911499,9.787109375,0,0,0,0,0,0,0,0,,,,,/root/autodl-tmp/openvla_efficiency_project/scripts/Simulation/DF-06-01 LoRA+OFT INT8/output/videos/task_09_trial_004.mp4,2026-07-28T21:45:13.622321+00:00,2026-07-28T21:45:25.805143+00:00
task_09_trial_005,df_06_01_lora_oft_int8_libero10_seed42_best_step100000,DF-04-03 LoRA+OFT INT8 Language Model,bitsandbytes,llm_int8,True,9,KITCHEN_SCENE6_put_the_yellow_and_white_mug_in_the_microwave_and_close_it,put the yellow and white mug in the microwave and close it,5,5,9047,True,False,success,258,258,13.079369,33,264,258,32,203.9557286735737,214.87220637500286,26.08736064429431,12.92338522598725,15.247321873903275,334.9180596344399,343.90694573521614,42.838356464870216,23.34356596570306,9.249577522277832,9.787109375,0,0,0,0,0,0,0,0,,,,,/root/autodl-tmp/openvla_efficiency_project/scripts/Simulation/DF-06-01 LoRA+OFT INT8/output/videos/task_09_trial_005.mp4,2026-07-28T21:45:25.807550+00:00,2026-07-28T21:45:38.887636+00:00
task_09_trial_006,df_06_01_lora_oft_int8_libero10_seed42_best_step100000,DF-04-03 LoRA+OFT INT8 Language Model,bitsandbytes,llm_int8,True,9,KITCHEN_SCENE6_put_the_yellow_and_white_mug_in_the_microwave_and_close_it,put the yellow and white mug in the microwave and close it,6,6,9048,True,False,success,238,238,11.834151,30,240,238,29,194.75242793560028,204.9988123588264,24.548625370033648,12.691532692112842,15.473055560141797,324.9922016635537,339.903640281409,40.965403571036184,24.41084214551791,9.249577522277832,9.787109375,0,0,0,0,0,0,0,0,,,,,/root/autodl-tmp/openvla_efficiency_project/scripts/Simulation/DF-06-01 LoRA+OFT INT8/output/videos/task_09_trial_006.mp4,2026-07-28T21:45:38.889772+00:00,2026-07-28T21:45:50.724881+00:00
task_09_trial_007,df_06_01_lora_oft_int8_libero10_seed42_best_step100000,DF-04-03 LoRA+OFT INT8 Language Model,bitsandbytes,llm_int8,True,9,KITCHEN_SCENE6_put_the_yellow_and_white_mug_in_the_microwave_and_close_it,put the yellow and white mug in the microwave and close it,7,7,9049,True,False,success,238,238,11.825986,30,240,238,29,194.66978504012027,204.29467735812068,24.53820819833449,12.732026441132321,15.676645934581751,325.06206420560676,340.9738337621093,40.97420977381598,24.40559575206345,9.249577522277832,9.787109375,0,0,0,0,0,0,0,0,,,,,/root/autodl-tmp/openvla_efficiency_project/scripts/Simulation/DF-06-01 LoRA+OFT INT8/output/videos/task_09_trial_007.mp4,2026-07-28T21:45:50.726977+00:00,2026-07-28T21:46:02.553738+00:00
task_09_trial_008,df_06_01_lora_oft_int8_libero10_seed42_best_step100000,DF-04-03 LoRA+OFT INT8 Language Model,bitsandbytes,llm_int8,True,9,KITCHEN_SCENE6_put_the_yellow_and_white_mug_in_the_microwave_and_close_it,put the yellow and white mug in the microwave and close it,8,8,9050,True,False,success,245,245,12.039575,31,248,245,30,195.2896766484745,202.74293329566717,24.710122351439633,12.580406034783442,14.778254926204681,324.4244509166287,341.014314442873,41.04962440169587,24.36075882727656,9.249577522277832,9.787109375,0,0,0,0,0,0,0,0,,,,,/root/autodl-tmp/openvla_efficiency_project/scripts/Simulation/DF-06-01 LoRA+OFT INT8/output/videos/task_09_trial_008.mp4,2026-07-28T21:46:02.555784+00:00,2026-07-28T21:46:14.596128+00:00
task_09_trial_009,df_06_01_lora_oft_int8_libero10_seed42_best_step100000,DF-04-03 LoRA+OFT INT8 Language Model,bitsandbytes,llm_int8,True,9,KITCHEN_SCENE6_put_the_yellow_and_white_mug_in_the_microwave_and_close_it,put the yellow and white mug in the microwave and close it,9,9,9051,True,False,success,251,251,12.409132,32,256,251,31,196.30690343910828,206.4297310076654,25.027174940444084,12.564574802420529,15.027344226837158,324.1376373334788,345.95228396356106,41.324320297495305,24.19882511801678,9.249577522277832,9.787109375,0,0,0,0,0,0,0,0,,,,,/root/autodl-tmp/openvla_efficiency_project/scripts/Simulation/DF-06-01 LoRA+OFT INT8/output/videos/task_09_trial_009.mp4,2026-07-28T21:46:14.598292+00:00,2026-07-28T21:46:27.008239+00:00
task_09_trial_010,df_06_01_lora_oft_int8_libero10_seed42_best_step100000,DF-04-03 LoRA+OFT INT8 Language Model,bitsandbytes,llm_int8,True,9,KITCHEN_SCENE6_put_the_yellow_and_white_mug_in_the_microwave_and_close_it,put the yellow and white mug in the microwave and close it,10,10,9052,True,False,success,257,257,13.307519,33,264,257,32,206.2473850268306,249.86205101013184,26.483127260254516,13.584847326466546,20.361675694584846,343.0040285104152,415.86384885013103,44.04331883596771,22.704919302842274,9.249578475952148,9.787109375,0,0,0,0,0,0,0,0,,,,,/root/autodl-tmp/openvla_efficiency_project/scripts/Simulation/DF-06-01 LoRA+OFT INT8/output/videos/task_09_trial_010.mp4,2026-07-28T21:46:27.010258+00:00,2026-07-28T21:46:40.318587+00:00
task_09_trial_011,df_06_01_lora_oft_int8_libero10_seed42_best_step100000,DF-04-03 LoRA+OFT INT8 Language Model,bitsandbytes,llm_int8,True,9,KITCHEN_SCENE6_put_the_yellow_and_white_mug_in_the_microwave_and_close_it,put the yellow and white mug in the microwave and close it,11,11,9053,True,False,success,249,249,12.196597,32,256,249,31,193.5875664348714,199.57764074206352,24.87872339725255,12.341866434278737,13.939767330884933,317.8253994556144,328.5544038750231,40.845031255340004,24.482782097743208,9.24957799911499,9.787109375,0,0,0,0,0,0,0,0,,,,,/root/autodl-tmp/openvla_efficiency_project/scripts/Simulation/DF-06-01 LoRA+OFT INT8/output/videos/task_09_trial_011.mp4,2026-07-28T21:46:40.320723+00:00,2026-07-28T21:46:52.518030+00:00
task_09_trial_012,df_06_01_lora_oft_int8_libero10_seed42_best_step100000,DF-04-03 LoRA+OFT INT8 Language Model,bitsandbytes,llm_int8,True,9,KITCHEN_SCENE6_put_the_yellow_and_white_mug_in_the_microwave_and_close_it,put the yellow and white mug in the microwave and close it,12,12,9054,True,False,success,259,259,12.865002,33,264,259,32,198.71925331200615,207.14982710778713,25.31944154168418,12.835618719803781,18.70795525610447,329.3718651614406,352.33264081180096,41.966299422114055,23.828643787282616,9.24957799911499,9.787109375,0,0,0,0,0,0,0,0,,,,,/root/autodl-tmp/openvla_efficiency_project/scripts/Simulation/DF-06-01 LoRA+OFT INT8/output/videos/task_09_trial_012.mp4,2026-07-28T21:46:52.520825+00:00,2026-07-28T21:47:05.386692+00:00
task_09_trial_013,df_06_01_lora_oft_int8_libero10_seed42_best_step100000,DF-04-03 LoRA+OFT INT8 Language Model,bitsandbytes,llm_int8,True,9,KITCHEN_SCENE6_put_the_yellow_and_white_mug_in_the_microwave_and_close_it,put the yellow and white mug in the microwave and close it,13,13,9055,True,False,success,284,284,13.811628,36,288,284,35,196.1265093026062,203.04167829453945,24.86110681300642,12.902418446635277,16.703844815492626,327.9599397857156,339.9880384095013,41.57238673340057,24.05442839769814,9.249577522277832,9.787109375,0,0,0,0,0,0,0,0,,,,,/root/autodl-tmp/openvla_efficiency_project/scripts/Simulation/DF-06-01 LoRA+OFT INT8/output/videos/task_09_trial_013.mp4,2026-07-28T21:47:05.390745+00:00,2026-07-28T21:47:19.203081+00:00
task_09_trial_014,df_06_01_lora_oft_int8_libero10_seed42_best_step100000,DF-04-03 LoRA+OFT INT8 Language Model,bitsandbytes,llm_int8,True,9,KITCHEN_SCENE6_put_the_yellow_and_white_mug_in_the_microwave_and_close_it,put the yellow and white mug in the microwave and close it,14,14,9056,True,False,success,236,236,11.986131,30,240,236,29,203.47334115455547,210.7860111631453,25.86525523151129,12.74457524956788,14.114569872617722,333.5744932914774,350.9180065244436,42.403537282814916,23.58293821881871,9.249577522277832,9.787109375,0,0,0,0,0,0,0,0,,,,,/root/autodl-tmp/openvla_efficiency_project/scripts/Simulation/DF-06-01 LoRA+OFT INT8/output/videos/task_09_trial_014.mp4,2026-07-28T21:47:19.205083+00:00,2026-07-28T21:47:31.193315+00:00
task_09_trial_015,df_06_01_lora_oft_int8_libero10_seed42_best_step100000,DF-04-03 LoRA+OFT INT8 Language Model,bitsandbytes,llm_int8,True,9,KITCHEN_SCENE6_put_the_yellow_and_white_mug_in_the_microwave_and_close_it,put the yellow and white mug in the microwave and close it,15,15,9057,True,False,success,243,243,12.942803,31,248,243,30,213.60302103623266,261.9347935542464,27.249768115733385,13.944458032463803,22.01671376824379,355.8524446261506,434.13352128118277,45.396813923500694,22.027977595192585,9.249577522277832,9.787109375,0,0,0,0,0,0,0,0,,,,,/root/autodl-tmp/openvla_efficiency_project/scripts/Simulation/DF-06-01 LoRA+OFT INT8/output/videos/task_09_trial_015.mp4,2026-07-28T21:47:31.202879+00:00,2026-07-28T21:47:44.146485+00:00
task_09_trial_016,df_06_01_lora_oft_int8_libero10_seed42_best_step100000,DF-04-03 LoRA+OFT INT8 Language Model,bitsandbytes,llm_int8,True,9,KITCHEN_SCENE6_put_the_yellow_and_white_mug_in_the_microwave_and_close_it,put the yellow and white mug in the microwave and close it,16,16,9058,True,False,success,239,239,11.999438,30,240,239,29,196.62800431251526,206.48972764611244,24.6813394534538,12.665738526996709,14.559266343712805,327.366994942228,344.97224409133196,41.09209141534242,24.335582968810225,9.24957799911499,9.787109375,0,0,0,0,0,0,0,0,,,,,/root/autodl-tmp/openvla_efficiency_project/scripts/Simulation/DF-06-01 LoRA+OFT INT8/output/videos/task_09_trial_016.mp4,2026-07-28T21:47:44.148803+00:00,2026-07-28T21:47:56.148967+00:00
task_09_trial_017,df_06_01_lora_oft_int8_libero10_seed42_best_step100000,DF-04-03 LoRA+OFT INT8 Language Model,bitsandbytes,llm_int8,True,9,KITCHEN_SCENE6_put_the_yellow_and_white_mug_in_the_microwave_and_close_it,put the yellow and white mug in the microwave and close it,17,17,9059,True,False,success,273,273,13.414891,35,280,273,34,196.36347847325462,204.46951109915972,25.17480493246854,13.303630715816013,17.280364781618108,329.0475976786443,352.2789178416133,42.18558944598004,23.70477722684262,9.249577522277832,9.787109375,0,0,0,0,0,0,0,0,,,,,/root/autodl-tmp/openvla_efficiency_project/scripts/Simulation/DF-06-01 LoRA+OFT INT8/output/videos/task_09_trial_017.mp4,2026-07-28T21:47:56.151503+00:00,2026-07-28T21:48:09.567192+00:00
task_09_trial_018,df_06_01_lora_oft_int8_libero10_seed42_best_step100000,DF-04-03 LoRA+OFT INT8 Language Model,bitsandbytes,llm_int8,True,9,KITCHEN_SCENE6_put_the_yellow_and_white_mug_in_the_microwave_and_close_it,put the yellow and white mug in the microwave and close it,18,18,9060,True,False,success,268,268,13.065255,34,272,268,33,195.47160386162645,203.47245009616017,24.798636310803357,12.694889915856853,16.254997905343757,324.50284019989124,341.7107103392482,41.168270771627995,24.290551467349257,9.249577045440674,9.787109375,0,0,0,0,0,0,0,0,,,,,/root/autodl-tmp/openvla_efficiency_project/scripts/Simulation/DF-06-01 LoRA+OFT INT8/output/videos/task_09_trial_018.mp4,2026-07-28T21:48:09.569016+00:00,2026-07-28T21:48:22.634973+00:00
task_09_trial_019,df_06_01_lora_oft_int8_libero10_seed42_best_step100000,DF-04-03 LoRA+OFT INT8 Language Model,bitsandbytes,llm_int8,True,9,KITCHEN_SCENE6_put_the_yellow_and_white_mug_in_the_microwave_and_close_it,put the yellow and white mug in the microwave and close it,19,19,9061,True,False,success,251,251,12.915011,32,256,251,31,208.67027412168682,246.99454065412283,26.60338156133059,13.293901094758652,19.852888770401478,344.3349819863215,416.5839453227818,43.899280571961306,22.779416586583086,9.24957799911499,9.787109375,0,0,0,0,0,0,0,0,,,,,/root/autodl-tmp/openvla_efficiency_project/scripts/Simulation/DF-06-01 LoRA+OFT INT8/output/videos/task_09_trial_019.mp4,2026-07-28T21:48:22.636773+00:00,2026-07-28T21:48:35.552520+00:00
task_09_trial_020,df_06_01_lora_oft_int8_libero10_seed42_best_step100000,DF-04-03 LoRA+OFT INT8 Language Model,bitsandbytes,llm_int8,True,9,KITCHEN_SCENE6_put_the_yellow_and_white_mug_in_the_microwave_and_close_it,put the yellow and white mug in the microwave and close it,20,20,9062,True,False,success,262,262,12.609663,33,264,262,32,194.91154045769662,200.49800425767899,24.54992685154194,12.591912304513327,15.921871736645695,324.59060475230217,339.18080627918243,40.88354945353424,24.459715787068323,9.24957799911499,9.787109375,0,0,0,0,0,0,0,0,,,,,/root/autodl-tmp/openvla_efficiency_project/scripts/Simulation/DF-06-01 LoRA+OFT INT8/output/videos/task_09_trial_020.mp4,2026-07-28T21:48:35.554442+00:00,2026-07-28T21:48:48.164977+00:00
task_09_trial_021,df_06_01_lora_oft_int8_libero10_seed42_best_step100000,DF-04-03 LoRA+OFT INT8 Language Model,bitsandbytes,llm_int8,True,9,KITCHEN_SCENE6_put_the_yellow_and_white_mug_in_the_microwave_and_close_it,put the yellow and white mug in the microwave and close it,21,21,9063,True,False,success,244,244,12.053481,31,248,244,30,195.46993022724504,201.51860732585192,24.8342944141172,12.823704195010368,15.175898559391499,325.9852692004173,342.0946653932333,41.41616125087269,24.145163863513034,9.24957799911499,9.787109375,0,0,0,0,0,0,0,0,,,,,/root/autodl-tmp/openvla_efficiency_project/scripts/Simulation/DF-06-01 LoRA+OFT INT8/output/videos/task_09_trial_021.mp4,2026-07-28T21:48:48.167392+00:00,2026-07-28T21:49:00.221638+00:00
task_09_trial_022,df_06_01_lora_oft_int8_libero10_seed42_best_step100000,DF-04-03 LoRA+OFT INT8 Language Model,bitsandbytes,llm_int8,True,9,KITCHEN_SCENE6_put_the_yellow_and_white_mug_in_the_microwave_and_close_it,put the yellow and white mug in the microwave and close it,22,22,9064,True,False,success,247,247,12.324344,31,248,247,30,200.55521658111005,205.94360679388046,25.170897627588708,12.733754871586557,14.450033940374851,331.8368703006737,343.17097067832947,41.64754242640034,24.01102062065734,9.24957799911499,9.787109375,0,0,0,0,0,0,0,0,,,,,/root/autodl-tmp/openvla_efficiency_project/scripts/Simulation/DF-06-01 LoRA+OFT INT8/output/videos/task_09_trial_022.mp4,2026-07-28T21:49:00.223785+00:00,2026-07-28T21:49:12.548936+00:00
task_09_trial_023,df_06_01_lora_oft_int8_libero10_seed42_best_step100000,DF-04-03 LoRA+OFT INT8 Language Model,bitsandbytes,llm_int8,True,9,KITCHEN_SCENE6_put_the_yellow_and_white_mug_in_the_microwave_and_close_it,put the yellow and white mug in the microwave and close it,23,23,9065,True,False,success,270,270,13.27318,34,272,270,33,201.94054159390575,205.97062231972814,25.42954968219554,12.7265274386715,15.192735381424427,333.55126551845495,348.7293625250459,42.00275195417581,23.80796384701128,9.249577522277832,9.787109375,0,0,0,0,0,0,0,0,,,,,/root/autodl-tmp/openvla_efficiency_project/scripts/Simulation/DF-06-01 LoRA+OFT INT8/output/videos/task_09_trial_023.mp4,2026-07-28T21:49:12.551010+00:00,2026-07-28T21:49:25.825011+00:00
task_09_trial_024,df_06_01_lora_oft_int8_libero10_seed42_best_step100000,DF-04-03 LoRA+OFT INT8 Language Model,bitsandbytes,llm_int8,True,9,KITCHEN_SCENE6_put_the_yellow_and_white_mug_in_the_microwave_and_close_it,put the yellow and white mug in the microwave and close it,24,24,9066,True,False,success,238,238,12.107033,30,240,238,29,200.43913101156554,206.9076751358807,25.265436682130108,12.740550703611694,15.412321127951143,332.04384197791416,347.57877849042416,41.8542657955354,23.892427235139078,9.24957799911499,9.787109375,0,0,0,0,0,0,0,0,,,,,/root/autodl-tmp/openvla_efficiency_project/scripts/Simulation/DF-06-01 LoRA+OFT INT8/output/videos/task_09_trial_024.mp4,2026-07-28T21:49:25.826921+00:00,2026-07-28T21:49:37.934702+00:00
task_09_trial_025,df_06_01_lora_oft_int8_libero10_seed42_best_step100000,DF-04-03 LoRA+OFT INT8 Language Model,bitsandbytes,llm_int8,True,9,KITCHEN_SCENE6_put_the_yellow_and_white_mug_in_the_microwave_and_close_it,put the yellow and white mug in the microwave and close it,25,25,9067,True,False,success,276,276,13.442645,35,280,276,34,199.90174227527208,204.8189366236329,25.349858621864215,12.834124867736861,15.720616094768047,331.2131321855954,347.5879257544875,42.00166531339072,23.808579791744258,9.249577522277832,9.787109375,0,0,0,0,0,0,0,0,,,,,/root/autodl-tmp/openvla_efficiency_project/scripts/Simulation/DF-06-01 LoRA+OFT INT8/output/videos/task_09_trial_025.mp4,2026-07-28T21:49:37.937502+00:00,2026-07-28T21:49:51.380959+00:00
task_09_trial_026,df_06_01_lora_oft_int8_libero10_seed42_best_step100000,DF-04-03 LoRA+OFT INT8 Language Model,bitsandbytes,llm_int8,True,9,KITCHEN_SCENE6_put_the_yellow_and_white_mug_in_the_microwave_and_close_it,put the yellow and white mug in the microwave and close it,26,26,9068,True,False,success,247,247,12.183736,31,248,247,30,195.5558253872779,205.13648353517056,24.543443672087513,12.902857102302887,17.710134945809838,328.6096331092619,342.5743943080306,41.24250456027174,24.246830076447015,9.249577522277832,9.787109375,0,0,0,0,0,0,0,0,,,,,/root/autodl-tmp/openvla_efficiency_project/scripts/Simulation/DF-06-01 LoRA+OFT INT8/output/videos/task_09_trial_026.mp4,2026-07-28T21:49:51.382784+00:00,2026-07-28T21:50:03.567270+00:00
task_09_trial_027,df_06_01_lora_oft_int8_libero10_seed42_best_step100000,DF-04-03 LoRA+OFT INT8 Language Model,bitsandbytes,llm_int8,True,9,KITCHEN_SCENE6_put_the_yellow_and_white_mug_in_the_microwave_and_close_it,put the yellow and white mug in the microwave and close it,27,27,9069,True,False,success,256,256,12.310071,32,256,256,31,195.35667245509103,200.78350119292736,24.41958405688638,12.424040083715227,14.075465966016054,323.84783698944375,335.75546788051724,40.48097962368047,24.70295949594615,9.24957799911499,9.787109375,0,0,0,0,0,0,0,0,,,,,/root/autodl-tmp/openvla_efficiency_project/scripts/Simulation/DF-06-01 LoRA+OFT INT8/output/videos/task_09_trial_027.mp4,2026-07-28T21:50:03.569235+00:00,2026-07-28T21:50:15.880006+00:00
task_09_trial_028,df_06_01_lora_oft_int8_libero10_seed42_best_step100000,DF-04-03 LoRA+OFT INT8 Language Model,bitsandbytes,llm_int8,True,9,KITCHEN_SCENE6_put_the_yellow_and_white_mug_in_the_microwave_and_close_it,put the yellow and white mug in the microwave and close it,28,28,9070,True,False,success,255,255,12.662976,32,256,255,31,201.3751288759522,239.38414063304663,25.27060440796263,12.899649829841128,15.987834706902502,334.96076718438417,386.4158282056451,42.03429235255017,23.790099559968713,9.249577522277832,9.787109375,0,0,0,0,0,0,0,0,,,,,/root/autodl-tmp/openvla_efficiency_project/scripts/Simulation/DF-06-01 LoRA+OFT INT8/output/videos/task_09_trial_028.mp4,2026-07-28T21:50:15.881951+00:00,2026-07-28T21:50:28.545596+00:00
task_09_trial_029,df_06_01_lora_oft_int8_libero10_seed42_best_step100000,DF-04-03 LoRA+OFT INT8 Language Model,bitsandbytes,llm_int8,True,9,KITCHEN_SCENE6_put_the_yellow_and_white_mug_in_the_microwave_and_close_it,put the yellow and white mug in the microwave and close it,29,29,9071,True,False,success,232,232,11.197124,29,232,232,28,194.43230009798347,199.47968758642673,24.304037512247934,12.418832991207982,14.38727481290698,323.46951916556935,333.46546441316605,40.43368989569617,24.731851151345,9.249577522277832,9.787109375,0,0,0,0,0,0,0,0,,,,,/root/autodl-tmp/openvla_efficiency_project/scripts/Simulation/DF-06-01 LoRA+OFT INT8/output/videos/task_09_trial_029.mp4,2026-07-28T21:50:28.547585+00:00,2026-07-28T21:50:39.745537+00:00
task_09_trial_030,df_06_01_lora_oft_int8_libero10_seed42_best_step100000,DF-04-03 LoRA+OFT INT8 Language Model,bitsandbytes,llm_int8,True,9,KITCHEN_SCENE6_put_the_yellow_and_white_mug_in_the_microwave_and_close_it,put the yellow and white mug in the microwave and close it,30,30,9072,True,False,success,303,303,15.108602,38,304,303,37,206.67618454286927,262.88295686244965,25.91978552022783,13.452074690276246,17.666380666196346,345.58897377236894,433.47724406048656,43.34119143019809,23.072739050344783,9.249577522277832,9.787109375,0,0,0,0,0,0,0,0,,,,,/root/autodl-tmp/openvla_efficiency_project/scripts/Simulation/DF-06-01 LoRA+OFT INT8/output/videos/task_09_trial_030.mp4,2026-07-28T21:50:39.747915+00:00,2026-07-28T21:50:54.857300+00:00
task_09_trial_031,df_06_01_lora_oft_int8_libero10_seed42_best_step100000,DF-04-03 LoRA+OFT INT8 Language Model,bitsandbytes,llm_int8,True,9,KITCHEN_SCENE6_put_the_yellow_and_white_mug_in_the_microwave_and_close_it,put the yellow and white mug in the microwave and close it,31,31,9073,True,False,success,249,249,12.293615,32,256,249,31,194.71489521674812,199.8391542583704,25.0236009917106,12.615357918373073,14.040415734052658,321.5277170529589,329.09679263830185,41.32083110720757,24.200868501543052,9.24957799911499,9.787109375,0,0,0,0,0,0,0,0,,,,,/root/autodl-tmp/openvla_efficiency_project/scripts/Simulation/DF-06-01 LoRA+OFT INT8/output/videos/task_09_trial_031.mp4,2026-07-28T21:50:54.859074+00:00,2026-07-28T21:51:07.153401+00:00
task_09_trial_032,df_06_01_lora_oft_int8_libero10_seed42_best_step100000,DF-04-03 LoRA+OFT INT8 Language Model,bitsandbytes,llm_int8,True,9,KITCHEN_SCENE6_put_the_yellow_and_white_mug_in_the_microwave_and_close_it,put the yellow and white mug in the microwave and close it,32,32,9074,True,False,success,249,249,12.671865,32,256,249,31,201.40750682912767,206.72982325777411,25.883695656755364,13.102034959627922,16.234684363007545,333.4284476004541,351.0770298540592,42.85024226190575,23.337090929098643,9.249577522277832,9.787109375,0,0,0,0,0,0,0,0,,,,,/root/autodl-tmp/openvla_efficiency_project/scripts/Simulation/DF-06-01 LoRA+OFT INT8/output/videos/task_09_trial_032.mp4,2026-07-28T21:51:07.156475+00:00,2026-07-28T21:51:19.829080+00:00
task_09_trial_033,df_06_01_lora_oft_int8_libero10_seed42_best_step100000,DF-04-03 LoRA+OFT INT8 Language Model,bitsandbytes,llm_int8,True,9,KITCHEN_SCENE6_put_the_yellow_and_white_mug_in_the_microwave_and_close_it,put the yellow and white mug in the microwave and close it,33,33,9075,True,False,success,243,243,12.077718,31,248,243,30,200.6811534445132,208.30966159701347,25.60129941061691,12.787626565667827,15.665211901068687,330.46732614597965,343.3445496484637,42.158383170886296,23.720074746381147,9.249577522277832,9.787109375,0,0,0,0,0,0,0,0,,,,,/root/autodl-tmp/openvla_efficiency_project/scripts/Simulation/DF-06-01 LoRA+OFT INT8/output/videos/task_09_trial_033.mp4,2026-07-28T21:51:19.831331+00:00,2026-07-28T21:51:31.909855+00:00
task_09_trial_034,df_06_01_lora_oft_int8_libero10_seed42_best_step100000,DF-04-03 LoRA+OFT INT8 Language Model,bitsandbytes,llm_int8,True,9,KITCHEN_SCENE6_put_the_yellow_and_white_mug_in_the_microwave_and_close_it,put the yellow and white mug in the microwave and close it,34,34,9076,True,False,success,263,263,13.048832,33,264,263,32,200.4955243319273,210.5769708752632,25.15723309107833,13.15611163189656,17.79932603240012,335.3597329308589,351.2052286416292,42.07935812440435,23.76462105347657,9.249577522277832,9.787109375,0,0,0,0,0,0,0,0,,,,,/root/autodl-tmp/openvla_efficiency_project/scripts/Simulation/DF-06-01 LoRA+OFT INT8/output/videos/task_09_trial_034.mp4,2026-07-28T21:51:31.911692+00:00,2026-07-28T21:51:44.961309+00:00
task_09_trial_035,df_06_01_lora_oft_int8_libero10_seed42_best_step100000,DF-04-03 LoRA+OFT INT8 Language Model,bitsandbytes,llm_int8,True,9,KITCHEN_SCENE6_put_the_yellow_and_white_mug_in_the_microwave_and_close_it,put the yellow and white mug in the microwave and close it,35,35,9077,True,False,success,243,243,12.165275,31,248,243,30,199.59672985057676,205.08105773478746,25.462957306040657,12.635312023967382,14.72014971077442,328.1388064065287,344.8523748666048,41.861329212355514,23.88839577757236,9.249578475952148,9.787109375,0,0,0,0,0,0,0,0,,,,,/root/autodl-tmp/openvla_efficiency_project/scripts/Simulation/DF-06-01 LoRA+OFT INT8/output/videos/task_09_trial_035.mp4,2026-07-28T21:51:44.963424+00:00,2026-07-28T21:51:57.129386+00:00
task_09_trial_036,df_06_01_lora_oft_int8_libero10_seed42_best_step100000,DF-04-03 LoRA+OFT INT8 Language Model,bitsandbytes,llm_int8,True,9,KITCHEN_SCENE6_put_the_yellow_and_white_mug_in_the_microwave_and_close_it,put the yellow and white mug in the microwave and close it,36,36,9078,True,False,success,263,263,12.769872,33,264,263,32,194.33029413674817,202.5946207344532,24.383649074192736,12.880037775964338,15.849624574184416,326.6705378438487,340.844352170825,40.9890788929544,24.396742425258296,9.249577522277832,9.787109375,0,0,0,0,0,0,0,0,,,,,/root/autodl-tmp/openvla_efficiency_project/scripts/Simulation/DF-06-01 LoRA+OFT INT8/output/videos/task_09_trial_036.mp4,2026-07-28T21:51:57.131405+00:00,2026-07-28T21:52:09.901951+00:00
task_09_trial_037,df_06_01_lora_oft_int8_libero10_seed42_best_step100000,DF-04-03 LoRA+OFT INT8 Language Model,bitsandbytes,llm_int8,True,9,KITCHEN_SCENE6_put_the_yellow_and_white_mug_in_the_microwave_and_close_it,put the yellow and white mug in the microwave and close it,37,37,9079,False,True,timeout,520,,22.567058,65,520,520,64,192.58262956371675,199.20862019062042,24.072828695464594,12.177613810994304,13.354319054633377,319.0118659574252,329.68966104090214,39.87648324467815,25.07743709153335,9.249577045440674,9.787109375,0,0,0,0,0,0,0,0,timeout,"collapse_diagnostics={""zero_equivalent_arm_action_count"":0,""zero_equivalent_full_noop_count"":0,""repeated_action_count"":0,""repeated_chunk_count"":0,""max_consecutive_zero_equivalent_actions"":0,""max_consecutive_repeated_chunks"":0}",,,/root/autodl-tmp/openvla_efficiency_project/scripts/Simulation/DF-06-01 LoRA+OFT INT8/output/videos/task_09_trial_037.mp4,2026-07-28T21:52:09.903917+00:00,2026-07-28T21:52:32.471842+00:00
task_09_trial_038,df_06_01_lora_oft_int8_libero10_seed42_best_step100000,DF-04-03 LoRA+OFT INT8 Language Model,bitsandbytes,llm_int8,True,9,KITCHEN_SCENE6_put_the_yellow_and_white_mug_in_the_microwave_and_close_it,put the yellow and white mug in the microwave and close it,38,38,9080,True,False,success,248,248,12.683081,31,248,248,30,208.37137571746302,264.50884714722633,26.046421964682878,13.197383963532987,19.040529336780303,344.98821589494906,442.98605900257826,43.12352698686863,23.189197866503495,9.24957799911499,9.787109375,0,0,0,0,0,0,0,0,,,,,/root/autodl-tmp/openvla_efficiency_project/scripts/Simulation/DF-06-01 LoRA+OFT INT8/output/videos/task_09_trial_038.mp4,2026-07-28T21:52:32.474325+00:00,2026-07-28T21:52:45.158213+00:00
task_09_trial_039,df_06_01_lora_oft_int8_libero10_seed42_best_step100000,DF-04-03 LoRA+OFT INT8 Language Model,bitsandbytes,llm_int8,True,9,KITCHEN_SCENE6_put_the_yellow_and_white_mug_in_the_microwave_and_close_it,put the yellow and white mug in the microwave and close it,39,39,9081,True,False,success,233,233,11.49626,30,240,233,29,191.9112199296554,195.10282035917044,24.709599132573654,12.516358227752821,14.292955771088598,317.9129458342989,333.3924850448966,40.93299731772089,24.430167970305845,9.24957799911499,9.787109375,0,0,0,0,0,0,0,0,,,,,/root/autodl-tmp/openvla_efficiency_project/scripts/Simulation/DF-06-01 LoRA+OFT INT8/output/videos/task_09_trial_039.mp4,2026-07-28T21:52:45.160134+00:00,2026-07-28T21:52:56.657094+00:00
task_09_trial_040,df_06_01_lora_oft_int8_libero10_seed42_best_step100000,DF-04-03 LoRA+OFT INT8 Language Model,bitsandbytes,llm_int8,True,9,KITCHEN_SCENE6_put_the_yellow_and_white_mug_in_the_microwave_and_close_it,put the yellow and white mug in the microwave and close it,40,40,9082,True,False,success,261,261,12.534666,33,264,261,32,193.5250283303586,202.32900120317936,24.468681742918903,12.592193866826566,14.442326501011848,321.77725592345905,337.53363601863384,40.684480634000565,24.579396969474562,9.249577522277832,9.787109375,0,0,0,0,0,0,0,0,,,,,/root/autodl-tmp/openvla_efficiency_project/scripts/Simulation/DF-06-01 LoRA+OFT INT8/output/videos/task_09_trial_040.mp4,2026-07-28T21:52:56.659026+00:00,2026-07-28T21:53:09.194385+00:00
task_09_trial_041,df_06_01_lora_oft_int8_libero10_seed42_best_step100000,DF-04-03 LoRA+OFT INT8 Language Model,bitsandbytes,llm_int8,True,9,KITCHEN_SCENE6_put_the_yellow_and_white_mug_in_the_microwave_and_close_it,put the yellow and white mug in the microwave and close it,41,41,9083,True,False,success,270,270,13.051701,34,272,270,33,198.32473357810693,206.1285932548344,24.97422570983569,12.920724365998197,17.967831250280128,330.9604820302304,351.1651387438178,41.676505144547534,23.994334374527764,9.249577522277832,9.787109375,0,0,0,0,0,0,0,0,,,,,/root/autodl-tmp/openvla_efficiency_project/scripts/Simulation/DF-06-01 LoRA+OFT INT8/output/videos/task_09_trial_041.mp4,2026-07-28T21:53:09.196250+00:00,2026-07-28T21:53:22.248808+00:00
task_09_trial_042,df_06_01_lora_oft_int8_libero10_seed42_best_step100000,DF-04-03 LoRA+OFT INT8 Language Model,bitsandbytes,llm_int8,True,9,KITCHEN_SCENE6_put_the_yellow_and_white_mug_in_the_microwave_and_close_it,put the yellow and white mug in the microwave and close it,42,42,9084,True,False,success,262,262,12.912352,33,264,262,32,196.77770487738377,204.5984197407961,24.784978095242995,12.988778542130047,19.591533578932285,329.8591628219142,343.5667794197798,41.54714646230217,24.069041682738682,9.249577522277832,9.787109375,0,0,0,0,0,0,0,0,,,,,/root/autodl-tmp/openvla_efficiency_project/scripts/Simulation/DF-06-01 LoRA+OFT INT8/output/videos/task_09_trial_042.mp4,2026-07-28T21:53:22.250873+00:00,2026-07-28T21:53:35.163996+00:00
task_09_trial_043,df_06_01_lora_oft_int8_libero10_seed42_best_step100000,DF-04-03 LoRA+OFT INT8 Language Model,bitsandbytes,llm_int8,True,9,KITCHEN_SCENE6_put_the_yellow_and_white_mug_in_the_microwave_and_close_it,put the yellow and white mug in the microwave and close it,43,43,9085,True,False,success,227,227,11.540764,29,232,227,28,200.0238906335214,204.68144938349724,25.553712900317713,12.630187623235622,14.720602333545683,328.2369061148372,340.402589738369,41.93334923934044,23.84736774285213,9.24957799911499,9.787109375,0,0,0,0,0,0,0,0,,,,,/root/autodl-tmp/openvla_efficiency_project/scripts/Simulation/DF-06-01 LoRA+OFT INT8/output/videos/task_09_trial_043.mp4,2026-07-28T21:53:35.166166+00:00,2026-07-28T21:53:46.707607+00:00
task_09_trial_044,df_06_01_lora_oft_int8_libero10_seed42_best_step100000,DF-04-03 LoRA+OFT INT8 Language Model,bitsandbytes,llm_int8,True,9,KITCHEN_SCENE6_put_the_yellow_and_white_mug_in_the_microwave_and_close_it,put the yellow and white mug in the microwave and close it,44,44,9086,True,False,success,268,268,13.202183,34,272,268,33,202.4410893483197,208.7500000372529,25.68282476807041,12.420252007223777,14.632126037031405,330.4865173995495,345.0508311390877,41.927393998450306,23.850754951213073,9.249577522277832,9.787109375,0,0,0,0,0,0,0,0,,,,,/root/autodl-tmp/openvla_efficiency_project/scripts/Simulation/DF-06-01 LoRA+OFT INT8/output/videos/task_09_trial_044.mp4,2026-07-28T21:53:46.709417+00:00,2026-07-28T21:53:59.912307+00:00
task_09_trial_045,df_06_01_lora_oft_int8_libero10_seed42_best_step100000,DF-04-03 LoRA+OFT INT8 Language Model,bitsandbytes,llm_int8,True,9,KITCHEN_SCENE6_put_the_yellow_and_white_mug_in_the_microwave_and_close_it,put the yellow and white mug in the microwave and close it,45,45,9087,True,False,success,407,407,18.769858,51,408,407,50,194.57415330643747,202.06248108297586,24.38152780989757,13.520893853624564,17.224088311195374,331.9417670661328,356.68964590877295,41.594668600424505,24.041542669961178,9.24957799911499,9.787109375,0,0,0,0,0,0,0,0,,,,,/root/autodl-tmp/openvla_efficiency_project/scripts/Simulation/DF-06-01 LoRA+OFT INT8/output/videos/task_09_trial_045.mp4,2026-07-28T21:53:59.914605+00:00,2026-07-28T21:54:18.685292+00:00
task_09_trial_046,df_06_01_lora_oft_int8_libero10_seed42_best_step100000,DF-04-03 LoRA+OFT INT8 Language Model,bitsandbytes,llm_int8,True,9,KITCHEN_SCENE6_put_the_yellow_and_white_mug_in_the_microwave_and_close_it,put the yellow and white mug in the microwave and close it,46,46,9088,True,False,success,234,234,12.362412,30,240,234,29,204.19849728544554,259.9949418567121,26.179294523775066,12.919107125674048,17.25372951477766,336.07639856636524,413.15095042809844,43.08671776491862,23.209008526850564,9.24957799911499,9.787109375,0,0,0,0,0,0,0,0,,,,,/root/autodl-tmp/openvla_efficiency_project/scripts/Simulation/DF-06-01 LoRA+OFT INT8/output/videos/task_09_trial_046.mp4,2026-07-28T21:54:18.687268+00:00,2026-07-28T21:54:31.050424+00:00
task_09_trial_047,df_06_01_lora_oft_int8_libero10_seed42_best_step100000,DF-04-03 LoRA+OFT INT8 Language Model,bitsandbytes,llm_int8,True,9,KITCHEN_SCENE6_put_the_yellow_and_white_mug_in_the_microwave_and_close_it,put the yellow and white mug in the microwave and close it,47,47,9089,True,False,success,296,296,14.693881,37,296,296,36,206.61377544338637,258.47065672278404,25.826721930423297,13.55951963420454,19.234878942370415,345.7221257424838,428.70179675519455,43.215265717810475,23.13997110488357,9.249577522277832,9.787109375,0,0,0,0,0,0,0,0,,,,,/root/autodl-tmp/openvla_efficiency_project/scripts/Simulation/DF-06-01 LoRA+OFT INT8/output/videos/task_09_trial_047.mp4,2026-07-28T21:54:31.052113+00:00,2026-07-28T21:54:45.746687+00:00
task_09_trial_048,df_06_01_lora_oft_int8_libero10_seed42_best_step100000,DF-04-03 LoRA+OFT INT8 Language Model,bitsandbytes,llm_int8,True,9,KITCHEN_SCENE6_put_the_yellow_and_white_mug_in_the_microwave_and_close_it,put the yellow and white mug in the microwave and close it,48,48,9090,True,False,success,260,260,12.636844,33,264,260,32,194.92537979826784,198.96964989602566,24.74052897439553,12.63782589051586,14.824393298476929,323.64848848770964,336.489487811923,41.078462000363146,24.34365726718687,9.24957799911499,9.787109375,0,0,0,0,0,0,0,0,,,,,/root/autodl-tmp/openvla_efficiency_project/scripts/Simulation/DF-06-01 LoRA+OFT INT8/output/videos/task_09_trial_048.mp4,2026-07-28T21:54:45.748739+00:00,2026-07-28T21:54:58.386365+00:00
task_09_trial_049,df_06_01_lora_oft_int8_libero10_seed42_best_step100000,DF-04-03 LoRA+OFT INT8 Language Model,bitsandbytes,llm_int8,True,9,KITCHEN_SCENE6_put_the_yellow_and_white_mug_in_the_microwave_and_close_it,put the yellow and white mug in the microwave and close it,49,49,9091,True,False,success,237,237,11.626507,30,240,237,29,195.83786794294915,204.1540464386344,24.78960353708217,12.63847142332214,14.347746968269348,324.8001134643952,334.6250190399587,41.11393841321458,24.322651601739675,9.249577522277832,9.787109375,0,0,0,0,0,0,0,0,,,,,/root/autodl-tmp/openvla_efficiency_project/scripts/Simulation/DF-06-01 LoRA+OFT INT8/output/videos/task_09_trial_049.mp4,2026-07-28T21:54:58.388857+00:00,2026-07-28T21:55:10.016084+00:00
