{
  "libero_spatial_no_noops": {
    "action": {
      "mean": [
        0.15312471985816956,
        0.13707205653190613,
        -0.15526767075061798,
        -0.005176454316824675,
        -0.011208713985979557,
        -0.020194251090288162,
        0.4578818082809448
      ],
      "std": [
        0.41272732615470886,
        0.34724363684654236,
        0.5086911916732788,
        0.03726629912853241,
        0.07244456559419632,
        0.05762359872460365,
        0.4982799291610718
      ],
      "max": [
        0.9375,
        0.9375,
        0.9375,
        0.1971428543329239,
        0.33642858266830444,
        0.375,
        1.0
      ],
      "min": [
        -0.9375,
        -0.9375,
        -0.9375,
        -0.1875,
        -0.3675000071525574,
        -0.36000001430511475,
        0.0
      ],
      "q01": [
        -0.7454732114076613,
        -0.6616071462631226,
        -0.9375,
        -0.1071428582072258,
        -0.20678570866584778,
        -0.1842857152223587,
        0.0
      ],
      "q99": [
        0.9375,
        0.8758928775787354,
        0.9321428537368774,
        0.1039285734295845,
        0.17678570747375488,
        0.14571428298950195,
        1.0
      ],
      "mask": [
        true,
        true,
        true,
        true,
        true,
        true,
        false
      ]
    },
    "proprio": {
      "mean": [
        0.0,
        0.0,
        0.0,
        0.0,
        0.0,
        0.0,
        0.0
      ],
      "std": [
        0.0,
        0.0,
        0.0,
        0.0,
        0.0,
        0.0,
        0.0
      ],
      "max": [
        0.0,
        0.0,
        0.0,
        0.0,
        0.0,
        0.0,
        0.0
      ],
      "min": [
        0.0,
        0.0,
        0.0,
        0.0,
        0.0,
        0.0,
        0.0
      ],
      "q01": [
        0.0,
        0.0,
        0.0,
        0.0,
        0.0,
        0.0,
        0.0
      ],
      "q99": [
        0.0,
        0.0,
        0.0,
        0.0,
        0.0,
        0.0,
        0.0
      ]
    },
    "num_transitions": 52970,
    "num_trajectories": 432
  },
  "libero_object_no_noops": {
    "action": {
      "mean": [
        0.07096543908119202,
        0.13498835265636444,
        -0.04601389914751053,
        0.0012352054473012686,
        0.006998827680945396,
        -0.015027611516416073,
        0.46428999304771423
      ],
      "std": [
        0.2681243121623993,
        0.43846845626831055,
        0.44749772548675537,
        0.024446310475468636,
        0.049355845898389816,
        0.04210730269551277,
        0.49879151582717896
      ],
      "max": [
        0.9375,
        0.8919642567634583,
        0.9375,
        0.17678570747375488,
        0.35035714507102966,
        0.1810714304447174,
        1.0
      ],
      "min": [
        -0.8839285969734192,
        -0.9375,
        -0.9375,
        -0.15000000596046448,
        -0.29035714268684387,
        -0.32892856001853943,
        0.0
      ],
      "q01": [
        -0.5383928418159485,
        -0.8758928775787354,
        -0.9375,
        -0.06964285671710968,
        -0.11678571254014969,
        -0.15964286029338837,
        0.0
      ],
      "q99": [
        0.8464285731315613,
        0.84375,
        0.9375,
        0.08142857253551483,
        0.14892856776714325,
        0.0867857113480568,
        1.0
      ],
      "mask": [
        true,
        true,
        true,
        true,
        true,
        true,
        false
      ]
    },
    "proprio": {
      "mean": [
        0.0,
        0.0,
        0.0,
        0.0,
        0.0,
        0.0,
        0.0
      ],
      "std": [
        0.0,
        0.0,
        0.0,
        0.0,
        0.0,
        0.0,
        0.0
      ],
      "max": [
        0.0,
        0.0,
        0.0,
        0.0,
        0.0,
        0.0,
        0.0
      ],
      "min": [
        0.0,
        0.0,
        0.0,
        0.0,
        0.0,
        0.0,
        0.0
      ],
      "q01": [
        0.0,
        0.0,
        0.0,
        0.0,
        0.0,
        0.0,
        0.0
      ],
      "q99": [
        0.0,
        0.0,
        0.0,
        0.0,
        0.0,
        0.0,
        0.0
      ]
    },
    "num_transitions": 66984,
    "num_trajectories": 454
  },
  "libero_goal_no_noops": {
    "action": {
      "mean": [
        0.0472109280526638,
        0.028835413977503777,
        -0.14858445525169373,
        -0.0025010029785335064,
        0.026408182457089424,
        0.027379799634218216,
        0.6299911737442017
      ],
      "std": [
        0.3968803286552429,
        0.3473381996154785,
        0.4923992455005646,
        0.05533258616924286,
        0.07844745367765427,
        0.10008712857961655,
        0.48269861936569214
      ],
      "max": [
        0.9375,
        0.9375,
        0.9375,
        0.3557142913341522,
        0.375,
        0.375,
        1.0
      ],
      "min": [
        -0.9375,
        -0.9375,
        -0.9375,
        -0.2582142949104309,
        -0.375,
        -0.2871428430080414,
        0.0
      ],
      "q01": [
        -0.8785714507102966,
        -0.7553571462631226,
        -0.9375,
        -0.1510714292526245,
        -0.1639285683631897,
        -0.13777500048279764,
        0.0
      ],
      "q99": [
        0.9375,
        0.9107142686843872,
        0.9375,
        0.20357142388820648,
        0.26357144117355347,
        0.375,
        1.0
      ],
      "mask": [
        true,
        true,
        true,
        true,
        true,
        true,
        false
      ]
    },
    "proprio": {
      "mean": [
        0.0,
        0.0,
        0.0,
        0.0,
        0.0,
        0.0,
        0.0
      ],
      "std": [
        0.0,
        0.0,
        0.0,
        0.0,
        0.0,
        0.0,
        0.0
      ],
      "max": [
        0.0,
        0.0,
        0.0,
        0.0,
        0.0,
        0.0,
        0.0
      ],
      "min": [
        0.0,
        0.0,
        0.0,
        0.0,
        0.0,
        0.0,
        0.0
      ],
      "q01": [
        0.0,
        0.0,
        0.0,
        0.0,
        0.0,
        0.0,
        0.0
      ],
      "q99": [
        0.0,
        0.0,
        0.0,
        0.0,
        0.0,
        0.0,
        0.0
      ]
    },
    "num_transitions": 52042,
    "num_trajectories": 428
  },
  "libero_10_no_noops": {
    "action": {
      "mean": [
        0.018203217536211014,
        0.058584000915288925,
        -0.05592348799109459,
        0.004626926500350237,
        0.0028960779309272766,
        -0.007673143409192562,
        0.5457824468612671
      ],
      "std": [
        0.28254494071006775,
        0.3590463101863861,
        0.36737969517707825,
        0.03770715743303299,
        0.05429629236459732,
        0.0872524306178093,
        0.4981536567211151
      ],
      "max": [
        0.9375,
        0.9375,
        0.9375,
        0.30000001192092896,
        0.29357144236564636,
        0.375,
        1.0
      ],
      "min": [
        -0.9375,
        -0.9375,
        -0.9375,
        -0.23642857372760773,
        -0.3053571283817291,
        -0.3675000071525574,
        0.0
      ],
      "q01": [
        -0.6348214149475098,
        -0.7741071581840515,
        -0.7633928656578064,
        -0.09749999642372131,
        -0.14819999992847435,
        -0.2742857038974762,
        0.0
      ],
      "q99": [
        0.7714285850524902,
        0.8464285731315613,
        0.9375,
        0.13928571343421936,
        0.15964286029338837,
        0.3246428668498993,
        1.0
      ],
      "mask": [
        true,
        true,
        true,
        true,
        true,
        true,
        false
      ]
    },
    "proprio": {
      "mean": [
        0.0,
        0.0,
        0.0,
        0.0,
        0.0,
        0.0,
        0.0
      ],
      "std": [
        0.0,
        0.0,
        0.0,
        0.0,
        0.0,
        0.0,
        0.0
      ],